id,first_name,last_name,email,age,gender,country,city,traffic_source,created_at
1,Donna,Hernandez,donna.hernandez537@example.com,47,F,South Korea,Incheon,Search,2024-03-14 21:04:37
2,Jessica,Jackson,jessica.jackson928@example.com,51,F,United States,Phoenix,Email,2022-10-27 08:40:39
3,Lisa,Moore,lisa.moore651@example.com,46,F,Spain,Valencia,Email,2023-09-25 19:17:35
4,Jennifer,Garcia,jennifer.garcia576@example.com,36,F,Australia,Brisbane,Organic,2022-05-03 13:28:16
5,Charles,Williams,charles.williams340@example.com,29,M,United States,San Francisco,Search,2024-10-08 15:00:18
6,Anthony,Garcia,anthony.garcia826@example.com,68,M,United States,Houston,Search,2022-07-24 04:52:20
7,Jessica,Jones,jessica.jones195@example.com,23,F,Japan,Nagoya,Display,2022-09-19 04:57:58
8,Jessica,Jackson,jessica.jackson483@example.com,45,F,United States,San Francisco,Search,2024-10-22 20:19:08
9,Lisa,Smith,lisa.smith350@example.com,38,F,United States,Houston,Organic,2022-05-14 08:11:17
10,Andrew,Moore,andrew.moore98@example.com,34,M,China,Shanghai,Search,2023-08-22 14:48:22
11,Ashley,Anderson,ashley.anderson277@example.com,37,F,Poland,Łódź,Search,2023-09-22 03:54:40
12,Stephanie,Williams,stephanie.williams187@example.com,28,F,United Kingdom,Manchester,Organic,2022-08-28 21:48:49
13,John,Anderson,john.anderson91@example.com,40,M,Brazil,Rio de Janeiro,Organic,2023-03-03 17:49:39
14,Amanda,Lopez,amanda.lopez757@example.com,38,F,Mexico,Guadalajara,Search,2024-05-10 12:31:34
15,Mary,Smith,mary.smith710@example.com,67,F,China,Shenzhen,Search,2024-02-19 02:21:52
16,Anthony,Jones,anthony.jones863@example.com,47,M,China,Chengdu,Search,2023-10-05 18:33:16
17,Joshua,Miller,joshua.miller31@example.com,41,M,Brazil,Brasília,Search,2023-08-19 14:58:03
18,Elizabeth,Jones,elizabeth.jones467@example.com,41,F,United States,Miami,Search,2023-02-07 05:22:28
19,Steven,Lopez,steven.lopez660@example.com,57,M,United States,Seattle,Facebook,2023-11-14 19:17:03
20,Robert,Wilson,robert.wilson492@example.com,23,M,Germany,Cologne,Search,2022-01-21 00:59:25
21,Kenneth,Brown,kenneth.brown26@example.com,32,M,United States,New York,Organic,2022-03-18 23:20:07
22,Michael,Williams,michael.williams450@example.com,18,M,Germany,Munich,Facebook,2024-05-07 03:37:41
23,Michelle,Anderson,michelle.anderson125@example.com,41,F,United States,Miami,Facebook,2022-07-10 20:51:35
24,Donna,Martinez,donna.martinez19@example.com,45,F,Brazil,São Paulo,Facebook,2024-02-25 14:21:51
25,Joshua,Garcia,joshua.garcia730@example.com,23,M,United States,Phoenix,Display,2022-01-18 17:08:40
26,Amanda,Garcia,amanda.garcia96@example.com,52,F,United Kingdom,Birmingham,Search,2022-10-15 00:09:46
27,Linda,Smith,linda.smith299@example.com,26,F,Spain,Bilbao,Search,2024-10-24 06:33:25
28,Matthew,Jackson,matthew.jackson990@example.com,30,M,Brazil,Curitiba,Search,2022-10-18 20:29:34
29,Mary,Moore,mary.moore947@example.com,36,F,United States,Los Angeles,Search,2024-12-12 02:15:58
30,Matthew,Lopez,matthew.lopez42@example.com,54,M,United States,Chicago,Display,2022-10-25 06:42:19
31,Linda,Miller,linda.miller401@example.com,24,F,Australia,Perth,Facebook,2023-11-28 11:25:51
32,Ashley,Jones,ashley.jones349@example.com,38,F,United States,Los Angeles,Email,2024-01-05 02:37:54
33,Melissa,Miller,melissa.miller621@example.com,44,F,Japan,Kyoto,Display,2023-11-25 22:30:37
34,Thomas,Martin,thomas.martin690@example.com,41,M,United States,Boston,Email,2022-11-19 02:58:44
35,Karen,Johnson,karen.johnson76@example.com,42,F,United States,Boston,Organic,2024-04-10 21:39:41
36,John,Moore,john.moore424@example.com,44,M,Spain,Bilbao,Email,2022-12-06 20:19:59
37,Thomas,Miller,thomas.miller280@example.com,28,M,China,Shanghai,Organic,2024-06-10 14:53:09
38,Joseph,Garcia,joseph.garcia981@example.com,55,M,United States,Los Angeles,Search,2023-02-17 09:32:49
39,Jennifer,Moore,jennifer.moore292@example.com,33,F,Austria,Vienna,Organic,2024-07-05 11:32:32
40,Kenneth,Lee,kenneth.lee33@example.com,32,M,United States,Miami,Display,2024-12-09 07:41:27
41,Karen,Lee,karen.lee623@example.com,51,F,Brazil,São Paulo,Email,2024-04-06 14:58:10
42,Sarah,Garcia,sarah.garcia873@example.com,27,F,Brazil,Brasília,Organic,2023-05-19 19:23:10
43,Matthew,Lopez,matthew.lopez821@example.com,38,M,China,Chengdu,Email,2023-04-09 01:44:55
44,Kenneth,Garcia,kenneth.garcia135@example.com,26,M,Australia,Brisbane,Organic,2023-02-18 05:25:27
45,Kenneth,Brown,kenneth.brown742@example.com,65,M,United States,Boston,Facebook,2023-01-20 14:11:10
46,Donna,Davis,donna.davis205@example.com,62,F,Poland,Kraków,Organic,2023-05-30 16:12:13
47,Lisa,Johnson,lisa.johnson145@example.com,33,F,Germany,Munich,Search,2023-06-16 22:20:25
48,Daniel,Brown,daniel.brown528@example.com,41,M,Austria,Salzburg,Organic,2024-02-27 12:40:05
49,Margaret,Lopez,margaret.lopez804@example.com,35,F,Australia,Brisbane,Email,2024-09-01 03:52:57
50,Matthew,Anderson,matthew.anderson870@example.com,30,M,Poland,Warsaw,Display,2024-08-25 15:23:33
51,Michelle,Garcia,michelle.garcia618@example.com,36,F,France,Toulouse,Search,2023-10-24 15:11:23
52,Jennifer,Lopez,jennifer.lopez414@example.com,34,F,Brazil,Salvador,Search,2024-12-20 22:16:18
53,Jennifer,Taylor,jennifer.taylor585@example.com,18,F,China,Chengdu,Search,2024-09-05 11:59:02
54,Melissa,Jackson,melissa.jackson293@example.com,38,F,Germany,Berlin,Email,2023-06-17 05:46:04
55,Susan,Lopez,susan.lopez136@example.com,34,F,Brazil,São Paulo,Organic,2023-05-19 20:33:32
56,Paul,Jones,paul.jones401@example.com,38,M,Spain,Seville,Facebook,2022-01-26 15:50:33
57,Charles,Thomas,charles.thomas169@example.com,34,M,United States,Miami,Search,2022-12-28 16:35:18
58,Mark,Brown,mark.brown95@example.com,30,M,South Korea,Daegu,Search,2023-02-24 06:10:09
59,Susan,Williams,susan.williams746@example.com,45,F,United States,Houston,Display,2024-05-03 02:33:14
60,Jessica,Davis,jessica.davis837@example.com,41,F,Austria,Salzburg,Facebook,2022-10-15 12:05:09
61,Margaret,Miller,margaret.miller748@example.com,51,F,United States,San Francisco,Search,2023-12-19 20:48:16
62,Mary,Williams,mary.williams914@example.com,40,F,United States,Boston,Search,2022-12-19 17:09:07
63,Paul,Johnson,paul.johnson484@example.com,32,M,Australia,Melbourne,Search,2023-02-02 21:13:09
64,Nancy,Martin,nancy.martin675@example.com,42,F,Australia,Perth,Search,2022-03-17 12:16:18
65,Paul,Anderson,paul.anderson203@example.com,18,M,Spain,Madrid,Search,2023-07-22 19:16:31
66,James,Thomas,james.thomas444@example.com,60,M,Austria,Linz,Facebook,2022-04-17 10:40:39
67,Rebecca,Johnson,rebecca.johnson101@example.com,38,F,United States,Miami,Search,2022-08-14 08:58:11
68,Susan,Taylor,susan.taylor613@example.com,61,F,South Korea,Busan,Organic,2023-07-04 10:18:12
69,Stephanie,Davis,stephanie.davis436@example.com,24,F,Brazil,São Paulo,Organic,2024-01-30 22:09:11
70,Daniel,Thomas,daniel.thomas551@example.com,21,M,United Kingdom,Edinburgh,Organic,2023-03-19 12:07:35
71,Emily,Martinez,emily.martinez853@example.com,39,F,China,Shanghai,Organic,2022-10-04 01:48:24
72,Richard,Jones,richard.jones52@example.com,39,M,United States,Phoenix,Email,2024-09-09 11:47:29
73,Elizabeth,Garcia,elizabeth.garcia445@example.com,39,F,United Kingdom,London,Search,2023-01-18 18:04:14
74,Stephanie,Williams,stephanie.williams394@example.com,37,F,Japan,Kyoto,Email,2022-12-18 09:34:12
75,Kevin,Moore,kevin.moore739@example.com,27,M,United States,Denver,Search,2022-03-16 14:09:22
76,Charles,Rodriguez,charles.rodriguez656@example.com,18,M,Poland,Łódź,Search,2023-01-21 08:57:03
77,Mark,Taylor,mark.taylor720@example.com,38,M,United Kingdom,Manchester,Search,2022-08-29 18:11:42
78,Amanda,Moore,amanda.moore847@example.com,19,F,United States,Houston,Facebook,2023-01-23 13:12:15
79,Kenneth,Brown,kenneth.brown298@example.com,18,M,Germany,Berlin,Organic,2022-08-02 09:30:48
80,Susan,Miller,susan.miller359@example.com,30,F,United States,San Francisco,Email,2022-08-04 07:18:57
81,Nancy,Williams,nancy.williams347@example.com,40,F,United States,New York,Search,2024-03-16 03:51:34
82,Ashley,Smith,ashley.smith818@example.com,58,F,Germany,Munich,Facebook,2023-06-04 12:32:40
83,Kevin,Lee,kevin.lee464@example.com,46,M,United States,New York,Search,2024-01-31 10:36:48
84,Margaret,Anderson,margaret.anderson756@example.com,52,F,United States,Chicago,Search,2023-09-24 13:08:05
85,Mark,Martinez,mark.martinez245@example.com,42,M,Spain,Madrid,Facebook,2023-08-13 06:25:09
86,Stephanie,Jones,stephanie.jones928@example.com,39,F,United States,Boston,Search,2023-05-26 18:58:20
87,Nancy,Lopez,nancy.lopez483@example.com,65,F,Australia,Perth,Organic,2023-02-28 19:50:42
88,Linda,Hernandez,linda.hernandez988@example.com,19,F,Australia,Adelaide,Facebook,2022-10-14 21:23:35
89,Linda,Jones,linda.jones446@example.com,30,F,United States,Seattle,Facebook,2024-08-31 21:46:36
90,David,Smith,david.smith42@example.com,30,M,United Kingdom,Birmingham,Facebook,2023-03-24 23:41:10
91,Donna,Martinez,donna.martinez263@example.com,45,F,United States,Los Angeles,Search,2024-08-26 01:42:37
92,Anthony,Hernandez,anthony.hernandez437@example.com,23,M,France,Nice,Search,2024-04-21 02:25:43
93,Thomas,Taylor,thomas.taylor133@example.com,44,M,United States,Boston,Organic,2023-10-23 02:30:30
94,Charles,Davis,charles.davis773@example.com,41,M,Austria,Graz,Search,2024-07-11 22:11:06
95,Charles,Johnson,charles.johnson348@example.com,44,M,United States,Chicago,Organic,2023-12-22 10:52:28
96,Robert,Jackson,robert.jackson822@example.com,44,M,Germany,Munich,Organic,2024-06-12 06:55:52
97,Anthony,Rodriguez,anthony.rodriguez963@example.com,53,M,United States,Houston,Organic,2024-05-22 02:43:28
98,Paul,Thomas,paul.thomas83@example.com,34,M,United States,Boston,Organic,2023-12-09 08:03:02
99,Rebecca,Smith,rebecca.smith279@example.com,41,F,China,Shanghai,Search,2024-03-02 10:31:33
100,Patricia,Smith,patricia.smith606@example.com,26,F,United Kingdom,Leeds,Search,2024-06-14 06:09:43
101,Kenneth,Smith,kenneth.smith864@example.com,23,M,Mexico,Puebla,Search,2022-09-04 06:24:39
102,Anthony,Taylor,anthony.taylor897@example.com,56,M,United States,Miami,Search,2024-08-17 21:14:40
103,David,Jones,david.jones195@example.com,25,M,United States,Los Angeles,Email,2023-07-06 04:19:09
104,Margaret,Taylor,margaret.taylor227@example.com,42,F,Brazil,Brasília,Search,2022-05-14 22:19:00
105,Andrew,Martin,andrew.martin199@example.com,41,M,Brazil,Rio de Janeiro,Search,2022-06-16 07:33:41
106,Anthony,Anderson,anthony.anderson347@example.com,49,M,Belgium,Antwerp,Email,2024-04-01 12:45:12
107,Anthony,Lee,anthony.lee611@example.com,18,M,Poland,Warsaw,Organic,2024-06-05 06:31:43
108,David,Martin,david.martin395@example.com,45,M,Belgium,Brussels,Search,2023-12-18 05:50:50
109,Michael,Thomas,michael.thomas725@example.com,34,M,United States,New York,Email,2023-12-17 15:59:59
110,Donna,Moore,donna.moore394@example.com,27,F,Brazil,Curitiba,Facebook,2024-08-05 20:19:36
111,Linda,Wilson,linda.wilson589@example.com,31,F,Japan,Kyoto,Display,2024-12-08 02:31:01
112,Rebecca,Jones,rebecca.jones561@example.com,47,F,United States,Chicago,Email,2024-06-29 20:12:28
113,Patricia,Williams,patricia.williams253@example.com,43,F,Germany,Frankfurt,Facebook,2022-05-30 11:28:28
114,Susan,Davis,susan.davis61@example.com,33,F,United States,Phoenix,Search,2024-05-28 14:51:41
115,William,Martinez,william.martinez221@example.com,21,M,United States,Houston,Organic,2023-07-13 14:40:52
116,Jessica,Miller,jessica.miller778@example.com,22,F,Colombia,Bogotá,Search,2024-05-24 08:45:19
117,Sarah,Williams,sarah.williams746@example.com,44,F,United States,Houston,Organic,2024-03-03 18:59:30
118,Kenneth,Hernandez,kenneth.hernandez123@example.com,19,M,Austria,Linz,Display,2024-01-13 05:36:54
119,Karen,Martinez,karen.martinez384@example.com,33,F,United States,Seattle,Search,2024-08-07 17:45:23
120,Kenneth,Lee,kenneth.lee812@example.com,67,M,United States,Houston,Email,2022-06-15 14:15:51
121,Amanda,Lee,amanda.lee806@example.com,40,F,United States,Seattle,Organic,2024-07-23 11:17:32
122,Jessica,Wilson,jessica.wilson18@example.com,43,F,United States,Miami,Search,2023-01-16 10:13:37
123,Susan,Jackson,susan.jackson785@example.com,22,F,China,Chengdu,Email,2022-08-10 04:32:44
124,Emily,Miller,emily.miller786@example.com,20,F,United States,San Francisco,Organic,2024-02-28 13:45:04
125,Patricia,Lee,patricia.lee117@example.com,44,F,France,Lyon,Organic,2024-12-11 15:23:39
126,Karen,Martin,karen.martin355@example.com,31,F,Colombia,Bogotá,Organic,2022-04-07 04:59:03
127,Elizabeth,Williams,elizabeth.williams54@example.com,49,F,Brazil,São Paulo,Search,2024-12-10 13:41:18
128,Kevin,Thomas,kevin.thomas655@example.com,36,M,United States,New York,Search,2023-01-11 03:15:04
129,Patricia,Martinez,patricia.martinez861@example.com,77,F,Brazil,Brasília,Facebook,2024-11-27 02:51:40
130,Amanda,Garcia,amanda.garcia179@example.com,29,F,Australia,Melbourne,Email,2022-02-23 22:42:42
131,Kenneth,Rodriguez,kenneth.rodriguez352@example.com,39,M,France,Lyon,Facebook,2023-11-03 21:44:40
132,Daniel,Martin,daniel.martin536@example.com,25,M,United States,Miami,Email,2023-08-09 05:11:24
133,Margaret,Martin,margaret.martin72@example.com,48,F,United Kingdom,Manchester,Email,2024-06-29 23:15:30
134,James,Miller,james.miller299@example.com,41,M,China,Chengdu,Search,2023-06-01 16:11:52
135,Mark,Martinez,mark.martinez217@example.com,24,M,United States,Los Angeles,Email,2022-03-25 06:09:47
136,Andrew,Hernandez,andrew.hernandez4@example.com,32,M,United States,Houston,Email,2022-07-21 08:24:07
137,Kenneth,Thomas,kenneth.thomas667@example.com,52,M,Mexico,Mexico City,Organic,2022-10-07 17:29:59
138,John,Martinez,john.martinez724@example.com,51,M,United States,San Francisco,Organic,2024-08-12 03:32:48
139,Elizabeth,Davis,elizabeth.davis81@example.com,19,F,United States,Los Angeles,Facebook,2022-04-11 17:39:08
140,James,Martin,james.martin131@example.com,30,M,United States,Chicago,Display,2024-07-07 16:56:19
141,Karen,Davis,karen.davis71@example.com,58,F,United Kingdom,Leeds,Display,2023-07-08 14:08:08
142,Amanda,Garcia,amanda.garcia938@example.com,34,F,China,Chengdu,Organic,2023-09-11 23:41:22
143,Daniel,Miller,daniel.miller569@example.com,38,M,United States,San Francisco,Email,2024-11-22 09:06:30
144,Charles,Miller,charles.miller543@example.com,48,M,Brazil,Curitiba,Organic,2024-04-19 23:32:35
145,Sarah,Lopez,sarah.lopez87@example.com,20,F,Germany,Frankfurt,Email,2023-12-12 20:12:26
146,Joshua,Anderson,joshua.anderson2@example.com,24,M,United States,Miami,Facebook,2024-06-21 13:37:22
147,Richard,Williams,richard.williams927@example.com,32,M,Poland,Wrocław,Display,2023-05-21 01:42:20
148,Elizabeth,Jackson,elizabeth.jackson944@example.com,50,F,United States,New York,Display,2024-10-16 11:57:08
149,Amanda,Garcia,amanda.garcia544@example.com,48,F,United States,Chicago,Organic,2024-05-18 03:43:23
150,Nancy,Williams,nancy.williams133@example.com,44,F,Austria,Graz,Display,2024-12-05 19:29:26
151,Robert,Anderson,robert.anderson30@example.com,34,M,Australia,Perth,Facebook,2023-08-26 14:50:07
152,Stephanie,Jones,stephanie.jones833@example.com,49,F,United States,Boston,Search,2023-12-05 16:48:17
153,Amanda,Taylor,amanda.taylor528@example.com,34,F,South Korea,Seoul,Search,2023-05-17 02:58:50
154,Paul,Martin,paul.martin329@example.com,43,M,United Kingdom,Manchester,Facebook,2024-10-09 21:50:41
155,Jennifer,Anderson,jennifer.anderson13@example.com,47,F,United States,Chicago,Search,2023-11-21 02:44:40
156,Daniel,Taylor,daniel.taylor567@example.com,56,M,South Korea,Daegu,Search,2022-06-23 13:59:21
157,Thomas,Martinez,thomas.martinez877@example.com,35,M,Japan,Nagoya,Facebook,2023-07-15 10:07:19
158,Karen,Miller,karen.miller835@example.com,31,F,United States,Boston,Search,2022-05-26 19:45:17
159,Kenneth,Wilson,kenneth.wilson730@example.com,51,M,France,Toulouse,Organic,2023-12-04 11:48:29
160,Joseph,Davis,joseph.davis51@example.com,52,M,Brazil,Salvador,Email,2024-02-05 20:37:34
161,Donna,Jackson,donna.jackson756@example.com,29,F,United States,Phoenix,Search,2024-05-28 21:18:03
162,Amanda,Martinez,amanda.martinez679@example.com,22,F,Austria,Linz,Facebook,2022-06-17 23:31:55
163,Jennifer,Martinez,jennifer.martinez838@example.com,50,F,United Kingdom,London,Search,2023-05-22 08:21:30
164,Jennifer,Anderson,jennifer.anderson149@example.com,18,F,France,Marseille,Email,2023-01-24 01:08:57
165,Stephanie,Brown,stephanie.brown861@example.com,18,F,France,Lyon,Organic,2023-03-31 10:45:30
166,Mark,Lopez,mark.lopez715@example.com,32,M,United Kingdom,Edinburgh,Email,2024-10-25 23:27:28
167,Robert,Taylor,robert.taylor764@example.com,36,M,United States,Houston,Facebook,2023-09-04 17:43:49
168,James,Taylor,james.taylor161@example.com,22,M,Mexico,Guadalajara,Email,2023-05-01 09:42:30
169,Daniel,Jones,daniel.jones854@example.com,37,M,France,Marseille,Organic,2024-09-17 16:55:31
170,Michelle,Johnson,michelle.johnson22@example.com,38,F,Germany,Cologne,Organic,2023-08-06 10:37:05
171,Steven,Brown,steven.brown223@example.com,29,M,China,Chengdu,Search,2023-04-09 03:58:27
172,David,Moore,david.moore156@example.com,59,M,United States,Phoenix,Organic,2023-08-15 14:13:55
173,Daniel,Garcia,daniel.garcia232@example.com,40,M,United States,Boston,Organic,2024-07-17 06:51:45
174,Joshua,Johnson,joshua.johnson625@example.com,48,M,Brazil,Salvador,Facebook,2023-05-11 19:24:37
175,Melissa,Lopez,melissa.lopez924@example.com,18,F,United States,Denver,Search,2023-11-07 19:02:24
176,Joseph,Jackson,joseph.jackson984@example.com,18,M,Germany,Cologne,Organic,2022-07-15 17:12:43
177,Kenneth,Jones,kenneth.jones109@example.com,40,M,Colombia,Medellín,Organic,2022-01-14 13:47:49
178,Michael,Smith,michael.smith969@example.com,57,M,United States,San Francisco,Facebook,2022-03-15 17:11:09
179,Sarah,Williams,sarah.williams109@example.com,22,F,United States,Chicago,Facebook,2023-06-06 10:36:12
180,Patricia,Williams,patricia.williams745@example.com,36,F,Germany,Munich,Organic,2024-02-26 16:45:53
181,Emily,Jones,emily.jones184@example.com,20,F,United States,Phoenix,Organic,2022-08-19 12:52:15
182,David,Brown,david.brown823@example.com,26,M,Poland,Warsaw,Organic,2024-10-29 14:34:34
183,Paul,Wilson,paul.wilson349@example.com,37,M,Brazil,Rio de Janeiro,Email,2022-06-14 15:37:40
184,Patricia,Jones,patricia.jones873@example.com,29,F,United States,Denver,Email,2024-02-02 11:03:33
185,Jessica,Hernandez,jessica.hernandez541@example.com,19,F,United States,Los Angeles,Search,2022-09-14 17:01:39
186,Sarah,Rodriguez,sarah.rodriguez528@example.com,19,F,Poland,Łódź,Search,2022-03-06 17:37:13
187,Patricia,Anderson,patricia.anderson440@example.com,18,F,United States,Miami,Facebook,2024-02-20 02:22:49
188,Amanda,Anderson,amanda.anderson229@example.com,40,F,Germany,Munich,Email,2023-11-18 23:37:04
189,Mark,Lopez,mark.lopez515@example.com,42,M,United States,Phoenix,Search,2024-10-27 21:20:50
190,Andrew,Jackson,andrew.jackson660@example.com,42,M,United States,Denver,Organic,2023-08-11 20:30:00
191,Amanda,Brown,amanda.brown140@example.com,24,F,Colombia,Barranquilla,Organic,2024-07-10 06:06:31
192,Joseph,Hernandez,joseph.hernandez142@example.com,47,M,United States,Boston,Email,2023-06-27 07:39:26
193,Melissa,Davis,melissa.davis427@example.com,43,F,United States,Seattle,Search,2023-01-18 05:05:21
194,Patricia,Hernandez,patricia.hernandez831@example.com,35,F,China,Chengdu,Email,2023-03-03 03:35:52
195,Melissa,Williams,melissa.williams353@example.com,33,F,Colombia,Medellín,Facebook,2023-01-13 13:25:12
196,Emily,Miller,emily.miller412@example.com,27,F,United States,Seattle,Email,2024-08-28 19:00:15
197,Amanda,Martin,amanda.martin958@example.com,37,F,United States,Seattle,Display,2023-07-14 22:02:54
198,Lisa,Moore,lisa.moore266@example.com,54,F,Mexico,Puebla,Organic,2024-10-18 00:53:50
199,Linda,Rodriguez,linda.rodriguez366@example.com,48,F,Germany,Munich,Facebook,2022-10-03 02:52:09
200,Jennifer,Williams,jennifer.williams842@example.com,31,F,Colombia,Barranquilla,Facebook,2024-04-17 01:25:31
201,Joshua,Wilson,joshua.wilson518@example.com,41,M,Japan,Kyoto,Email,2022-05-07 10:13:17
202,Amanda,Miller,amanda.miller111@example.com,21,F,Spain,Madrid,Organic,2022-11-12 14:32:27
203,Nancy,Miller,nancy.miller215@example.com,43,F,Brazil,Salvador,Search,2022-02-06 13:00:29
204,Kevin,Johnson,kevin.johnson973@example.com,25,M,United States,Boston,Display,2024-09-27 16:20:53
205,David,Garcia,david.garcia809@example.com,43,M,Spain,Valencia,Search,2022-11-23 16:27:34
206,Patricia,Jones,patricia.jones949@example.com,70,F,Spain,Valencia,Display,2024-06-15 22:52:39
207,Susan,Smith,susan.smith480@example.com,28,F,Austria,Salzburg,Search,2023-04-12 01:23:34
208,Paul,Lopez,paul.lopez608@example.com,70,M,United Kingdom,Edinburgh,Organic,2022-05-16 19:24:53
209,Andrew,Lee,andrew.lee138@example.com,40,M,United States,Phoenix,Display,2023-01-12 08:47:07
210,Anthony,Williams,anthony.williams711@example.com,26,M,China,Guangzhou,Facebook,2023-01-10 03:17:09
211,Andrew,Johnson,andrew.johnson569@example.com,25,M,France,Toulouse,Facebook,2023-07-12 06:27:55
212,Sarah,Williams,sarah.williams38@example.com,63,F,Brazil,Salvador,Organic,2022-12-25 17:29:02
213,Joshua,Hernandez,joshua.hernandez846@example.com,40,M,Australia,Perth,Search,2024-01-11 10:28:15
214,Anthony,Moore,anthony.moore437@example.com,28,M,France,Lyon,Search,2024-03-10 09:37:45
215,Jennifer,Miller,jennifer.miller992@example.com,32,F,United States,Houston,Facebook,2022-06-20 03:07:43
216,Robert,Williams,robert.williams883@example.com,40,M,United Kingdom,London,Organic,2023-07-28 16:03:15
217,David,Johnson,david.johnson420@example.com,34,M,France,Nice,Search,2023-09-26 16:27:00
218,Mary,Wilson,mary.wilson12@example.com,39,F,Poland,Kraków,Organic,2022-10-20 05:43:36
219,Linda,Davis,linda.davis147@example.com,56,F,Brazil,Salvador,Display,2024-04-25 01:42:15
220,Ashley,Davis,ashley.davis291@example.com,21,F,United Kingdom,Leeds,Email,2022-09-10 17:16:57
221,Donna,Jones,donna.jones297@example.com,42,F,China,Guangzhou,Organic,2024-08-12 07:05:20
222,Anthony,Jackson,anthony.jackson354@example.com,34,M,United Kingdom,Edinburgh,Display,2023-05-16 23:13:57
223,Donna,Davis,donna.davis954@example.com,29,F,United States,Denver,Organic,2023-02-05 18:29:36
224,Lisa,Thomas,lisa.thomas674@example.com,47,F,Belgium,Brussels,Organic,2023-12-31 05:21:02
225,Emily,Thomas,emily.thomas191@example.com,18,F,Poland,Wrocław,Organic,2023-11-10 13:20:40
226,Karen,Johnson,karen.johnson704@example.com,18,F,United Kingdom,Manchester,Email,2023-07-12 01:19:03
227,Lisa,Jones,lisa.jones57@example.com,37,F,United Kingdom,Leeds,Search,2024-01-22 21:28:35
228,Sarah,Jackson,sarah.jackson66@example.com,33,F,United States,Seattle,Search,2022-10-13 19:57:38
229,Mark,Jackson,mark.jackson644@example.com,18,M,France,Paris,Display,2024-06-04 15:49:49
230,Linda,Rodriguez,linda.rodriguez218@example.com,18,F,Brazil,Rio de Janeiro,Facebook,2023-11-10 21:12:27
231,Andrew,Brown,andrew.brown437@example.com,58,M,Spain,Bilbao,Email,2022-08-22 05:04:26
232,Amanda,Garcia,amanda.garcia824@example.com,40,F,United States,Los Angeles,Facebook,2024-12-29 19:24:55
233,Karen,Martin,karen.martin388@example.com,35,F,Spain,Barcelona,Facebook,2024-08-05 15:31:36
234,Sarah,Anderson,sarah.anderson192@example.com,61,F,United States,New York,Search,2022-07-13 10:51:17
235,Melissa,Johnson,melissa.johnson998@example.com,47,F,Germany,Berlin,Email,2024-05-09 01:26:19
236,Richard,Thomas,richard.thomas286@example.com,56,M,France,Toulouse,Search,2023-08-02 14:20:27
237,Elizabeth,Williams,elizabeth.williams658@example.com,20,F,United States,Denver,Search,2024-04-22 16:15:14
238,Sarah,Miller,sarah.miller162@example.com,20,F,China,Shenzhen,Display,2023-02-16 08:14:35
239,Andrew,Martinez,andrew.martinez162@example.com,42,M,South Korea,Busan,Search,2022-09-25 14:49:21
240,Mark,Davis,mark.davis753@example.com,39,M,France,Nice,Search,2022-08-28 03:58:09
241,Matthew,Anderson,matthew.anderson897@example.com,49,M,United States,Houston,Organic,2022-03-14 06:44:18
242,Nancy,Brown,nancy.brown28@example.com,18,F,China,Beijing,Email,2024-08-16 15:56:08
243,Elizabeth,Jackson,elizabeth.jackson974@example.com,43,F,United States,San Francisco,Display,2022-12-09 06:37:09
244,Sarah,Lopez,sarah.lopez302@example.com,46,F,Germany,Berlin,Search,2024-11-14 18:12:31
245,Steven,Miller,steven.miller985@example.com,46,M,France,Lyon,Organic,2023-01-19 11:08:42
246,Donna,Lee,donna.lee532@example.com,30,F,United States,Miami,Facebook,2024-08-20 12:05:12
247,Kenneth,Martinez,kenneth.martinez765@example.com,41,M,France,Toulouse,Facebook,2023-01-16 06:47:47
248,Michelle,Rodriguez,michelle.rodriguez7@example.com,25,F,Spain,Bilbao,Search,2024-04-10 12:10:42
249,Paul,Smith,paul.smith158@example.com,31,M,Japan,Yokohama,Organic,2022-04-11 11:30:27
250,Lisa,Lee,lisa.lee953@example.com,22,F,United States,Houston,Facebook,2024-11-10 19:11:03
251,Rebecca,Moore,rebecca.moore165@example.com,25,F,United States,Miami,Search,2023-11-08 10:33:16
252,Karen,Brown,karen.brown868@example.com,32,F,Brazil,Curitiba,Email,2024-04-01 13:37:05
253,Amanda,Martin,amanda.martin119@example.com,29,F,United States,Seattle,Search,2022-01-30 01:36:43
254,Paul,Taylor,paul.taylor647@example.com,25,M,Brazil,Salvador,Email,2024-11-22 05:30:31
255,Richard,Rodriguez,richard.rodriguez372@example.com,19,M,United States,San Francisco,Facebook,2023-06-28 08:24:35
256,Matthew,Martin,matthew.martin439@example.com,58,M,United States,Boston,Facebook,2022-08-20 22:27:22
257,Kenneth,Lopez,kenneth.lopez710@example.com,28,M,Germany,Munich,Email,2022-06-17 07:57:57
258,Karen,Anderson,karen.anderson155@example.com,38,F,United States,Phoenix,Search,2022-04-06 09:24:48
259,Jessica,Brown,jessica.brown344@example.com,18,F,Spain,Barcelona,Search,2024-01-07 04:31:28
260,Michelle,Williams,michelle.williams553@example.com,51,F,United States,Los Angeles,Organic,2022-08-22 02:27:05
261,Ashley,Hernandez,ashley.hernandez360@example.com,37,F,United Kingdom,Leeds,Email,2024-10-14 03:45:26
262,Sarah,Miller,sarah.miller239@example.com,29,F,Brazil,São Paulo,Email,2022-09-07 08:16:24
263,Amanda,Lee,amanda.lee44@example.com,29,F,Australia,Melbourne,Organic,2022-04-08 05:12:32
264,Daniel,Johnson,daniel.johnson637@example.com,45,M,Australia,Perth,Email,2024-05-01 15:01:11
265,Thomas,Taylor,thomas.taylor62@example.com,18,M,Brazil,Rio de Janeiro,Search,2023-07-23 04:15:34
266,Ashley,Wilson,ashley.wilson146@example.com,25,F,France,Nice,Search,2024-06-28 11:19:47
267,Melissa,Jackson,melissa.jackson238@example.com,33,F,United States,New York,Search,2024-03-05 22:24:34
268,Michael,Lee,michael.lee716@example.com,33,M,France,Marseille,Display,2022-07-12 22:42:06
269,Jessica,Jackson,jessica.jackson122@example.com,65,F,United States,New York,Organic,2023-04-01 06:56:11
270,Susan,Davis,susan.davis323@example.com,30,F,China,Shanghai,Organic,2024-10-07 07:02:22
271,Charles,Anderson,charles.anderson74@example.com,46,M,United States,Miami,Facebook,2024-01-13 10:16:28
272,Kenneth,Brown,kenneth.brown501@example.com,56,M,Belgium,Brussels,Search,2023-11-11 21:43:14
273,Michelle,Martinez,michelle.martinez181@example.com,43,F,China,Chengdu,Search,2022-07-14 02:26:39
274,Linda,Garcia,linda.garcia162@example.com,26,F,France,Marseille,Search,2023-08-09 18:08:34
275,Mark,Garcia,mark.garcia320@example.com,19,M,Brazil,Brasília,Search,2022-07-01 13:04:47
276,Emily,Lopez,emily.lopez256@example.com,43,F,United States,Boston,Organic,2024-01-06 04:43:14
277,Richard,Williams,richard.williams49@example.com,54,M,United States,Houston,Search,2022-09-01 06:30:07
278,Karen,Lopez,karen.lopez450@example.com,41,F,Poland,Kraków,Email,2022-11-12 11:30:29
279,David,Rodriguez,david.rodriguez502@example.com,49,M,Australia,Brisbane,Email,2023-09-21 02:19:54
280,Sarah,Jones,sarah.jones458@example.com,66,F,United States,Seattle,Display,2022-01-28 19:47:51
281,Charles,Lopez,charles.lopez442@example.com,45,M,Japan,Nagoya,Search,2024-02-05 23:53:35
282,Kevin,Taylor,kevin.taylor998@example.com,21,M,Brazil,Brasília,Organic,2023-04-30 01:06:22
283,Linda,Wilson,linda.wilson275@example.com,35,F,United States,Chicago,Search,2023-07-15 22:24:47
284,Kenneth,Johnson,kenneth.johnson335@example.com,51,M,United Kingdom,Edinburgh,Search,2024-03-24 23:08:36
285,Anthony,Lopez,anthony.lopez510@example.com,32,M,United States,San Francisco,Facebook,2024-04-23 13:56:21
286,Steven,Wilson,steven.wilson85@example.com,53,M,United States,Denver,Organic,2024-10-02 22:07:56
287,Amanda,Anderson,amanda.anderson987@example.com,34,F,Spain,Valencia,Facebook,2022-07-16 21:51:10
288,Ashley,Rodriguez,ashley.rodriguez524@example.com,39,F,United States,Los Angeles,Email,2023-04-16 23:07:41
289,Margaret,Johnson,margaret.johnson696@example.com,30,F,Belgium,Charleroi,Search,2022-04-15 10:45:34
290,Charles,Williams,charles.williams322@example.com,36,M,Germany,Frankfurt,Display,2022-10-16 16:39:40
291,Richard,Miller,richard.miller691@example.com,37,M,South Korea,Busan,Search,2023-08-28 02:17:30
292,Joshua,Wilson,joshua.wilson877@example.com,18,M,France,Nice,Display,2022-05-24 18:26:44
293,Emily,Thomas,emily.thomas578@example.com,29,F,Colombia,Bogotá,Facebook,2023-05-03 23:41:29
294,Patricia,Anderson,patricia.anderson210@example.com,20,F,Brazil,Curitiba,Search,2024-10-21 08:47:28
295,Nancy,Miller,nancy.miller683@example.com,30,F,United Kingdom,Birmingham,Organic,2022-03-19 15:34:19
296,Sarah,Rodriguez,sarah.rodriguez854@example.com,25,F,United Kingdom,Birmingham,Search,2022-09-10 21:14:11
297,Joshua,Smith,joshua.smith693@example.com,47,M,Belgium,Brussels,Email,2022-11-06 10:48:54
298,Lisa,Taylor,lisa.taylor663@example.com,47,F,United States,Los Angeles,Search,2024-09-24 14:57:07
299,Elizabeth,Davis,elizabeth.davis463@example.com,41,F,United Kingdom,Leeds,Email,2024-03-15 04:50:42
300,Robert,Hernandez,robert.hernandez188@example.com,19,M,Japan,Kyoto,Organic,2022-07-21 05:06:46
301,Mark,Rodriguez,mark.rodriguez718@example.com,33,M,Brazil,São Paulo,Display,2024-02-07 08:38:27
302,Daniel,Garcia,daniel.garcia405@example.com,18,M,Colombia,Cali,Search,2022-01-20 20:31:42
303,Robert,Brown,robert.brown231@example.com,33,M,Brazil,Salvador,Facebook,2024-05-23 22:35:32
304,Mark,Lee,mark.lee492@example.com,42,M,United States,Chicago,Email,2022-09-03 12:30:36
305,Kenneth,Williams,kenneth.williams23@example.com,46,M,France,Toulouse,Search,2024-02-19 11:52:21
306,Sarah,Martin,sarah.martin521@example.com,40,F,Brazil,Curitiba,Search,2023-06-24 14:30:32
307,Andrew,Williams,andrew.williams547@example.com,50,M,United States,Phoenix,Facebook,2024-03-14 04:27:06
308,Richard,Johnson,richard.johnson397@example.com,38,M,United States,Chicago,Facebook,2023-01-17 19:58:02
309,Stephanie,Martin,stephanie.martin703@example.com,32,F,United States,Boston,Email,2023-08-05 08:11:46
310,Jennifer,Martin,jennifer.martin584@example.com,45,F,Japan,Nagoya,Search,2024-09-20 22:54:03
311,Emily,Jackson,emily.jackson366@example.com,45,F,Belgium,Antwerp,Email,2024-05-29 00:39:33
312,Michael,Taylor,michael.taylor716@example.com,28,M,United Kingdom,Birmingham,Display,2023-08-20 20:49:17
313,Amanda,Martinez,amanda.martinez117@example.com,39,F,United States,Denver,Email,2024-10-07 06:44:01
314,Richard,Williams,richard.williams506@example.com,31,M,United Kingdom,London,Search,2022-05-09 22:58:55
315,Michael,Lopez,michael.lopez141@example.com,18,M,Colombia,Medellín,Search,2024-02-06 18:40:45
316,Stephanie,Hernandez,stephanie.hernandez602@example.com,40,F,Japan,Kyoto,Display,2023-11-16 17:43:28
317,Amanda,Thomas,amanda.thomas18@example.com,19,F,United States,Seattle,Facebook,2022-10-09 00:33:13
318,Ashley,Smith,ashley.smith858@example.com,38,F,United States,Seattle,Facebook,2023-03-02 21:31:23
319,Amanda,Johnson,amanda.johnson32@example.com,18,F,Belgium,Antwerp,Display,2023-03-21 07:27:12
320,Patricia,Lopez,patricia.lopez497@example.com,26,F,Colombia,Barranquilla,Search,2024-01-14 10:34:42
321,Thomas,Jackson,thomas.jackson665@example.com,29,M,United States,Seattle,Email,2023-11-16 00:33:50
322,Kevin,Martin,kevin.martin416@example.com,49,M,South Korea,Incheon,Facebook,2024-05-10 20:43:24
323,Daniel,Lopez,daniel.lopez215@example.com,28,M,United States,Boston,Email,2023-12-21 15:25:07
324,Kenneth,Davis,kenneth.davis248@example.com,22,M,United States,New York,Email,2024-12-15 04:17:31
325,Nancy,Martinez,nancy.martinez842@example.com,39,F,Japan,Yokohama,Organic,2024-06-27 16:17:58
326,Charles,Hernandez,charles.hernandez132@example.com,32,M,United Kingdom,Edinburgh,Search,2023-09-24 10:15:30
327,Jessica,Wilson,jessica.wilson710@example.com,44,F,Brazil,Salvador,Display,2022-01-21 07:14:01
328,Jennifer,Jones,jennifer.jones292@example.com,22,F,Belgium,Ghent,Email,2023-02-06 14:12:27
329,Melissa,Davis,melissa.davis13@example.com,37,F,South Korea,Busan,Organic,2022-05-20 19:27:28
330,Paul,Hernandez,paul.hernandez406@example.com,64,M,United States,Chicago,Display,2023-04-20 19:01:02
331,Mark,Jackson,mark.jackson95@example.com,32,M,France,Marseille,Organic,2024-12-23 14:30:39
332,Rebecca,Moore,rebecca.moore763@example.com,37,F,Japan,Nagoya,Organic,2023-03-17 20:53:57
333,Linda,Taylor,linda.taylor768@example.com,18,F,United Kingdom,Birmingham,Display,2024-06-14 00:04:01
334,Michelle,Jones,michelle.jones217@example.com,24,F,Mexico,Mexico City,Facebook,2023-05-09 08:07:15
335,Lisa,Rodriguez,lisa.rodriguez772@example.com,40,F,Germany,Hamburg,Email,2023-09-24 12:15:40
336,Ashley,Lopez,ashley.lopez701@example.com,31,F,United States,New York,Email,2022-02-02 21:56:30
337,John,Lee,john.lee675@example.com,42,M,United States,Boston,Organic,2024-01-23 22:21:32
338,Ashley,Davis,ashley.davis79@example.com,40,F,South Korea,Incheon,Search,2022-09-28 19:47:09
339,Michael,Martin,michael.martin128@example.com,19,M,Mexico,Mexico City,Email,2023-05-19 16:51:20
340,Rebecca,Thomas,rebecca.thomas159@example.com,47,F,United States,Seattle,Organic,2024-12-17 14:21:14
341,Jessica,Wilson,jessica.wilson817@example.com,20,F,United States,San Francisco,Facebook,2022-09-02 14:33:16
342,Patricia,Thomas,patricia.thomas326@example.com,25,F,Japan,Kyoto,Organic,2024-10-13 04:13:18
343,Mark,Taylor,mark.taylor529@example.com,37,M,United States,San Francisco,Search,2024-06-26 16:06:01
344,Kenneth,Anderson,kenneth.anderson469@example.com,53,M,United States,Boston,Search,2022-02-22 21:02:02
345,Susan,Anderson,susan.anderson998@example.com,22,F,Belgium,Charleroi,Facebook,2023-02-09 08:34:20
346,William,Davis,william.davis181@example.com,36,M,Australia,Melbourne,Email,2024-12-08 15:23:07
347,William,Rodriguez,william.rodriguez777@example.com,36,M,Belgium,Brussels,Organic,2023-05-13 03:13:29
348,Kenneth,Lopez,kenneth.lopez112@example.com,42,M,Germany,Cologne,Search,2024-05-17 04:33:19
349,John,Moore,john.moore976@example.com,49,M,United States,Seattle,Organic,2024-10-03 02:21:21
350,James,Anderson,james.anderson565@example.com,30,M,Belgium,Brussels,Email,2022-01-04 00:11:40
351,Ashley,Lee,ashley.lee264@example.com,47,F,United States,San Francisco,Search,2024-03-11 20:47:57
352,Paul,Anderson,paul.anderson412@example.com,50,M,United States,Los Angeles,Facebook,2024-09-27 05:49:20
353,Matthew,Rodriguez,matthew.rodriguez727@example.com,56,M,Belgium,Brussels,Facebook,2023-09-25 11:37:58
354,Kenneth,Lopez,kenneth.lopez416@example.com,41,M,Germany,Berlin,Organic,2024-11-17 14:30:12
355,William,Wilson,william.wilson68@example.com,36,M,Belgium,Antwerp,Facebook,2024-02-05 15:36:24
356,Joseph,Jackson,joseph.jackson308@example.com,29,M,United States,New York,Email,2023-11-20 11:45:38
357,Elizabeth,Garcia,elizabeth.garcia914@example.com,18,F,Austria,Salzburg,Search,2022-05-16 09:32:33
358,John,Jones,john.jones371@example.com,31,M,France,Marseille,Search,2024-05-13 05:17:10
359,Kenneth,Jones,kenneth.jones490@example.com,36,M,Germany,Hamburg,Search,2024-07-25 18:26:15
360,Andrew,Johnson,andrew.johnson184@example.com,33,M,Poland,Wrocław,Facebook,2022-12-31 02:55:54
361,Robert,Anderson,robert.anderson27@example.com,42,M,Brazil,Curitiba,Display,2022-06-23 01:37:25
362,Andrew,Lee,andrew.lee271@example.com,18,M,Spain,Bilbao,Facebook,2023-09-19 16:36:09
363,Thomas,Wilson,thomas.wilson867@example.com,32,M,Germany,Berlin,Display,2024-10-24 20:28:59
364,Jessica,Johnson,jessica.johnson542@example.com,58,F,Australia,Perth,Facebook,2024-03-12 01:07:57
365,Kenneth,Davis,kenneth.davis377@example.com,46,M,Belgium,Charleroi,Search,2024-06-06 10:47:31
366,Stephanie,Martin,stephanie.martin522@example.com,42,F,Germany,Berlin,Search,2023-09-07 13:56:10
367,Susan,Johnson,susan.johnson811@example.com,39,F,United States,Denver,Facebook,2023-04-03 09:18:02
368,Andrew,Wilson,andrew.wilson905@example.com,30,M,United States,Denver,Facebook,2022-11-30 13:01:16
369,Steven,Rodriguez,steven.rodriguez318@example.com,18,M,Austria,Salzburg,Organic,2024-06-03 02:37:01
370,Rebecca,Martin,rebecca.martin831@example.com,40,F,Austria,Graz,Organic,2023-12-12 20:58:59
371,Stephanie,Hernandez,stephanie.hernandez800@example.com,18,F,Austria,Vienna,Organic,2024-03-29 23:03:17
372,Anthony,Lopez,anthony.lopez8@example.com,31,M,United States,Miami,Organic,2024-07-07 01:38:57
373,David,Thomas,david.thomas893@example.com,34,M,Brazil,Salvador,Facebook,2024-12-08 10:09:56
374,Thomas,Moore,thomas.moore230@example.com,29,M,Japan,Yokohama,Facebook,2024-07-04 10:17:45
375,Andrew,Hernandez,andrew.hernandez765@example.com,61,M,Japan,Osaka,Email,2023-05-04 20:47:31
376,Michelle,Thomas,michelle.thomas886@example.com,56,F,United States,Los Angeles,Organic,2022-05-25 17:27:10
377,Steven,Moore,steven.moore573@example.com,47,M,France,Nice,Email,2023-09-05 09:37:03
378,Andrew,Hernandez,andrew.hernandez315@example.com,23,M,United States,San Francisco,Organic,2023-05-03 17:39:30
379,Jennifer,Thomas,jennifer.thomas854@example.com,58,F,China,Chengdu,Organic,2024-10-21 01:01:31
380,Richard,Davis,richard.davis477@example.com,42,M,United States,Boston,Email,2022-02-12 10:04:00
381,David,Davis,david.davis767@example.com,23,M,United States,Phoenix,Display,2024-07-26 10:57:19
382,Ashley,Smith,ashley.smith674@example.com,35,F,United States,Chicago,Display,2023-11-24 21:06:26
383,Charles,Anderson,charles.anderson321@example.com,46,M,Poland,Wrocław,Search,2022-03-18 22:41:21
384,Matthew,Garcia,matthew.garcia543@example.com,27,M,Japan,Yokohama,Search,2022-09-23 04:01:22
385,Daniel,Moore,daniel.moore201@example.com,36,M,Poland,Łódź,Email,2022-03-10 04:00:59
386,Jennifer,Lee,jennifer.lee5@example.com,38,F,China,Chengdu,Email,2024-10-15 17:43:30
387,Anthony,Jackson,anthony.jackson689@example.com,21,M,Brazil,Rio de Janeiro,Organic,2023-12-08 03:39:03
388,Thomas,Garcia,thomas.garcia207@example.com,31,M,Brazil,Rio de Janeiro,Search,2023-11-08 23:45:58
389,Joseph,Anderson,joseph.anderson519@example.com,22,M,France,Paris,Organic,2023-07-24 10:15:08
390,Thomas,Taylor,thomas.taylor101@example.com,45,M,Brazil,Rio de Janeiro,Search,2023-03-15 16:13:51
391,Elizabeth,Hernandez,elizabeth.hernandez654@example.com,24,F,Japan,Kyoto,Search,2022-07-07 11:53:35
392,Andrew,Hernandez,andrew.hernandez168@example.com,38,M,Australia,Brisbane,Facebook,2024-03-11 22:51:09
393,Donna,Rodriguez,donna.rodriguez249@example.com,18,F,Colombia,Bogotá,Search,2022-05-25 12:31:50
394,Melissa,Miller,melissa.miller148@example.com,21,F,United States,Denver,Facebook,2022-08-16 02:15:13
395,Mary,Lopez,mary.lopez916@example.com,20,F,United Kingdom,Birmingham,Facebook,2024-12-05 17:02:20
396,Paul,Lee,paul.lee622@example.com,31,M,United States,Phoenix,Organic,2022-04-11 02:49:40
397,Donna,Jones,donna.jones665@example.com,37,F,United States,Denver,Organic,2024-11-07 08:15:00
398,Michelle,Smith,michelle.smith406@example.com,39,F,Spain,Valencia,Display,2022-04-06 16:23:11
399,John,Johnson,john.johnson857@example.com,18,M,United Kingdom,Edinburgh,Facebook,2023-06-17 19:23:22
400,Donna,Lopez,donna.lopez67@example.com,32,F,Spain,Barcelona,Email,2023-10-01 04:07:10
401,Stephanie,Garcia,stephanie.garcia413@example.com,25,F,United States,Denver,Organic,2022-05-05 08:49:46
402,John,Martinez,john.martinez83@example.com,41,M,Mexico,Puebla,Facebook,2024-08-31 07:27:55
403,Stephanie,Lee,stephanie.lee696@example.com,31,F,Mexico,Puebla,Display,2024-11-14 03:37:12
404,Paul,Johnson,paul.johnson949@example.com,34,M,China,Chengdu,Search,2022-09-01 22:04:58
405,Karen,Brown,karen.brown765@example.com,26,F,Colombia,Cali,Search,2022-08-31 17:42:21
406,Karen,Jones,karen.jones155@example.com,55,F,United States,Seattle,Display,2024-04-12 06:04:17
407,Thomas,Martinez,thomas.martinez787@example.com,19,M,Spain,Seville,Organic,2023-02-11 22:17:16
408,Susan,Anderson,susan.anderson254@example.com,30,F,Colombia,Barranquilla,Search,2022-02-11 04:44:46
409,Paul,Brown,paul.brown348@example.com,36,M,Australia,Perth,Display,2024-04-01 10:50:18
410,Ashley,Williams,ashley.williams574@example.com,31,F,Australia,Perth,Search,2023-01-22 21:46:37
411,Patricia,Johnson,patricia.johnson453@example.com,25,F,China,Shanghai,Facebook,2023-03-22 20:41:46
412,Thomas,Moore,thomas.moore187@example.com,18,M,Australia,Adelaide,Email,2023-12-17 19:40:11
413,David,Smith,david.smith529@example.com,26,M,Spain,Seville,Email,2023-09-24 21:51:10
414,Mark,Wilson,mark.wilson198@example.com,23,M,United States,Los Angeles,Organic,2024-06-23 17:51:53
415,Robert,Lopez,robert.lopez717@example.com,55,M,United States,Chicago,Search,2024-05-23 18:07:45
416,Anthony,Williams,anthony.williams73@example.com,62,M,Japan,Osaka,Email,2024-10-29 19:04:47
417,Robert,Lopez,robert.lopez809@example.com,34,M,France,Lyon,Email,2024-10-02 08:10:26
418,Kevin,Garcia,kevin.garcia979@example.com,18,M,United Kingdom,Edinburgh,Search,2023-11-24 15:56:57
419,Anthony,Hernandez,anthony.hernandez746@example.com,43,M,Belgium,Antwerp,Organic,2023-09-02 09:56:12
420,Melissa,Williams,melissa.williams605@example.com,23,F,Germany,Hamburg,Organic,2023-05-22 15:04:43
421,Susan,Anderson,susan.anderson441@example.com,28,F,Brazil,Salvador,Search,2023-12-29 14:24:04
422,Amanda,Taylor,amanda.taylor529@example.com,27,F,Brazil,Rio de Janeiro,Email,2022-03-08 09:31:27
423,Anthony,Smith,anthony.smith512@example.com,28,M,France,Nice,Display,2023-03-17 14:43:24
424,Sarah,Hernandez,sarah.hernandez887@example.com,30,F,Japan,Yokohama,Organic,2022-10-29 20:01:12
425,Lisa,Wilson,lisa.wilson128@example.com,19,F,United Kingdom,Manchester,Display,2023-09-02 08:42:51
426,Andrew,Smith,andrew.smith594@example.com,26,M,China,Guangzhou,Email,2024-10-07 19:22:41
427,Charles,Thomas,charles.thomas549@example.com,47,M,Spain,Valencia,Facebook,2023-06-11 15:44:20
428,Lisa,Hernandez,lisa.hernandez263@example.com,34,F,Spain,Barcelona,Display,2023-10-01 06:31:16
429,Kevin,Miller,kevin.miller413@example.com,36,M,South Korea,Daejeon,Organic,2023-03-18 00:22:43
430,Michelle,Martinez,michelle.martinez472@example.com,18,F,United States,Houston,Display,2023-01-11 05:33:32
431,Nancy,Anderson,nancy.anderson35@example.com,46,F,Japan,Tokyo,Search,2024-01-16 17:16:07
432,Andrew,Wilson,andrew.wilson477@example.com,26,M,United Kingdom,Birmingham,Organic,2022-09-30 10:54:26
433,John,Taylor,john.taylor171@example.com,48,M,United States,San Francisco,Facebook,2024-08-20 13:25:05
434,Nancy,Smith,nancy.smith398@example.com,36,F,Germany,Berlin,Search,2022-05-05 10:54:24
435,Jennifer,Taylor,jennifer.taylor278@example.com,28,F,Spain,Seville,Facebook,2022-09-01 08:05:11
436,William,Smith,william.smith753@example.com,18,M,United Kingdom,Manchester,Organic,2024-04-03 00:10:43
437,Emily,Anderson,emily.anderson959@example.com,61,F,Australia,Sydney,Organic,2022-04-01 17:44:42
438,Linda,Miller,linda.miller110@example.com,44,F,United States,San Francisco,Facebook,2023-03-28 13:14:41
439,Nancy,Johnson,nancy.johnson257@example.com,45,F,United States,Los Angeles,Search,2023-02-18 16:30:18
440,Michelle,Anderson,michelle.anderson159@example.com,56,F,Brazil,Salvador,Search,2024-10-22 12:31:02
441,David,Lopez,david.lopez483@example.com,37,M,Brazil,São Paulo,Search,2022-06-23 21:41:19
442,Joshua,Anderson,joshua.anderson372@example.com,51,M,Spain,Valencia,Display,2023-05-13 13:24:51
443,Rebecca,Davis,rebecca.davis455@example.com,29,F,South Korea,Seoul,Email,2023-05-19 07:19:29
444,Steven,Garcia,steven.garcia72@example.com,43,M,Spain,Barcelona,Organic,2024-06-15 02:56:09
445,Michelle,Wilson,michelle.wilson870@example.com,27,F,United States,Boston,Facebook,2023-08-16 07:48:34
446,Linda,Jones,linda.jones986@example.com,28,F,Brazil,Salvador,Facebook,2022-05-23 14:38:41
447,Richard,Moore,richard.moore910@example.com,36,M,United States,San Francisco,Search,2024-08-11 03:19:58
448,Karen,Anderson,karen.anderson495@example.com,19,F,Germany,Berlin,Search,2022-06-15 05:51:08
449,Joseph,Lee,joseph.lee666@example.com,38,M,United States,Houston,Facebook,2024-02-01 00:06:31
450,Donna,Smith,donna.smith51@example.com,31,F,United Kingdom,Manchester,Search,2022-10-27 04:00:32
451,Andrew,Lopez,andrew.lopez610@example.com,18,M,Australia,Brisbane,Email,2022-07-29 09:38:48
452,Sarah,Lopez,sarah.lopez607@example.com,29,F,Germany,Munich,Search,2024-10-30 19:55:13
453,Nancy,Jackson,nancy.jackson734@example.com,30,F,United States,Boston,Facebook,2024-12-05 12:44:33
454,Robert,Rodriguez,robert.rodriguez780@example.com,45,M,United States,Seattle,Organic,2023-10-20 06:33:19
455,Karen,Martin,karen.martin1@example.com,38,F,Germany,Munich,Facebook,2024-06-03 21:57:54
456,Melissa,Jones,melissa.jones407@example.com,52,F,United Kingdom,London,Display,2024-09-15 15:07:27
457,Lisa,Jackson,lisa.jackson485@example.com,41,F,United States,San Francisco,Organic,2023-01-17 12:16:25
458,Jessica,Hernandez,jessica.hernandez480@example.com,28,F,Colombia,Medellín,Search,2024-04-09 13:19:12
459,Jessica,Martin,jessica.martin549@example.com,34,F,United Kingdom,Leeds,Facebook,2023-07-24 04:57:09
460,Kenneth,Jones,kenneth.jones700@example.com,30,M,China,Shenzhen,Search,2022-07-09 13:49:12
461,Emily,Garcia,emily.garcia586@example.com,40,F,United States,Seattle,Search,2023-08-07 21:45:37
462,Paul,Lopez,paul.lopez234@example.com,35,M,Brazil,Curitiba,Facebook,2022-02-20 05:47:56
463,Michelle,Lopez,michelle.lopez663@example.com,27,F,United States,San Francisco,Search,2023-10-27 21:27:14
464,Karen,Williams,karen.williams597@example.com,35,F,United States,Miami,Search,2022-10-12 19:40:03
465,Andrew,Anderson,andrew.anderson200@example.com,40,M,United Kingdom,Manchester,Organic,2022-04-24 11:02:53
466,Michael,Rodriguez,michael.rodriguez630@example.com,22,M,China,Chengdu,Organic,2024-02-12 07:17:50
467,Rebecca,Brown,rebecca.brown521@example.com,38,F,Belgium,Antwerp,Display,2023-01-18 03:11:55
468,Joshua,Hernandez,joshua.hernandez804@example.com,18,M,Austria,Linz,Search,2023-05-05 11:36:03
469,Rebecca,Anderson,rebecca.anderson392@example.com,48,F,United States,Boston,Organic,2022-04-05 02:14:06
470,Robert,Smith,robert.smith890@example.com,41,M,United States,Houston,Facebook,2022-03-29 12:21:14
471,Nancy,Martin,nancy.martin536@example.com,54,F,Australia,Sydney,Email,2024-10-03 09:02:02
472,Matthew,Wilson,matthew.wilson940@example.com,21,M,Mexico,Mexico City,Organic,2023-10-19 20:31:20
473,James,Garcia,james.garcia102@example.com,48,M,Colombia,Bogotá,Facebook,2023-03-18 18:46:04
474,Amanda,Taylor,amanda.taylor127@example.com,46,F,United States,New York,Facebook,2023-12-31 03:15:07
475,Margaret,Moore,margaret.moore218@example.com,32,F,United States,San Francisco,Organic,2024-03-07 02:00:28
476,Richard,Lee,richard.lee815@example.com,30,M,United States,Chicago,Search,2022-05-05 13:50:17
477,Michael,Taylor,michael.taylor506@example.com,21,M,South Korea,Seoul,Facebook,2024-10-05 07:19:04
478,Stephanie,Jones,stephanie.jones675@example.com,18,F,France,Paris,Search,2023-12-19 20:49:20
479,Sarah,Brown,sarah.brown20@example.com,25,F,United Kingdom,Manchester,Organic,2022-12-05 20:00:46
480,Kevin,Jones,kevin.jones370@example.com,19,M,United Kingdom,Manchester,Facebook,2022-10-22 07:27:18
481,Melissa,Jackson,melissa.jackson353@example.com,54,F,United States,Boston,Search,2022-04-07 04:40:36
482,Ashley,Miller,ashley.miller921@example.com,18,F,France,Toulouse,Search,2022-10-08 21:20:06
483,Donna,Miller,donna.miller105@example.com,36,F,United States,Miami,Organic,2023-01-04 03:45:46
484,Linda,Jackson,linda.jackson859@example.com,40,F,Germany,Frankfurt,Email,2022-08-22 06:44:32
485,Lisa,Jones,lisa.jones368@example.com,39,F,Spain,Bilbao,Email,2024-01-05 17:33:09
486,Thomas,Rodriguez,thomas.rodriguez773@example.com,40,M,Germany,Munich,Organic,2022-10-04 11:52:47
487,Linda,Garcia,linda.garcia291@example.com,46,F,United States,New York,Organic,2023-07-02 06:40:38
488,Sarah,Miller,sarah.miller58@example.com,29,F,South Korea,Incheon,Display,2023-09-04 19:33:53
489,Amanda,Lopez,amanda.lopez679@example.com,36,F,Spain,Madrid,Facebook,2022-03-24 01:46:47
490,Matthew,Thomas,matthew.thomas177@example.com,31,M,United States,Chicago,Facebook,2022-07-04 17:52:15
491,Kevin,Garcia,kevin.garcia148@example.com,50,M,United States,Miami,Search,2022-03-18 20:45:25
492,Stephanie,Smith,stephanie.smith917@example.com,60,F,France,Marseille,Search,2024-01-27 12:03:00
493,Michael,Wilson,michael.wilson227@example.com,20,M,United States,Seattle,Search,2024-02-06 00:28:44
494,Linda,Hernandez,linda.hernandez981@example.com,18,F,United States,San Francisco,Email,2022-05-22 15:12:28
495,Mark,Anderson,mark.anderson348@example.com,41,M,United States,San Francisco,Display,2024-03-17 12:24:41
496,Ashley,Martinez,ashley.martinez277@example.com,47,F,United States,Houston,Search,2024-06-07 09:30:14
497,Melissa,Taylor,melissa.taylor454@example.com,58,F,China,Beijing,Facebook,2022-04-30 21:51:52
498,John,Wilson,john.wilson277@example.com,43,M,France,Lyon,Email,2022-05-09 00:24:53
499,Richard,Taylor,richard.taylor926@example.com,51,M,United States,Miami,Email,2024-05-20 05:11:10
500,Margaret,Thomas,margaret.thomas610@example.com,54,F,Spain,Bilbao,Organic,2022-12-04 23:00:25
501,Michelle,Martinez,michelle.martinez742@example.com,52,F,United States,New York,Search,2023-01-14 09:17:37
502,Anthony,Miller,anthony.miller77@example.com,45,M,United States,San Francisco,Display,2023-10-07 07:24:01
503,Nancy,Lopez,nancy.lopez239@example.com,19,F,United States,Phoenix,Search,2022-03-16 16:32:10
504,Emily,Wilson,emily.wilson595@example.com,34,F,Australia,Brisbane,Search,2023-04-25 10:29:42
505,Kevin,Lopez,kevin.lopez486@example.com,38,M,Austria,Vienna,Search,2023-01-01 13:52:05
506,David,Hernandez,david.hernandez967@example.com,33,M,China,Shanghai,Organic,2024-06-19 21:18:29
507,Paul,Miller,paul.miller722@example.com,34,M,United States,Chicago,Search,2024-03-10 20:53:09
508,Kevin,Williams,kevin.williams297@example.com,53,M,United States,Los Angeles,Facebook,2022-11-10 21:52:42
509,William,Rodriguez,william.rodriguez454@example.com,25,M,United States,New York,Display,2023-12-20 01:51:07
510,Anthony,Jackson,anthony.jackson742@example.com,44,M,South Korea,Busan,Organic,2023-03-18 01:11:56
511,Linda,Thomas,linda.thomas409@example.com,38,F,United States,Seattle,Display,2023-06-12 05:03:16
512,Anthony,Taylor,anthony.taylor524@example.com,24,M,Austria,Salzburg,Display,2024-03-16 01:31:42
513,Margaret,Thomas,margaret.thomas798@example.com,22,F,France,Toulouse,Email,2022-11-03 05:16:20
514,John,Martin,john.martin287@example.com,18,M,United Kingdom,London,Facebook,2023-09-26 02:13:11
515,Mark,Jones,mark.jones100@example.com,40,M,South Korea,Busan,Email,2023-04-03 15:13:53
516,Jennifer,Thomas,jennifer.thomas412@example.com,34,F,United States,Houston,Facebook,2023-12-13 19:45:25
517,Sarah,Johnson,sarah.johnson219@example.com,25,F,Japan,Osaka,Search,2023-02-22 20:43:43
518,Joshua,Jones,joshua.jones550@example.com,18,M,United States,Boston,Display,2024-10-21 04:30:06
519,Andrew,Smith,andrew.smith852@example.com,40,M,South Korea,Daegu,Organic,2023-03-04 01:47:49
520,Daniel,Rodriguez,daniel.rodriguez761@example.com,32,M,United Kingdom,Birmingham,Display,2023-06-21 05:07:50
521,Ashley,Williams,ashley.williams728@example.com,26,F,United States,Phoenix,Organic,2022-09-19 08:43:54
522,Richard,Davis,richard.davis540@example.com,23,M,South Korea,Busan,Organic,2023-05-14 12:51:33
523,Steven,Williams,steven.williams887@example.com,32,M,United States,Phoenix,Email,2024-10-05 03:07:55
524,Mark,Smith,mark.smith924@example.com,40,M,United States,Seattle,Facebook,2022-04-23 04:52:58
525,Amanda,Martinez,amanda.martinez757@example.com,31,F,Australia,Adelaide,Organic,2022-02-16 14:56:43
526,Mary,Rodriguez,mary.rodriguez117@example.com,20,F,China,Shenzhen,Email,2022-11-14 17:39:22
527,Melissa,Rodriguez,melissa.rodriguez298@example.com,34,F,Belgium,Brussels,Organic,2023-04-23 06:42:43
528,Linda,Miller,linda.miller956@example.com,47,F,France,Nice,Search,2022-05-22 08:59:32
529,Matthew,Rodriguez,matthew.rodriguez73@example.com,35,M,France,Lyon,Facebook,2024-02-01 23:21:39
530,Kevin,Smith,kevin.smith550@example.com,35,M,United States,New York,Search,2023-10-22 07:05:18
531,Matthew,Martinez,matthew.martinez638@example.com,31,M,United States,San Francisco,Organic,2024-02-08 10:50:50
532,Karen,Moore,karen.moore392@example.com,24,F,Austria,Salzburg,Search,2023-04-08 23:34:43
533,Emily,Williams,emily.williams703@example.com,23,F,United States,Chicago,Search,2024-10-16 00:39:34
534,Mary,Williams,mary.williams76@example.com,18,F,United Kingdom,Manchester,Display,2024-01-06 18:12:27
535,Karen,Taylor,karen.taylor219@example.com,49,F,United States,Chicago,Search,2024-10-05 01:45:52
536,Rebecca,Hernandez,rebecca.hernandez296@example.com,40,F,United States,Denver,Email,2022-04-06 22:12:43
537,Linda,Garcia,linda.garcia171@example.com,35,F,France,Nice,Facebook,2024-01-01 17:53:48
538,Andrew,Taylor,andrew.taylor438@example.com,38,M,Australia,Adelaide,Search,2023-01-13 16:12:37
539,Richard,Miller,richard.miller468@example.com,39,M,Japan,Osaka,Display,2022-07-31 03:36:02
540,David,Wilson,david.wilson936@example.com,26,M,Colombia,Barranquilla,Search,2022-07-17 11:38:37
541,Lisa,Lopez,lisa.lopez485@example.com,31,F,United States,Houston,Organic,2022-08-04 05:02:38
542,William,Brown,william.brown755@example.com,29,M,China,Chengdu,Email,2022-04-11 20:03:54
543,Linda,Taylor,linda.taylor88@example.com,65,F,United States,Boston,Email,2023-05-13 14:21:19
544,Donna,Wilson,donna.wilson59@example.com,47,F,Japan,Yokohama,Organic,2024-04-26 22:10:52
545,Sarah,Jones,sarah.jones395@example.com,37,F,United States,Boston,Email,2023-05-23 13:19:10
546,Thomas,Taylor,thomas.taylor328@example.com,51,M,United Kingdom,London,Display,2022-05-24 09:00:51
547,William,Wilson,william.wilson922@example.com,49,M,United States,Seattle,Organic,2024-02-14 08:07:53
548,Andrew,Jackson,andrew.jackson491@example.com,18,M,Australia,Sydney,Facebook,2022-07-11 12:45:50
549,Elizabeth,Moore,elizabeth.moore487@example.com,32,F,Australia,Perth,Organic,2024-08-09 09:29:05
550,Emily,Miller,emily.miller849@example.com,34,F,Colombia,Medellín,Organic,2023-02-06 14:55:04
551,Susan,Martin,susan.martin864@example.com,42,F,United States,Boston,Organic,2022-01-02 10:32:35
552,Richard,Smith,richard.smith775@example.com,32,M,Mexico,Guadalajara,Search,2022-11-17 13:48:22
553,Joshua,Miller,joshua.miller438@example.com,33,M,United States,Miami,Facebook,2024-06-30 12:40:29
554,David,Wilson,david.wilson216@example.com,29,M,United States,Houston,Search,2024-10-04 04:50:06
555,Lisa,Hernandez,lisa.hernandez36@example.com,47,F,United States,New York,Search,2023-04-07 23:27:42
556,Karen,Jones,karen.jones51@example.com,18,F,United States,Miami,Organic,2024-12-18 13:37:41
557,Robert,Brown,robert.brown814@example.com,29,M,United Kingdom,Manchester,Search,2022-09-11 19:26:38
558,Karen,Taylor,karen.taylor133@example.com,18,F,United States,Miami,Facebook,2023-04-08 12:41:25
559,Steven,Jackson,steven.jackson414@example.com,22,M,Brazil,Brasília,Organic,2023-05-17 22:48:27
560,Melissa,Anderson,melissa.anderson503@example.com,38,F,Germany,Cologne,Search,2022-08-09 05:49:24
561,Michael,Hernandez,michael.hernandez555@example.com,39,M,South Korea,Busan,Search,2023-02-24 12:16:17
562,Charles,Taylor,charles.taylor90@example.com,31,M,Spain,Valencia,Search,2023-06-30 10:22:30
563,Patricia,Jones,patricia.jones523@example.com,48,F,France,Toulouse,Facebook,2024-02-05 23:01:19
564,Robert,Lee,robert.lee250@example.com,51,M,United States,Miami,Search,2023-06-27 18:10:15
565,Richard,Williams,richard.williams341@example.com,34,M,Australia,Sydney,Facebook,2022-04-24 06:26:57
566,Steven,Lopez,steven.lopez820@example.com,38,M,United States,Miami,Facebook,2023-05-26 07:29:43
567,Matthew,Miller,matthew.miller460@example.com,29,M,United States,Phoenix,Organic,2024-07-18 02:14:14
568,Amanda,Martin,amanda.martin402@example.com,42,F,United States,Boston,Search,2022-01-23 06:26:09
569,Jennifer,Jones,jennifer.jones17@example.com,20,F,Germany,Frankfurt,Organic,2024-12-28 23:00:34
570,Linda,Wilson,linda.wilson995@example.com,56,F,Brazil,Salvador,Organic,2022-05-21 13:44:46
571,Thomas,Brown,thomas.brown593@example.com,48,M,Germany,Munich,Organic,2022-01-10 23:26:41
572,Susan,Brown,susan.brown755@example.com,20,F,United States,Chicago,Display,2022-06-04 09:42:20
573,Kevin,Rodriguez,kevin.rodriguez433@example.com,25,M,China,Guangzhou,Search,2022-10-02 00:33:15
574,Anthony,Taylor,anthony.taylor265@example.com,40,M,China,Shanghai,Search,2023-01-21 04:16:54
575,Daniel,Garcia,daniel.garcia273@example.com,30,M,United States,San Francisco,Email,2024-06-27 10:09:41
576,Linda,Anderson,linda.anderson8@example.com,41,F,China,Chengdu,Display,2023-09-28 23:06:18
577,Nancy,Lopez,nancy.lopez887@example.com,30,F,Germany,Cologne,Organic,2023-12-01 08:25:09
578,Jessica,Lee,jessica.lee527@example.com,53,F,United Kingdom,Leeds,Organic,2024-08-19 05:43:40
579,Patricia,Miller,patricia.miller352@example.com,35,F,United States,Phoenix,Search,2022-05-24 23:37:15
580,Lisa,Jones,lisa.jones705@example.com,64,F,Germany,Cologne,Email,2022-09-02 13:48:02
581,Emily,Martin,emily.martin130@example.com,42,F,United States,New York,Facebook,2024-11-26 03:01:36
582,Elizabeth,Miller,elizabeth.miller469@example.com,18,F,United States,Miami,Organic,2024-04-24 11:08:15
583,Paul,Jones,paul.jones436@example.com,60,M,United States,Los Angeles,Organic,2022-03-06 20:10:00
584,Michael,Moore,michael.moore905@example.com,48,M,China,Guangzhou,Organic,2022-09-05 16:44:33
585,Mark,Moore,mark.moore797@example.com,39,M,United States,Houston,Facebook,2023-02-14 01:34:31
586,Linda,Johnson,linda.johnson767@example.com,42,F,Spain,Seville,Search,2022-02-05 17:10:00
587,Susan,Jackson,susan.jackson260@example.com,20,F,United States,Seattle,Organic,2023-10-01 07:51:24
588,Amanda,Wilson,amanda.wilson520@example.com,18,F,Japan,Nagoya,Search,2023-12-13 14:16:37
589,John,Garcia,john.garcia979@example.com,34,M,United States,Miami,Email,2023-01-03 17:17:14
590,Lisa,Hernandez,lisa.hernandez19@example.com,51,F,France,Nice,Search,2022-08-24 00:33:12
591,Thomas,Jones,thomas.jones651@example.com,39,M,Australia,Sydney,Display,2023-04-11 19:55:53
592,Kenneth,Brown,kenneth.brown338@example.com,55,M,Brazil,Rio de Janeiro,Organic,2024-10-04 00:32:01
593,Michael,Williams,michael.williams741@example.com,50,M,United States,Phoenix,Organic,2024-02-26 19:09:59
594,Matthew,Brown,matthew.brown494@example.com,35,M,United Kingdom,London,Organic,2024-10-19 02:15:43
595,Patricia,Lopez,patricia.lopez700@example.com,49,F,Mexico,Mexico City,Organic,2023-08-29 11:36:14
596,Charles,Moore,charles.moore250@example.com,53,M,Austria,Vienna,Organic,2022-04-26 00:14:07
597,Stephanie,Martinez,stephanie.martinez881@example.com,34,F,United States,Miami,Organic,2022-03-07 13:00:10
598,Paul,Smith,paul.smith836@example.com,32,M,Japan,Kyoto,Search,2022-08-02 05:12:24
599,Anthony,Rodriguez,anthony.rodriguez637@example.com,36,M,United States,Miami,Organic,2023-07-25 12:26:00
600,Elizabeth,Thomas,elizabeth.thomas424@example.com,18,F,United States,Denver,Email,2022-08-19 09:40:10
601,Charles,Moore,charles.moore152@example.com,38,M,Germany,Berlin,Search,2022-12-14 09:32:26
602,Rebecca,Thomas,rebecca.thomas204@example.com,43,F,China,Chengdu,Email,2024-09-25 00:36:14
603,Ashley,Davis,ashley.davis399@example.com,36,F,United Kingdom,Manchester,Email,2022-02-17 13:57:21
604,Lisa,Wilson,lisa.wilson778@example.com,39,F,South Korea,Incheon,Facebook,2022-03-27 10:27:56
605,Charles,Johnson,charles.johnson945@example.com,34,M,United States,Boston,Search,2023-03-03 16:40:36
606,Andrew,Rodriguez,andrew.rodriguez608@example.com,18,M,Germany,Munich,Facebook,2024-04-02 12:41:45
607,Mary,Hernandez,mary.hernandez937@example.com,54,F,Brazil,Curitiba,Email,2024-06-20 23:59:33
608,Andrew,Smith,andrew.smith197@example.com,30,M,United States,San Francisco,Organic,2022-11-12 00:52:39
609,Joshua,Smith,joshua.smith742@example.com,27,M,Brazil,São Paulo,Search,2022-11-15 07:56:53
610,Andrew,Moore,andrew.moore532@example.com,51,M,Austria,Salzburg,Organic,2023-09-30 18:22:48
611,Jennifer,Jones,jennifer.jones141@example.com,46,F,China,Shanghai,Organic,2024-08-06 06:14:20
612,Margaret,Williams,margaret.williams694@example.com,38,F,United States,Seattle,Search,2022-07-14 02:58:20
613,Mary,Lopez,mary.lopez902@example.com,44,F,Germany,Hamburg,Search,2024-09-04 02:12:42
614,Susan,Garcia,susan.garcia448@example.com,21,F,Austria,Vienna,Facebook,2024-06-02 03:35:57
615,William,Lee,william.lee255@example.com,34,M,Belgium,Ghent,Organic,2022-10-21 04:18:59
616,Linda,Martin,linda.martin302@example.com,50,F,United Kingdom,Manchester,Search,2024-01-05 11:53:11
617,Mark,Moore,mark.moore600@example.com,26,M,Brazil,São Paulo,Display,2023-11-20 14:14:28
618,Patricia,Miller,patricia.miller689@example.com,23,F,France,Marseille,Search,2022-01-24 03:44:10
619,Steven,Jackson,steven.jackson217@example.com,35,M,Australia,Sydney,Search,2023-03-16 21:06:52
620,Patricia,Garcia,patricia.garcia686@example.com,36,F,Colombia,Cali,Search,2022-09-17 15:50:36
621,David,Jones,david.jones746@example.com,42,M,Australia,Melbourne,Search,2022-03-16 11:49:35
622,Kevin,Lee,kevin.lee17@example.com,18,M,China,Chengdu,Organic,2023-05-26 15:41:05
623,Steven,Anderson,steven.anderson384@example.com,18,M,United States,Boston,Search,2024-02-09 10:41:10
624,Joshua,Johnson,joshua.johnson234@example.com,46,M,United Kingdom,Edinburgh,Email,2023-08-05 15:17:27
625,Matthew,Jackson,matthew.jackson792@example.com,22,M,United States,Boston,Email,2022-04-08 02:56:05
626,Rebecca,Brown,rebecca.brown646@example.com,27,F,United States,Los Angeles,Organic,2024-06-24 20:41:40
627,James,Anderson,james.anderson533@example.com,18,M,China,Shenzhen,Email,2022-03-19 02:22:57
628,Linda,Rodriguez,linda.rodriguez224@example.com,47,F,Germany,Munich,Facebook,2023-02-28 17:25:44
629,Steven,Smith,steven.smith481@example.com,39,M,Colombia,Bogotá,Email,2023-09-15 09:12:07
630,Sarah,Taylor,sarah.taylor961@example.com,38,F,Australia,Melbourne,Search,2024-10-11 21:28:15
631,John,Anderson,john.anderson993@example.com,38,M,Colombia,Medellín,Facebook,2024-04-05 13:17:08
632,Sarah,Jackson,sarah.jackson163@example.com,18,F,Japan,Osaka,Search,2022-08-01 07:18:30
633,Amanda,Wilson,amanda.wilson484@example.com,23,F,Spain,Madrid,Search,2023-04-14 08:54:29
634,Robert,Taylor,robert.taylor747@example.com,29,M,United States,Phoenix,Email,2024-07-28 04:41:49
635,Rebecca,Martin,rebecca.martin298@example.com,26,F,France,Paris,Search,2022-09-29 06:58:50
636,Charles,Lee,charles.lee997@example.com,31,M,United States,New York,Organic,2024-09-17 04:59:29
637,James,Lopez,james.lopez466@example.com,37,M,United States,Phoenix,Search,2023-08-08 02:37:31
638,Amanda,Smith,amanda.smith346@example.com,47,F,United States,New York,Email,2023-11-18 05:20:00
639,Karen,Miller,karen.miller940@example.com,18,F,South Korea,Daejeon,Organic,2023-12-27 21:08:26
640,Joshua,Wilson,joshua.wilson602@example.com,34,M,Japan,Nagoya,Search,2024-11-25 10:31:32
641,Robert,Williams,robert.williams63@example.com,43,M,Austria,Salzburg,Facebook,2024-01-24 03:22:36
642,Karen,Williams,karen.williams106@example.com,23,F,Mexico,Mexico City,Search,2023-03-26 14:14:02
643,Rebecca,Davis,rebecca.davis979@example.com,32,F,Belgium,Antwerp,Search,2023-10-09 02:27:56
644,Amanda,Martin,amanda.martin621@example.com,40,F,United States,Denver,Facebook,2024-02-05 17:09:41
645,Jennifer,Miller,jennifer.miller869@example.com,35,F,Colombia,Cali,Display,2023-10-17 19:49:59
646,Mary,Martin,mary.martin986@example.com,43,F,South Korea,Busan,Email,2022-01-12 01:22:01
647,David,Moore,david.moore744@example.com,36,M,Colombia,Barranquilla,Search,2024-09-14 12:04:15
648,Nancy,Miller,nancy.miller971@example.com,31,F,United States,Houston,Organic,2022-10-28 18:36:08
649,Richard,Jones,richard.jones953@example.com,20,M,United States,Boston,Email,2023-12-14 16:58:15
650,Susan,Moore,susan.moore411@example.com,37,F,Poland,Warsaw,Search,2023-09-13 04:10:38
651,Steven,Taylor,steven.taylor638@example.com,36,M,United States,Miami,Facebook,2022-05-12 13:03:07
652,Karen,Wilson,karen.wilson819@example.com,23,F,Brazil,São Paulo,Organic,2024-08-17 03:32:21
653,Jessica,Lee,jessica.lee946@example.com,41,F,China,Chengdu,Email,2022-04-02 03:11:17
654,Karen,Williams,karen.williams825@example.com,50,F,United States,Houston,Organic,2024-11-09 10:53:12
655,Stephanie,Davis,stephanie.davis806@example.com,27,F,United States,New York,Display,2024-10-06 08:44:02
656,Kevin,Wilson,kevin.wilson327@example.com,26,M,Mexico,Puebla,Organic,2023-09-27 11:30:32
657,Margaret,Johnson,margaret.johnson428@example.com,25,F,Colombia,Barranquilla,Facebook,2024-11-10 23:16:45
658,Matthew,Lee,matthew.lee822@example.com,18,M,Poland,Wrocław,Search,2024-07-26 04:16:39
659,Matthew,Lopez,matthew.lopez127@example.com,59,M,United States,Phoenix,Organic,2024-09-12 07:13:01
660,Anthony,Miller,anthony.miller163@example.com,29,M,United States,New York,Organic,2024-05-25 03:49:39
661,Charles,Jones,charles.jones787@example.com,24,M,Brazil,Rio de Janeiro,Search,2024-10-14 10:11:06
662,Mark,Smith,mark.smith977@example.com,21,M,China,Shanghai,Organic,2024-04-27 04:09:08
663,Patricia,Lopez,patricia.lopez418@example.com,30,F,United States,New York,Search,2024-08-21 21:29:13
664,Donna,Lee,donna.lee863@example.com,26,F,Japan,Tokyo,Display,2022-05-03 01:08:04
665,Amanda,Smith,amanda.smith355@example.com,52,F,Mexico,Monterrey,Email,2023-04-13 09:47:13
666,Thomas,Rodriguez,thomas.rodriguez510@example.com,20,M,United Kingdom,Leeds,Facebook,2023-06-09 02:37:58
667,Charles,Anderson,charles.anderson972@example.com,18,M,Brazil,Brasília,Organic,2024-09-22 22:28:03
668,Charles,Rodriguez,charles.rodriguez385@example.com,41,M,Brazil,Rio de Janeiro,Search,2023-06-17 10:53:56
669,Emily,Anderson,emily.anderson883@example.com,33,F,United States,Seattle,Organic,2023-04-27 14:58:09
670,Sarah,Thomas,sarah.thomas945@example.com,32,F,United States,Chicago,Search,2024-05-12 06:24:08
671,Richard,Lee,richard.lee737@example.com,41,M,China,Shenzhen,Facebook,2023-12-13 22:17:23
672,Amanda,Wilson,amanda.wilson71@example.com,36,F,China,Chengdu,Email,2023-10-04 18:54:19
673,Mark,Thomas,mark.thomas959@example.com,34,M,United Kingdom,London,Search,2024-09-27 12:28:14
674,David,Miller,david.miller498@example.com,18,M,South Korea,Daejeon,Search,2024-06-16 17:43:44
675,Robert,Brown,robert.brown290@example.com,18,M,United States,Chicago,Search,2024-02-18 20:09:18
676,Daniel,Johnson,daniel.johnson486@example.com,26,M,United States,Seattle,Organic,2024-11-13 07:31:16
677,Ashley,Williams,ashley.williams440@example.com,21,F,United States,Chicago,Search,2022-02-22 21:29:10
678,Margaret,Moore,margaret.moore381@example.com,38,F,United States,Los Angeles,Organic,2023-08-31 08:33:57
679,James,Smith,james.smith677@example.com,18,M,United Kingdom,Birmingham,Search,2022-02-04 00:07:57
680,Ashley,Martinez,ashley.martinez113@example.com,29,F,Australia,Melbourne,Search,2024-05-16 22:09:57
681,Ashley,Wilson,ashley.wilson632@example.com,32,F,Belgium,Ghent,Facebook,2022-05-20 05:00:15
682,Nancy,Anderson,nancy.anderson251@example.com,34,F,France,Lyon,Display,2023-09-06 19:30:59
683,Emily,Johnson,emily.johnson791@example.com,39,F,Brazil,Curitiba,Search,2024-05-06 22:00:52
684,Michael,Jackson,michael.jackson982@example.com,31,M,United States,Seattle,Search,2023-11-17 03:27:59
685,Melissa,Rodriguez,melissa.rodriguez472@example.com,26,F,Brazil,Curitiba,Search,2022-03-06 06:25:47
686,David,Smith,david.smith807@example.com,49,M,United States,Miami,Email,2023-06-06 05:26:46
687,Sarah,Williams,sarah.williams320@example.com,31,F,Colombia,Cali,Organic,2024-05-03 17:26:43
688,James,Jackson,james.jackson837@example.com,52,M,China,Shanghai,Facebook,2024-11-16 18:09:58
689,Elizabeth,Martin,elizabeth.martin533@example.com,31,F,United States,San Francisco,Organic,2024-09-10 11:09:35
690,Michael,Taylor,michael.taylor509@example.com,34,M,United States,Denver,Display,2024-06-14 05:55:53
691,Thomas,Miller,thomas.miller102@example.com,33,M,United States,New York,Search,2022-12-03 01:44:08
692,Margaret,Martin,margaret.martin661@example.com,37,F,Poland,Kraków,Search,2024-04-03 09:01:10
693,Patricia,Garcia,patricia.garcia790@example.com,29,F,United States,Los Angeles,Organic,2022-07-02 17:49:17
694,Kevin,Jones,kevin.jones504@example.com,36,M,United States,Miami,Organic,2022-12-27 21:26:59
695,Rebecca,Taylor,rebecca.taylor160@example.com,53,F,United States,Boston,Search,2022-11-07 08:00:02
696,Ashley,Miller,ashley.miller677@example.com,47,F,Australia,Sydney,Email,2023-06-16 12:42:21
697,John,Hernandez,john.hernandez625@example.com,47,M,United Kingdom,Edinburgh,Facebook,2024-08-16 10:29:49
698,Nancy,Anderson,nancy.anderson862@example.com,18,F,France,Lyon,Display,2024-08-02 21:14:52
699,Mary,Brown,mary.brown954@example.com,20,F,Brazil,Curitiba,Display,2024-09-04 12:08:09
700,Linda,Martin,linda.martin243@example.com,37,F,United States,New York,Organic,2024-10-22 08:09:05
701,Robert,Brown,robert.brown292@example.com,44,M,Colombia,Bogotá,Email,2022-01-31 16:25:33
702,Joshua,Lee,joshua.lee949@example.com,28,M,United States,Miami,Facebook,2024-12-28 07:36:51
703,Michelle,Garcia,michelle.garcia119@example.com,26,F,United States,Miami,Organic,2024-08-18 23:16:51
704,Lisa,Rodriguez,lisa.rodriguez912@example.com,51,F,United Kingdom,London,Facebook,2024-03-15 04:48:01
705,Donna,Garcia,donna.garcia154@example.com,43,F,United States,Los Angeles,Display,2022-03-30 03:51:54
706,Margaret,Hernandez,margaret.hernandez419@example.com,47,F,United States,Houston,Email,2024-03-11 06:26:13
707,Donna,Smith,donna.smith139@example.com,29,F,Australia,Sydney,Facebook,2024-01-10 17:33:27
708,Emily,Brown,emily.brown975@example.com,28,F,China,Guangzhou,Search,2022-04-13 19:02:39
709,Lisa,Hernandez,lisa.hernandez500@example.com,46,F,United States,Seattle,Email,2022-08-10 01:21:47
710,Emily,Anderson,emily.anderson881@example.com,31,F,United States,Miami,Organic,2024-04-02 22:29:35
711,Daniel,Lee,daniel.lee32@example.com,27,M,Spain,Valencia,Facebook,2022-07-02 21:52:35
712,David,Moore,david.moore40@example.com,24,M,United States,Seattle,Facebook,2023-01-15 16:21:42
713,Stephanie,Martin,stephanie.martin532@example.com,28,F,United States,San Francisco,Organic,2023-10-28 20:57:44
714,Charles,Taylor,charles.taylor43@example.com,45,M,France,Toulouse,Search,2024-08-04 18:18:23
715,Joseph,Taylor,joseph.taylor543@example.com,18,M,France,Marseille,Facebook,2022-11-08 11:13:23
716,Jennifer,Miller,jennifer.miller706@example.com,42,F,Mexico,Monterrey,Search,2022-01-13 07:40:13
717,Joshua,Martin,joshua.martin488@example.com,26,M,Brazil,Salvador,Search,2024-07-21 02:38:30
718,Joseph,Lee,joseph.lee783@example.com,32,M,United States,Seattle,Search,2024-10-20 03:39:16
719,Susan,Hernandez,susan.hernandez102@example.com,33,F,United Kingdom,Edinburgh,Facebook,2024-07-24 13:59:33
720,Elizabeth,Williams,elizabeth.williams249@example.com,32,F,France,Lyon,Search,2023-06-14 20:23:18
721,Mark,Smith,mark.smith160@example.com,31,M,United States,Denver,Organic,2024-02-28 14:36:49
722,Joseph,Martinez,joseph.martinez498@example.com,29,M,United Kingdom,London,Email,2022-05-21 02:40:38
723,Anthony,Wilson,anthony.wilson396@example.com,28,M,United States,Phoenix,Organic,2023-11-29 20:52:39
724,Jennifer,Lopez,jennifer.lopez539@example.com,50,F,South Korea,Incheon,Email,2023-11-27 19:18:50
725,Jessica,Jackson,jessica.jackson153@example.com,35,F,South Korea,Daejeon,Organic,2024-01-28 18:42:08
726,Paul,Hernandez,paul.hernandez445@example.com,33,M,Brazil,São Paulo,Search,2024-08-31 23:02:30
727,Rebecca,Anderson,rebecca.anderson764@example.com,27,F,Austria,Vienna,Email,2024-05-03 21:05:59
728,James,Taylor,james.taylor69@example.com,30,M,Mexico,Guadalajara,Organic,2022-02-10 04:45:41
729,Daniel,Jackson,daniel.jackson786@example.com,27,M,United States,Denver,Display,2024-02-08 12:33:10
730,Linda,Wilson,linda.wilson219@example.com,44,F,Brazil,Brasília,Search,2024-03-09 18:53:24
731,Andrew,Lopez,andrew.lopez867@example.com,25,M,France,Toulouse,Email,2023-08-29 22:42:09
732,Paul,Johnson,paul.johnson813@example.com,18,M,United States,Los Angeles,Organic,2023-11-15 01:08:57
733,Kevin,Wilson,kevin.wilson447@example.com,35,M,Brazil,Curitiba,Email,2022-03-31 17:29:20
734,Stephanie,Brown,stephanie.brown73@example.com,31,F,United States,Miami,Search,2022-10-14 13:57:57
735,Linda,Davis,linda.davis385@example.com,27,F,Austria,Vienna,Facebook,2024-08-02 20:58:09
736,Rebecca,Hernandez,rebecca.hernandez621@example.com,45,F,Brazil,Salvador,Search,2022-01-03 12:01:18
737,Richard,Johnson,richard.johnson339@example.com,18,M,Japan,Tokyo,Email,2024-12-12 19:52:12
738,Andrew,Anderson,andrew.anderson633@example.com,53,M,Brazil,Brasília,Search,2022-09-01 18:24:21
739,Nancy,Garcia,nancy.garcia822@example.com,47,F,United States,Miami,Organic,2024-05-01 22:01:24
740,Thomas,Hernandez,thomas.hernandez955@example.com,27,M,Colombia,Barranquilla,Facebook,2022-08-29 16:52:12
741,Margaret,Davis,margaret.davis398@example.com,29,F,United States,New York,Organic,2022-02-08 01:01:27
742,Jennifer,Davis,jennifer.davis986@example.com,41,F,United States,Chicago,Email,2023-10-25 01:33:01
743,James,Davis,james.davis249@example.com,41,M,Brazil,Salvador,Facebook,2024-04-07 11:44:24
744,Michelle,Johnson,michelle.johnson944@example.com,27,F,Germany,Munich,Search,2022-04-04 09:31:50
745,William,Brown,william.brown143@example.com,18,M,United States,Miami,Email,2022-10-23 06:09:59
746,David,Taylor,david.taylor541@example.com,60,M,United States,Los Angeles,Organic,2022-11-30 09:34:54
747,Nancy,Williams,nancy.williams672@example.com,46,F,United States,Los Angeles,Facebook,2024-11-19 11:59:34
748,Karen,Martinez,karen.martinez42@example.com,36,F,United States,San Francisco,Search,2022-12-06 16:20:41
749,Mary,Williams,mary.williams443@example.com,37,F,United States,Seattle,Organic,2022-03-11 12:58:43
750,Elizabeth,Hernandez,elizabeth.hernandez277@example.com,42,F,United Kingdom,Manchester,Email,2024-12-14 17:28:40
751,Stephanie,Wilson,stephanie.wilson814@example.com,43,F,United States,Denver,Display,2023-06-18 14:10:52
752,Donna,Martinez,donna.martinez475@example.com,18,F,United States,Denver,Display,2022-07-18 14:24:44
753,Patricia,Taylor,patricia.taylor104@example.com,30,F,Germany,Berlin,Facebook,2022-10-04 08:42:20
754,Charles,Garcia,charles.garcia40@example.com,29,M,Spain,Barcelona,Search,2024-04-04 16:59:42
755,Jessica,Lopez,jessica.lopez24@example.com,33,F,United States,San Francisco,Organic,2022-05-29 23:11:06
756,Lisa,Garcia,lisa.garcia38@example.com,44,F,United States,Phoenix,Search,2023-12-15 06:55:20
757,Steven,Hernandez,steven.hernandez485@example.com,18,M,United States,Chicago,Facebook,2023-09-13 02:49:20
758,Charles,Johnson,charles.johnson324@example.com,18,M,Austria,Linz,Search,2024-03-07 07:46:50
759,Mark,Garcia,mark.garcia209@example.com,26,M,United States,Boston,Display,2022-06-25 05:12:26
760,Kenneth,Thomas,kenneth.thomas387@example.com,36,M,United States,Houston,Search,2023-01-23 12:04:40
761,Emily,Taylor,emily.taylor437@example.com,44,F,China,Beijing,Search,2022-01-04 20:43:57
762,Kenneth,Garcia,kenneth.garcia580@example.com,54,M,United States,Miami,Email,2024-08-21 03:15:03
763,Linda,Garcia,linda.garcia497@example.com,31,F,United States,San Francisco,Search,2024-12-18 23:45:04
764,Sarah,Garcia,sarah.garcia931@example.com,44,F,United States,Seattle,Search,2023-05-04 15:36:34
765,Ashley,Garcia,ashley.garcia374@example.com,43,F,Germany,Frankfurt,Organic,2023-08-04 03:10:01
766,Mark,Lee,mark.lee391@example.com,41,M,France,Toulouse,Display,2022-05-27 20:31:39
767,Joseph,Anderson,joseph.anderson412@example.com,34,M,Germany,Frankfurt,Search,2024-08-17 09:21:35
768,Elizabeth,Davis,elizabeth.davis48@example.com,30,F,Japan,Yokohama,Organic,2024-04-20 09:13:03
769,Nancy,Martinez,nancy.martinez748@example.com,22,F,United States,Phoenix,Search,2022-05-06 18:20:53
770,Jessica,Hernandez,jessica.hernandez539@example.com,21,F,Poland,Kraków,Facebook,2023-08-03 20:16:06
771,Emily,Lopez,emily.lopez398@example.com,39,F,Spain,Barcelona,Organic,2022-07-07 23:38:21
772,Anthony,Davis,anthony.davis358@example.com,34,M,Australia,Brisbane,Facebook,2023-10-12 18:50:28
773,Patricia,Lee,patricia.lee518@example.com,30,F,Spain,Seville,Organic,2023-12-21 04:18:46
774,David,Garcia,david.garcia900@example.com,42,M,Brazil,Salvador,Display,2023-02-26 16:58:29
775,Matthew,Rodriguez,matthew.rodriguez398@example.com,32,M,United States,Miami,Facebook,2023-04-29 13:10:57
776,Ashley,Smith,ashley.smith431@example.com,24,F,Brazil,Rio de Janeiro,Facebook,2024-02-18 05:42:34
777,Daniel,Martinez,daniel.martinez134@example.com,31,M,United States,Miami,Organic,2022-06-20 17:27:11
778,Thomas,Jackson,thomas.jackson322@example.com,44,M,China,Shenzhen,Organic,2022-02-08 22:43:33
779,Matthew,Lee,matthew.lee748@example.com,22,M,United States,Houston,Organic,2023-04-02 03:21:58
780,Andrew,Martinez,andrew.martinez723@example.com,37,M,United States,Los Angeles,Organic,2023-06-22 20:05:56
781,Rebecca,Williams,rebecca.williams804@example.com,34,F,Poland,Kraków,Search,2022-11-10 11:35:51
782,Paul,Thomas,paul.thomas493@example.com,25,M,Germany,Frankfurt,Search,2023-04-13 17:43:38
783,Donna,Wilson,donna.wilson899@example.com,31,F,United Kingdom,Manchester,Organic,2022-04-23 02:45:47
784,Jessica,Lee,jessica.lee554@example.com,18,F,United States,New York,Search,2024-03-28 09:26:33
785,Thomas,Hernandez,thomas.hernandez131@example.com,36,M,United Kingdom,Manchester,Search,2024-04-19 06:18:54
786,Richard,Smith,richard.smith152@example.com,18,M,Belgium,Charleroi,Organic,2022-10-19 03:02:34
787,Emily,Martin,emily.martin496@example.com,47,F,Germany,Berlin,Email,2023-12-15 17:11:24
788,Melissa,Anderson,melissa.anderson375@example.com,33,F,France,Paris,Search,2022-09-13 21:56:11
789,Emily,Moore,emily.moore108@example.com,28,F,China,Shenzhen,Email,2023-03-09 18:53:23
790,Elizabeth,Williams,elizabeth.williams47@example.com,48,F,United States,Houston,Search,2022-12-17 05:11:31
791,Steven,Martinez,steven.martinez618@example.com,22,M,Spain,Bilbao,Display,2024-11-29 02:35:42
792,Robert,Martinez,robert.martinez754@example.com,26,M,Mexico,Mexico City,Organic,2023-06-11 04:41:07
793,Melissa,Garcia,melissa.garcia220@example.com,18,F,Brazil,Brasília,Organic,2023-11-25 01:09:20
794,Richard,Moore,richard.moore246@example.com,50,M,Brazil,Rio de Janeiro,Facebook,2022-08-18 19:34:40
795,Ashley,Brown,ashley.brown534@example.com,57,F,Brazil,Rio de Janeiro,Organic,2024-10-12 10:42:59
796,Nancy,Johnson,nancy.johnson121@example.com,18,F,Brazil,Rio de Janeiro,Organic,2024-01-20 04:57:37
797,Amanda,Jones,amanda.jones837@example.com,25,F,Mexico,Guadalajara,Organic,2022-04-26 20:05:05
798,Charles,Lee,charles.lee589@example.com,35,M,Spain,Seville,Display,2022-12-30 02:44:38
799,Joseph,Williams,joseph.williams361@example.com,28,M,Brazil,Salvador,Email,2023-07-08 22:03:58
800,Steven,Lopez,steven.lopez579@example.com,34,M,Brazil,São Paulo,Organic,2023-04-07 13:44:05
801,William,Brown,william.brown163@example.com,33,M,China,Shenzhen,Email,2024-05-26 19:22:08
802,Margaret,Davis,margaret.davis316@example.com,39,F,United States,Chicago,Search,2023-09-03 13:33:18
803,Andrew,Lopez,andrew.lopez531@example.com,23,M,United Kingdom,Edinburgh,Organic,2023-09-03 02:32:36
804,Charles,Smith,charles.smith961@example.com,37,M,Australia,Sydney,Organic,2023-02-17 16:17:01
805,Paul,Jones,paul.jones843@example.com,21,M,Germany,Hamburg,Organic,2024-07-13 10:16:58
806,Anthony,Lopez,anthony.lopez635@example.com,30,M,United States,Houston,Display,2024-02-07 20:14:50
807,Karen,Smith,karen.smith335@example.com,18,F,Spain,Barcelona,Email,2024-02-12 22:11:40
808,David,Martinez,david.martinez925@example.com,30,M,Spain,Bilbao,Display,2023-12-20 12:48:35
809,Susan,Wilson,susan.wilson129@example.com,28,F,United States,San Francisco,Facebook,2023-12-30 04:03:45
810,William,Jones,william.jones300@example.com,46,M,France,Lyon,Organic,2024-04-08 17:37:14
811,Susan,Brown,susan.brown429@example.com,34,F,France,Nice,Email,2022-09-14 05:46:13
812,Kevin,Martinez,kevin.martinez551@example.com,36,M,South Korea,Daegu,Search,2023-07-27 16:33:37
813,Daniel,Thomas,daniel.thomas673@example.com,34,M,United States,Los Angeles,Email,2022-05-24 16:56:34
814,Emily,Smith,emily.smith413@example.com,18,F,United States,Phoenix,Search,2023-02-07 07:50:46
815,Linda,Miller,linda.miller941@example.com,18,F,China,Shenzhen,Email,2022-11-15 23:24:59
816,Stephanie,Lee,stephanie.lee413@example.com,31,F,United States,Phoenix,Facebook,2022-08-09 05:38:10
817,John,Miller,john.miller629@example.com,38,M,Brazil,Rio de Janeiro,Search,2023-08-23 05:41:50
818,Robert,Miller,robert.miller48@example.com,32,M,Australia,Adelaide,Search,2023-04-24 09:22:01
819,Rebecca,Thomas,rebecca.thomas157@example.com,24,F,United States,Boston,Organic,2023-05-13 03:16:34
820,James,Martinez,james.martinez220@example.com,32,M,China,Shanghai,Search,2024-08-13 22:49:32
821,Melissa,Davis,melissa.davis2@example.com,31,F,Mexico,Puebla,Email,2023-02-01 06:25:35
822,Rebecca,Taylor,rebecca.taylor868@example.com,44,F,China,Chengdu,Search,2022-05-13 12:33:57
823,Margaret,Smith,margaret.smith624@example.com,43,F,China,Beijing,Organic,2024-05-16 07:50:01
824,Michelle,Thomas,michelle.thomas849@example.com,28,F,United Kingdom,Birmingham,Search,2022-08-24 20:45:29
825,Margaret,Davis,margaret.davis332@example.com,34,F,United States,Los Angeles,Search,2024-12-02 00:38:37
826,Andrew,Jackson,andrew.jackson105@example.com,38,M,United States,Houston,Search,2023-12-30 10:39:35
827,Kevin,Thomas,kevin.thomas328@example.com,40,M,Germany,Munich,Email,2022-10-07 22:27:25
828,Emily,Martin,emily.martin19@example.com,54,F,Brazil,Curitiba,Facebook,2023-09-22 13:43:50
829,Susan,Williams,susan.williams303@example.com,34,F,United States,Los Angeles,Display,2024-10-17 23:52:57
830,Kevin,Brown,kevin.brown102@example.com,49,M,United States,Houston,Organic,2024-09-30 05:21:20
831,Robert,Martin,robert.martin214@example.com,21,M,South Korea,Incheon,Search,2023-03-11 13:08:05
832,Mary,Davis,mary.davis638@example.com,27,F,United States,Boston,Search,2022-02-01 18:59:39
833,Stephanie,Moore,stephanie.moore961@example.com,18,F,Japan,Nagoya,Organic,2022-03-29 04:07:25
834,Susan,Anderson,susan.anderson240@example.com,36,F,Brazil,Curitiba,Search,2024-08-19 23:24:28
835,Paul,Martinez,paul.martinez981@example.com,42,M,France,Lyon,Search,2023-12-25 20:38:14
836,Michael,Smith,michael.smith762@example.com,18,M,United States,Chicago,Facebook,2024-03-05 09:52:30
837,Jessica,Johnson,jessica.johnson121@example.com,37,F,United States,San Francisco,Search,2024-03-01 00:59:02
838,Richard,Thomas,richard.thomas6@example.com,42,M,United Kingdom,Manchester,Facebook,2024-04-29 04:34:42
839,Amanda,Johnson,amanda.johnson113@example.com,41,F,Spain,Madrid,Facebook,2023-07-11 23:00:32
840,Nancy,Smith,nancy.smith715@example.com,20,F,United States,Denver,Facebook,2023-02-19 15:22:15
841,Joseph,Jones,joseph.jones670@example.com,44,M,China,Shanghai,Organic,2022-09-15 12:47:27
842,Joshua,Martin,joshua.martin885@example.com,35,M,China,Shanghai,Facebook,2022-12-03 12:30:24
843,John,Wilson,john.wilson525@example.com,42,M,United States,Boston,Organic,2024-04-01 15:17:12
844,Emily,Thomas,emily.thomas45@example.com,33,F,United Kingdom,Leeds,Search,2022-01-16 17:50:58
845,Lisa,Anderson,lisa.anderson998@example.com,39,F,United States,Seattle,Organic,2022-06-09 07:23:10
846,William,Lopez,william.lopez866@example.com,48,M,China,Shanghai,Search,2024-05-12 05:00:27
847,Melissa,Garcia,melissa.garcia716@example.com,32,F,United States,Chicago,Organic,2023-12-12 01:34:32
848,Matthew,Rodriguez,matthew.rodriguez917@example.com,38,M,China,Beijing,Facebook,2022-06-26 21:37:06
849,Robert,Hernandez,robert.hernandez279@example.com,49,M,United States,Seattle,Email,2022-02-09 20:17:40
850,Melissa,Lee,melissa.lee535@example.com,33,F,China,Shenzhen,Search,2022-09-05 14:40:28
851,Thomas,Jackson,thomas.jackson532@example.com,21,M,China,Beijing,Search,2022-05-10 16:55:01
852,Matthew,Thomas,matthew.thomas284@example.com,43,M,Belgium,Ghent,Search,2022-10-30 20:02:05
853,Emily,Moore,emily.moore995@example.com,52,F,China,Guangzhou,Display,2024-07-01 04:53:58
854,Matthew,Moore,matthew.moore562@example.com,50,M,Australia,Perth,Organic,2024-08-10 07:02:28
855,Mary,Anderson,mary.anderson918@example.com,43,F,United States,Los Angeles,Organic,2022-11-10 21:27:39
856,David,Moore,david.moore310@example.com,18,M,Brazil,Salvador,Search,2022-11-12 06:01:20
857,Richard,Johnson,richard.johnson495@example.com,27,M,United States,Chicago,Email,2024-06-24 01:21:22
858,David,Smith,david.smith932@example.com,27,M,Brazil,Rio de Janeiro,Organic,2023-04-12 02:57:19
859,Matthew,Rodriguez,matthew.rodriguez179@example.com,35,M,Germany,Cologne,Search,2022-08-22 20:06:24
860,William,Johnson,william.johnson543@example.com,55,M,South Korea,Incheon,Organic,2024-03-29 08:12:50
861,Anthony,Miller,anthony.miller795@example.com,22,M,United Kingdom,Leeds,Facebook,2023-06-22 06:54:58
862,Jessica,Brown,jessica.brown798@example.com,61,F,Germany,Munich,Organic,2024-09-04 00:52:54
863,Mark,Lee,mark.lee750@example.com,30,M,United States,Boston,Display,2024-08-18 09:31:23
864,Joseph,Anderson,joseph.anderson609@example.com,25,M,United States,Chicago,Email,2024-05-16 08:16:36
865,Thomas,Smith,thomas.smith7@example.com,45,M,Australia,Sydney,Organic,2024-11-30 13:38:18
866,Matthew,Wilson,matthew.wilson288@example.com,46,M,United States,Houston,Display,2023-08-10 06:40:35
867,Steven,Thomas,steven.thomas794@example.com,42,M,United States,Los Angeles,Email,2023-08-23 05:47:32
868,Mary,Miller,mary.miller500@example.com,25,F,Poland,Łódź,Organic,2022-01-03 09:16:09
869,James,Jackson,james.jackson359@example.com,41,M,Austria,Vienna,Email,2022-07-04 04:49:34
870,Michelle,Lee,michelle.lee879@example.com,22,F,France,Lyon,Organic,2022-06-22 20:05:42
871,Lisa,Lee,lisa.lee343@example.com,25,F,Brazil,Salvador,Organic,2024-10-05 23:18:16
872,Robert,Johnson,robert.johnson383@example.com,33,M,South Korea,Seoul,Organic,2022-10-05 16:40:50
873,Anthony,Rodriguez,anthony.rodriguez404@example.com,25,M,United States,Phoenix,Email,2023-11-13 07:02:55
874,John,Taylor,john.taylor341@example.com,47,M,Brazil,Salvador,Display,2023-03-30 01:45:31
875,Michelle,Rodriguez,michelle.rodriguez505@example.com,28,F,Brazil,Brasília,Organic,2024-04-17 15:23:33
876,Steven,Martinez,steven.martinez955@example.com,32,M,Poland,Warsaw,Facebook,2023-02-01 14:20:35
877,Rebecca,Miller,rebecca.miller996@example.com,24,F,Poland,Warsaw,Facebook,2024-10-23 21:37:33
878,Jessica,Rodriguez,jessica.rodriguez334@example.com,47,F,Germany,Cologne,Email,2023-07-18 06:35:55
879,Karen,Anderson,karen.anderson369@example.com,27,F,United States,Miami,Organic,2022-09-25 00:40:41
880,Michelle,Smith,michelle.smith858@example.com,48,F,China,Beijing,Search,2023-03-28 04:05:00
881,Ashley,Taylor,ashley.taylor575@example.com,47,F,United States,Denver,Search,2023-02-04 16:48:30
882,Joseph,Thomas,joseph.thomas178@example.com,29,M,Belgium,Brussels,Search,2024-03-06 01:01:58
883,Kevin,Williams,kevin.williams549@example.com,35,M,United States,New York,Search,2022-12-21 16:27:56
884,Kevin,Taylor,kevin.taylor791@example.com,29,M,United States,Denver,Organic,2022-02-27 04:37:22
885,Melissa,Hernandez,melissa.hernandez403@example.com,41,F,Spain,Seville,Search,2024-05-08 08:30:06
886,Mary,Miller,mary.miller615@example.com,32,F,China,Shenzhen,Email,2024-12-25 05:27:23
887,Patricia,Martinez,patricia.martinez774@example.com,29,F,South Korea,Busan,Organic,2022-10-02 17:42:49
888,Michael,Hernandez,michael.hernandez120@example.com,35,M,United States,Denver,Organic,2024-07-12 03:35:11
889,Ashley,Jones,ashley.jones973@example.com,18,F,Australia,Perth,Email,2022-02-13 03:21:00
890,Rebecca,Wilson,rebecca.wilson64@example.com,34,F,United States,Phoenix,Organic,2023-01-02 18:55:26
891,Elizabeth,Wilson,elizabeth.wilson114@example.com,42,F,United States,Houston,Facebook,2022-01-13 20:33:59
892,Emily,Davis,emily.davis298@example.com,36,F,China,Beijing,Email,2023-03-11 11:57:33
893,Michael,Martinez,michael.martinez20@example.com,46,M,United States,San Francisco,Organic,2023-10-30 04:19:56
894,Anthony,Wilson,anthony.wilson657@example.com,30,M,France,Toulouse,Organic,2024-11-21 06:12:44
895,Jennifer,Hernandez,jennifer.hernandez525@example.com,29,F,United States,Denver,Organic,2024-07-09 14:26:09
896,Mark,Rodriguez,mark.rodriguez360@example.com,21,M,United States,Phoenix,Organic,2024-10-21 16:56:12
897,Richard,Lee,richard.lee986@example.com,30,M,Spain,Barcelona,Facebook,2023-12-16 07:55:58
898,Daniel,Jackson,daniel.jackson271@example.com,58,M,United States,San Francisco,Organic,2023-03-07 12:36:04
899,Kenneth,Davis,kenneth.davis878@example.com,38,M,Germany,Hamburg,Organic,2024-09-19 15:28:04
900,Patricia,Thomas,patricia.thomas581@example.com,27,F,Japan,Osaka,Organic,2022-03-07 06:42:14
901,Michelle,Moore,michelle.moore692@example.com,22,F,United States,New York,Search,2024-06-11 11:23:17
902,Thomas,Williams,thomas.williams951@example.com,18,M,Japan,Osaka,Search,2024-12-17 19:45:22
903,James,Lopez,james.lopez254@example.com,25,M,United States,New York,Organic,2022-01-25 06:17:38
904,Paul,Taylor,paul.taylor122@example.com,44,M,Brazil,São Paulo,Search,2023-12-17 20:38:19
905,Melissa,Johnson,melissa.johnson792@example.com,29,F,United States,Boston,Facebook,2024-08-17 01:10:06
906,Lisa,Miller,lisa.miller644@example.com,23,F,South Korea,Daegu,Display,2024-01-29 20:05:15
907,Karen,Taylor,karen.taylor197@example.com,24,F,United Kingdom,London,Email,2024-12-04 10:14:17
908,Richard,Martin,richard.martin911@example.com,42,M,China,Beijing,Organic,2022-10-28 16:22:07
909,Michael,Lee,michael.lee717@example.com,34,M,Austria,Graz,Organic,2023-12-01 08:01:41
910,Mark,Wilson,mark.wilson541@example.com,27,M,United States,Boston,Facebook,2024-06-15 11:33:12
911,Jennifer,Smith,jennifer.smith132@example.com,31,F,Belgium,Antwerp,Facebook,2022-03-18 04:14:55
912,Richard,Smith,richard.smith963@example.com,61,M,Spain,Barcelona,Display,2023-09-03 10:37:25
913,Lisa,Moore,lisa.moore525@example.com,49,F,Poland,Łódź,Organic,2024-11-17 14:05:26
914,Sarah,Thomas,sarah.thomas597@example.com,52,F,Belgium,Antwerp,Search,2023-05-30 21:58:06
915,Kenneth,Brown,kenneth.brown28@example.com,18,M,Mexico,Mexico City,Organic,2024-06-12 12:16:04
916,Richard,Williams,richard.williams672@example.com,33,M,United States,Houston,Display,2024-03-22 14:47:17
917,Robert,Williams,robert.williams834@example.com,27,M,Australia,Sydney,Facebook,2022-10-23 04:56:46
918,Steven,Jackson,steven.jackson790@example.com,41,M,Australia,Perth,Email,2023-02-12 05:31:05
919,Joshua,Taylor,joshua.taylor377@example.com,47,M,Germany,Cologne,Facebook,2023-06-22 05:24:59
920,Donna,Martin,donna.martin200@example.com,38,F,United States,Denver,Display,2023-04-16 04:45:30
921,Kenneth,Williams,kenneth.williams443@example.com,24,M,Austria,Graz,Organic,2023-10-14 20:24:37
922,Steven,Anderson,steven.anderson560@example.com,27,M,United States,Phoenix,Display,2023-12-16 07:08:56
923,Melissa,Martin,melissa.martin269@example.com,42,F,China,Shanghai,Email,2023-03-29 10:05:06
924,Jennifer,Hernandez,jennifer.hernandez614@example.com,43,F,United Kingdom,Manchester,Email,2023-12-02 08:19:52
925,Thomas,Taylor,thomas.taylor923@example.com,36,M,United States,New York,Display,2023-12-23 18:57:18
926,Patricia,Wilson,patricia.wilson120@example.com,36,F,Spain,Seville,Organic,2024-11-29 10:46:01
927,Jennifer,Smith,jennifer.smith246@example.com,35,F,United States,Boston,Facebook,2024-06-12 17:56:33
928,Patricia,Rodriguez,patricia.rodriguez455@example.com,38,F,Spain,Madrid,Facebook,2023-09-09 07:43:56
929,Amanda,Garcia,amanda.garcia174@example.com,43,F,South Korea,Daegu,Email,2022-07-13 16:11:30
930,Andrew,Johnson,andrew.johnson770@example.com,42,M,United States,San Francisco,Email,2022-12-18 11:29:51
931,Michelle,Lopez,michelle.lopez61@example.com,35,F,Spain,Valencia,Email,2022-12-29 22:55:59
932,William,Martin,william.martin41@example.com,34,M,United States,Miami,Organic,2022-11-11 17:53:37
933,Stephanie,Johnson,stephanie.johnson353@example.com,33,F,South Korea,Daegu,Email,2024-11-02 03:29:35
934,Amanda,Miller,amanda.miller413@example.com,25,F,Austria,Graz,Email,2023-08-08 18:01:10
935,Mark,Anderson,mark.anderson705@example.com,25,M,United States,Miami,Facebook,2024-12-19 07:47:34
936,Steven,Miller,steven.miller146@example.com,41,M,Spain,Seville,Organic,2022-05-11 22:00:32
937,Susan,Williams,susan.williams783@example.com,26,F,China,Beijing,Email,2024-02-20 15:09:01
938,Michelle,Brown,michelle.brown176@example.com,44,F,United Kingdom,Leeds,Email,2023-10-06 23:14:21
939,Paul,Smith,paul.smith947@example.com,34,M,Spain,Seville,Organic,2024-04-15 07:55:05
940,Ashley,Lee,ashley.lee512@example.com,44,F,China,Shanghai,Facebook,2023-03-04 07:53:59
941,Stephanie,Martinez,stephanie.martinez766@example.com,42,F,France,Paris,Facebook,2023-07-23 15:17:42
942,Donna,Martin,donna.martin30@example.com,45,F,United States,Houston,Facebook,2023-01-21 10:28:59
943,William,Anderson,william.anderson716@example.com,29,M,Brazil,São Paulo,Organic,2024-02-03 02:39:46
944,Charles,Miller,charles.miller425@example.com,39,M,Colombia,Medellín,Search,2022-07-30 18:18:17
945,Melissa,Martin,melissa.martin502@example.com,43,F,United States,Phoenix,Email,2023-12-24 16:53:04
946,Thomas,Garcia,thomas.garcia26@example.com,18,M,France,Toulouse,Display,2023-06-27 11:27:47
947,Donna,Brown,donna.brown620@example.com,55,F,United States,Los Angeles,Organic,2024-05-22 23:58:29
948,Anthony,Moore,anthony.moore924@example.com,62,M,South Korea,Incheon,Display,2022-02-11 04:59:37
949,Michelle,Lopez,michelle.lopez994@example.com,46,F,United Kingdom,Leeds,Organic,2022-07-19 14:39:03
950,Steven,Rodriguez,steven.rodriguez882@example.com,44,M,Brazil,Brasília,Search,2023-10-27 20:47:36
951,Daniel,Lopez,daniel.lopez717@example.com,42,M,United States,Boston,Facebook,2023-02-14 07:38:03
952,Amanda,Lee,amanda.lee212@example.com,31,F,China,Beijing,Search,2022-11-09 16:13:47
953,Linda,Garcia,linda.garcia369@example.com,33,F,Austria,Graz,Search,2024-10-18 13:29:10
954,Margaret,Martin,margaret.martin66@example.com,46,F,China,Shanghai,Display,2024-09-18 01:14:25
955,Jessica,Martin,jessica.martin225@example.com,23,F,China,Shenzhen,Organic,2022-04-11 14:22:48
956,Elizabeth,Taylor,elizabeth.taylor251@example.com,22,F,Japan,Tokyo,Search,2023-07-31 08:47:26
957,Susan,Brown,susan.brown666@example.com,30,F,Brazil,Curitiba,Organic,2024-01-01 05:51:15
958,Mark,Johnson,mark.johnson29@example.com,42,M,Brazil,Rio de Janeiro,Facebook,2024-05-04 17:49:57
959,Karen,Williams,karen.williams928@example.com,24,F,United States,Denver,Facebook,2022-08-10 20:28:46
960,Karen,Thomas,karen.thomas734@example.com,32,F,United States,Los Angeles,Organic,2024-07-21 01:14:35
961,Robert,Davis,robert.davis672@example.com,33,M,Spain,Barcelona,Organic,2023-12-19 15:37:34
962,Charles,Lee,charles.lee573@example.com,22,M,Colombia,Bogotá,Organic,2024-08-20 11:40:40
963,Ashley,Smith,ashley.smith254@example.com,18,F,Belgium,Antwerp,Facebook,2024-01-16 01:52:21
964,Linda,Davis,linda.davis543@example.com,22,F,Belgium,Ghent,Display,2024-08-11 08:10:56
965,Melissa,Garcia,melissa.garcia637@example.com,38,F,China,Shenzhen,Organic,2022-02-02 14:36:56
966,Mary,Jackson,mary.jackson851@example.com,40,F,United States,Seattle,Email,2022-09-04 21:19:06
967,Patricia,Williams,patricia.williams682@example.com,40,F,France,Nice,Display,2023-08-06 16:29:09
968,Richard,Rodriguez,richard.rodriguez808@example.com,42,M,Austria,Vienna,Organic,2022-11-29 03:07:57
969,Richard,Jackson,richard.jackson456@example.com,27,M,Spain,Valencia,Search,2022-08-05 17:28:09
970,William,Lee,william.lee409@example.com,24,M,China,Shenzhen,Facebook,2024-02-15 04:36:48
971,Thomas,Martin,thomas.martin780@example.com,39,M,Germany,Hamburg,Display,2024-12-23 06:07:43
972,Sarah,Anderson,sarah.anderson610@example.com,32,F,Japan,Tokyo,Search,2023-08-12 16:36:40
973,Amanda,Brown,amanda.brown394@example.com,45,F,Poland,Warsaw,Search,2023-10-29 06:11:28
974,David,Johnson,david.johnson441@example.com,39,M,Japan,Osaka,Facebook,2023-10-30 05:15:09
975,William,Rodriguez,william.rodriguez556@example.com,50,M,China,Guangzhou,Email,2023-04-02 14:38:15
976,Karen,Martinez,karen.martinez623@example.com,29,F,United States,Boston,Search,2024-01-13 02:43:35
977,John,Hernandez,john.hernandez360@example.com,47,M,China,Beijing,Organic,2024-06-02 05:25:13
978,Jessica,Smith,jessica.smith152@example.com,59,F,United States,San Francisco,Search,2022-05-06 02:33:31
979,William,Anderson,william.anderson897@example.com,35,M,Austria,Graz,Display,2022-10-29 13:34:44
980,Emily,Davis,emily.davis300@example.com,40,F,China,Shanghai,Facebook,2022-07-04 07:05:35
981,Paul,Williams,paul.williams162@example.com,23,M,China,Beijing,Organic,2024-05-17 17:45:55
982,Ashley,Martin,ashley.martin252@example.com,45,F,United States,Houston,Email,2023-11-30 10:20:09
983,Daniel,Davis,daniel.davis868@example.com,48,M,France,Paris,Organic,2024-01-06 11:10:22
984,Mary,Jones,mary.jones168@example.com,29,F,United Kingdom,Leeds,Display,2023-11-16 18:45:29
985,Joshua,Martinez,joshua.martinez696@example.com,42,M,United States,Chicago,Search,2023-08-06 22:14:11
986,Robert,Lee,robert.lee414@example.com,38,M,Colombia,Bogotá,Search,2024-06-14 02:06:10
987,Emily,Moore,emily.moore607@example.com,39,F,Brazil,Rio de Janeiro,Organic,2022-06-22 03:21:17
988,Andrew,Johnson,andrew.johnson726@example.com,44,M,China,Chengdu,Search,2024-01-30 16:35:12
989,Daniel,Anderson,daniel.anderson222@example.com,41,M,United States,Seattle,Email,2024-07-02 16:06:37
990,David,Anderson,david.anderson396@example.com,33,M,United Kingdom,Birmingham,Organic,2022-08-16 09:44:31
991,Anthony,Jackson,anthony.jackson790@example.com,44,M,Spain,Bilbao,Search,2024-02-16 22:51:00
992,Kevin,Lee,kevin.lee981@example.com,48,M,Belgium,Brussels,Email,2022-03-18 17:30:06
993,Emily,Thomas,emily.thomas852@example.com,28,F,United States,Houston,Organic,2022-06-28 23:57:12
994,Matthew,Anderson,matthew.anderson302@example.com,34,M,Mexico,Monterrey,Organic,2023-03-05 04:07:51
995,Amanda,Davis,amanda.davis237@example.com,18,F,Spain,Valencia,Search,2024-12-30 19:12:26
996,Elizabeth,Jackson,elizabeth.jackson947@example.com,42,F,United States,Seattle,Display,2023-02-11 13:02:14
997,Paul,Martin,paul.martin686@example.com,49,M,United States,Miami,Facebook,2023-04-15 14:52:02
998,Donna,Lee,donna.lee194@example.com,31,F,United States,Phoenix,Email,2024-04-20 07:41:36
999,Linda,Lee,linda.lee646@example.com,36,F,Colombia,Barranquilla,Email,2024-05-24 03:29:56
1000,Michelle,Wilson,michelle.wilson321@example.com,32,F,United States,Boston,Organic,2024-01-06 06:34:57
1001,Robert,Lee,robert.lee157@example.com,30,M,China,Shenzhen,Search,2022-02-03 04:01:41
1002,Paul,Taylor,paul.taylor164@example.com,37,M,Spain,Bilbao,Facebook,2024-08-13 01:28:50
1003,Kenneth,Jones,kenneth.jones378@example.com,25,M,Colombia,Cali,Search,2022-10-13 17:31:37
1004,Susan,Smith,susan.smith238@example.com,32,F,Germany,Berlin,Display,2023-07-07 03:59:58
1005,Jessica,Lee,jessica.lee784@example.com,24,F,Japan,Tokyo,Search,2024-03-12 06:09:47
1006,Lisa,Rodriguez,lisa.rodriguez157@example.com,42,F,United States,New York,Organic,2022-11-13 03:00:42
1007,Joshua,Jackson,joshua.jackson187@example.com,37,M,Colombia,Bogotá,Facebook,2024-01-21 16:22:21
1008,Elizabeth,Garcia,elizabeth.garcia624@example.com,29,F,United States,Houston,Organic,2023-07-07 03:41:59
1009,Steven,Davis,steven.davis434@example.com,35,M,United States,New York,Facebook,2022-06-21 02:17:08
1010,Mary,Moore,mary.moore201@example.com,32,F,Mexico,Monterrey,Email,2022-08-24 23:23:34
1011,Joseph,Hernandez,joseph.hernandez69@example.com,48,M,United States,Phoenix,Email,2024-04-15 07:12:49
1012,Emily,Anderson,emily.anderson85@example.com,29,F,United States,Seattle,Display,2022-03-08 06:44:39
1013,Susan,Miller,susan.miller291@example.com,42,F,France,Marseille,Organic,2023-02-22 22:04:30
1014,William,Wilson,william.wilson266@example.com,26,M,United States,Chicago,Organic,2023-07-02 03:40:14
1015,John,Martinez,john.martinez580@example.com,44,M,United States,Seattle,Email,2023-02-25 11:21:39
1016,Elizabeth,Martin,elizabeth.martin678@example.com,47,F,France,Nice,Search,2023-03-29 21:32:32
1017,Paul,Martinez,paul.martinez166@example.com,48,M,Japan,Osaka,Search,2024-11-30 04:40:18
1018,Amanda,Johnson,amanda.johnson428@example.com,52,F,Australia,Melbourne,Search,2022-02-05 06:58:46
1019,Rebecca,Thomas,rebecca.thomas466@example.com,38,F,United States,San Francisco,Facebook,2024-12-10 19:25:42
1020,Lisa,Lee,lisa.lee156@example.com,49,F,United Kingdom,Edinburgh,Facebook,2024-02-29 19:04:26
1021,Paul,Jackson,paul.jackson488@example.com,54,M,Australia,Brisbane,Search,2024-10-02 01:02:22
1022,John,Williams,john.williams64@example.com,21,M,United States,Denver,Search,2023-12-07 13:32:51
1023,Steven,Lee,steven.lee312@example.com,27,M,United States,New York,Search,2024-10-30 12:43:39
1024,Michelle,Miller,michelle.miller728@example.com,18,F,United States,New York,Organic,2022-03-22 19:31:15
1025,James,Moore,james.moore245@example.com,47,M,United Kingdom,Birmingham,Search,2024-02-26 15:55:31
1026,William,Wilson,william.wilson703@example.com,18,M,United States,Chicago,Email,2024-02-17 11:25:10
1027,Steven,Lee,steven.lee107@example.com,18,M,Spain,Madrid,Display,2024-10-17 07:26:58
1028,Michelle,Miller,michelle.miller461@example.com,21,F,Austria,Vienna,Email,2022-04-01 16:34:11
1029,John,Wilson,john.wilson901@example.com,18,M,United States,Chicago,Email,2023-07-11 11:11:36
1030,Jennifer,Anderson,jennifer.anderson527@example.com,38,F,Germany,Cologne,Display,2023-07-21 20:00:58
1031,Patricia,Brown,patricia.brown815@example.com,21,F,United States,Miami,Facebook,2022-04-14 07:53:59
1032,Patricia,Taylor,patricia.taylor241@example.com,18,F,United States,Houston,Facebook,2023-11-13 08:38:50
1033,Ashley,Williams,ashley.williams186@example.com,34,F,Japan,Nagoya,Email,2023-06-11 11:50:42
1034,Stephanie,Moore,stephanie.moore485@example.com,35,F,China,Chengdu,Facebook,2023-07-01 09:20:24
1035,Mary,Williams,mary.williams248@example.com,18,F,Austria,Graz,Organic,2024-01-18 02:57:23
1036,David,Brown,david.brown728@example.com,26,M,United Kingdom,Birmingham,Search,2024-03-29 09:49:33
1037,Lisa,Martinez,lisa.martinez352@example.com,34,F,United States,Boston,Facebook,2023-12-27 05:28:33
1038,Sarah,Brown,sarah.brown770@example.com,30,F,China,Shenzhen,Email,2023-02-27 04:41:26
1039,Jennifer,Johnson,jennifer.johnson35@example.com,31,F,United States,Houston,Facebook,2024-11-21 02:16:23
1040,Ashley,Johnson,ashley.johnson340@example.com,49,F,Colombia,Barranquilla,Organic,2022-08-22 04:28:20
1041,Stephanie,Garcia,stephanie.garcia243@example.com,60,F,Spain,Seville,Facebook,2023-01-08 04:28:26
1042,Elizabeth,Martinez,elizabeth.martinez678@example.com,31,F,United States,Phoenix,Email,2023-06-17 14:48:06
1043,Mary,Smith,mary.smith206@example.com,19,F,United Kingdom,Edinburgh,Email,2022-12-09 05:58:53
1044,Michael,Williams,michael.williams486@example.com,32,M,Germany,Frankfurt,Organic,2023-01-10 17:59:11
1045,Daniel,Wilson,daniel.wilson360@example.com,37,M,Australia,Melbourne,Organic,2024-10-12 03:13:02
1046,Richard,Miller,richard.miller738@example.com,34,M,United States,Phoenix,Organic,2022-06-15 15:32:32
1047,Mark,Taylor,mark.taylor370@example.com,42,M,United States,New York,Display,2023-07-15 08:29:33
1048,Thomas,Moore,thomas.moore690@example.com,61,M,United States,Los Angeles,Search,2023-05-31 20:04:22
1049,Joseph,Smith,joseph.smith90@example.com,18,M,Brazil,Curitiba,Email,2022-04-06 02:52:11
1050,Emily,Martin,emily.martin749@example.com,28,F,China,Shanghai,Search,2022-08-09 13:35:27
1051,Kevin,Anderson,kevin.anderson638@example.com,53,M,United States,Denver,Display,2022-10-26 12:12:50
1052,Patricia,Moore,patricia.moore165@example.com,28,F,Brazil,Rio de Janeiro,Organic,2023-05-30 23:23:03
1053,Mary,Martinez,mary.martinez109@example.com,44,F,China,Shenzhen,Facebook,2023-04-01 21:19:03
1054,John,Smith,john.smith322@example.com,42,M,United States,Miami,Facebook,2023-10-11 19:38:11
1055,Steven,Jackson,steven.jackson987@example.com,49,M,Poland,Wrocław,Email,2023-02-17 08:47:02
1056,Mark,Lopez,mark.lopez265@example.com,57,M,France,Lyon,Email,2024-05-06 12:09:11
1057,Jessica,Smith,jessica.smith474@example.com,38,F,Brazil,Curitiba,Search,2023-02-06 14:40:07
1058,James,Brown,james.brown447@example.com,18,M,China,Shenzhen,Search,2024-07-23 05:12:07
1059,Lisa,Jones,lisa.jones295@example.com,26,F,United States,Denver,Search,2024-12-30 22:01:49
1060,Jennifer,Davis,jennifer.davis464@example.com,61,F,Colombia,Bogotá,Facebook,2024-01-02 15:19:54
1061,Sarah,Rodriguez,sarah.rodriguez176@example.com,18,F,United Kingdom,Manchester,Facebook,2022-04-22 13:03:14
1062,Kenneth,Rodriguez,kenneth.rodriguez666@example.com,40,M,China,Guangzhou,Search,2024-09-05 10:17:19
1063,David,Jackson,david.jackson160@example.com,18,M,Poland,Łódź,Email,2024-06-13 05:45:00
1064,Steven,Martin,steven.martin569@example.com,18,M,South Korea,Daejeon,Organic,2023-09-03 18:41:59
1065,Thomas,Anderson,thomas.anderson318@example.com,45,M,Australia,Melbourne,Organic,2023-01-08 05:58:52
1066,Matthew,Wilson,matthew.wilson579@example.com,35,M,United States,Seattle,Organic,2024-02-17 22:09:34
1067,Jennifer,Jackson,jennifer.jackson547@example.com,30,F,United States,Seattle,Facebook,2023-11-06 01:17:29
1068,Donna,Garcia,donna.garcia632@example.com,25,F,Spain,Bilbao,Search,2024-04-23 13:07:45
1069,Stephanie,Lopez,stephanie.lopez605@example.com,18,F,China,Shanghai,Display,2023-12-08 14:46:41
1070,Susan,Wilson,susan.wilson273@example.com,43,F,Germany,Berlin,Facebook,2024-06-22 04:57:04
1071,Kenneth,Garcia,kenneth.garcia588@example.com,31,M,Japan,Kyoto,Facebook,2024-11-25 06:10:10
1072,Elizabeth,Lee,elizabeth.lee226@example.com,18,F,United States,New York,Search,2024-04-03 06:39:21
1073,Stephanie,Jones,stephanie.jones388@example.com,35,F,United States,Los Angeles,Email,2022-12-15 02:47:26
1074,Susan,Johnson,susan.johnson215@example.com,41,F,China,Shenzhen,Email,2024-09-15 03:26:35
1075,Patricia,Miller,patricia.miller534@example.com,32,F,United States,Chicago,Organic,2024-06-24 07:10:11
1076,Thomas,Moore,thomas.moore778@example.com,36,M,Germany,Munich,Search,2023-06-02 18:37:29
1077,Anthony,Davis,anthony.davis604@example.com,35,M,Japan,Osaka,Organic,2022-03-07 12:46:24
1078,Anthony,Jones,anthony.jones98@example.com,26,M,China,Guangzhou,Organic,2024-11-10 01:30:35
1079,Paul,Jackson,paul.jackson77@example.com,35,M,Spain,Barcelona,Organic,2023-08-15 21:00:08
1080,Elizabeth,Brown,elizabeth.brown316@example.com,43,F,United Kingdom,Leeds,Facebook,2023-03-15 07:31:54
1081,Robert,Brown,robert.brown588@example.com,47,M,Spain,Madrid,Organic,2023-10-27 18:33:56
1082,Nancy,Jackson,nancy.jackson280@example.com,44,F,United States,Los Angeles,Email,2022-03-18 20:36:17
1083,Ashley,Miller,ashley.miller994@example.com,26,F,Spain,Madrid,Organic,2024-06-23 03:55:14
1084,Daniel,Smith,daniel.smith591@example.com,42,M,Spain,Bilbao,Facebook,2022-07-19 09:59:42
1085,Andrew,Rodriguez,andrew.rodriguez893@example.com,40,M,United States,Chicago,Display,2022-10-10 03:08:36
1086,Michelle,Thomas,michelle.thomas923@example.com,26,F,United Kingdom,London,Organic,2023-09-04 07:13:39
1087,Jennifer,Taylor,jennifer.taylor96@example.com,29,F,Colombia,Medellín,Search,2023-12-29 10:03:44
1088,Steven,Johnson,steven.johnson877@example.com,43,M,United States,Seattle,Organic,2022-01-16 23:22:12
1089,Charles,Garcia,charles.garcia51@example.com,51,M,Spain,Barcelona,Organic,2023-09-29 04:49:08
1090,Nancy,Wilson,nancy.wilson106@example.com,18,F,Austria,Graz,Email,2022-06-22 08:19:05
1091,Paul,Anderson,paul.anderson540@example.com,54,M,Colombia,Bogotá,Email,2024-11-10 17:37:50
1092,Lisa,Wilson,lisa.wilson540@example.com,48,F,Brazil,Salvador,Facebook,2023-02-14 14:45:09
1093,Anthony,Miller,anthony.miller648@example.com,37,M,France,Lyon,Display,2023-06-22 00:30:20
1094,Michael,Jackson,michael.jackson38@example.com,32,M,Mexico,Mexico City,Search,2023-11-15 14:31:41
1095,Mary,Johnson,mary.johnson108@example.com,39,F,United Kingdom,Leeds,Search,2022-06-21 14:50:29
1096,Rebecca,Moore,rebecca.moore791@example.com,27,F,United States,Boston,Search,2022-07-01 06:39:25
1097,Jennifer,Martin,jennifer.martin591@example.com,32,F,United States,Seattle,Facebook,2024-11-16 03:57:20
1098,Kenneth,Anderson,kenneth.anderson374@example.com,18,M,Australia,Adelaide,Search,2023-09-22 11:25:51
1099,Elizabeth,Rodriguez,elizabeth.rodriguez182@example.com,18,F,Brazil,Brasília,Search,2022-09-06 09:10:44
1100,Linda,Davis,linda.davis215@example.com,62,F,United States,San Francisco,Display,2023-12-28 03:28:02
1101,Andrew,Rodriguez,andrew.rodriguez307@example.com,35,M,United States,Houston,Organic,2024-09-04 18:09:34
1102,Joseph,Brown,joseph.brown484@example.com,37,M,Japan,Kyoto,Search,2024-04-16 04:58:11
1103,Robert,Jones,robert.jones813@example.com,34,M,China,Chengdu,Organic,2023-03-15 05:53:06
1104,Rebecca,Wilson,rebecca.wilson435@example.com,25,F,Colombia,Cali,Search,2023-12-25 05:22:54
1105,Mark,Lopez,mark.lopez437@example.com,31,M,Spain,Madrid,Search,2022-10-01 20:10:30
1106,Karen,Martinez,karen.martinez942@example.com,36,F,Mexico,Monterrey,Organic,2024-05-15 09:37:46
1107,Anthony,Martinez,anthony.martinez93@example.com,32,M,Belgium,Antwerp,Organic,2024-12-28 02:37:34
1108,Jessica,Johnson,jessica.johnson34@example.com,25,F,United States,San Francisco,Email,2023-01-13 23:10:49
1109,Robert,Jackson,robert.jackson991@example.com,40,M,Germany,Hamburg,Organic,2024-08-30 15:10:30
1110,Emily,Lee,emily.lee949@example.com,37,F,United States,San Francisco,Facebook,2022-01-25 06:23:22
1111,Joshua,Jones,joshua.jones403@example.com,39,M,Mexico,Puebla,Facebook,2023-02-14 00:04:41
1112,Joseph,Miller,joseph.miller234@example.com,43,M,United States,Denver,Email,2022-10-30 17:56:31
1113,Linda,Wilson,linda.wilson123@example.com,32,F,Germany,Cologne,Display,2022-02-01 23:06:15
1114,Lisa,Smith,lisa.smith145@example.com,32,F,South Korea,Daegu,Organic,2023-10-22 23:30:47
1115,Emily,Williams,emily.williams891@example.com,52,F,United States,Chicago,Search,2023-08-02 22:27:07
1116,Paul,Martin,paul.martin741@example.com,23,M,South Korea,Seoul,Search,2023-02-20 06:50:32
1117,Melissa,Brown,melissa.brown843@example.com,18,F,United States,Denver,Search,2024-08-05 09:11:05
1118,Jessica,Lopez,jessica.lopez522@example.com,41,F,China,Chengdu,Email,2022-09-29 19:49:32
1119,Jessica,Jackson,jessica.jackson657@example.com,27,F,China,Shanghai,Facebook,2024-06-19 00:40:08
1120,Joseph,Thomas,joseph.thomas894@example.com,22,M,Brazil,Rio de Janeiro,Search,2023-11-28 04:45:52
1121,Emily,Garcia,emily.garcia357@example.com,45,F,France,Toulouse,Search,2024-09-09 19:47:56
1122,Jennifer,Brown,jennifer.brown542@example.com,33,F,Poland,Warsaw,Email,2022-01-08 15:12:30
1123,Jennifer,Thomas,jennifer.thomas288@example.com,19,F,United States,New York,Organic,2024-11-27 14:53:14
1124,Mark,Rodriguez,mark.rodriguez505@example.com,58,M,United Kingdom,Edinburgh,Search,2022-01-03 11:36:05
1125,David,Lee,david.lee213@example.com,18,M,Colombia,Bogotá,Email,2024-02-20 18:22:46
1126,Jennifer,Wilson,jennifer.wilson206@example.com,33,F,Japan,Osaka,Facebook,2024-04-04 00:35:30
1127,Susan,Smith,susan.smith357@example.com,18,F,United States,Boston,Organic,2022-06-27 19:48:26
1128,Sarah,Garcia,sarah.garcia948@example.com,38,F,Austria,Vienna,Organic,2022-02-08 14:00:40
1129,Daniel,Thomas,daniel.thomas271@example.com,27,M,United States,Miami,Facebook,2022-02-09 20:56:14
1130,Charles,Thomas,charles.thomas664@example.com,44,M,France,Marseille,Organic,2022-05-22 18:34:16
1131,Jennifer,Thomas,jennifer.thomas571@example.com,34,F,United Kingdom,Birmingham,Display,2022-06-15 18:59:00
1132,Kenneth,Jones,kenneth.jones601@example.com,51,M,Australia,Adelaide,Email,2024-11-25 01:40:49
1133,David,Jones,david.jones131@example.com,29,M,United States,New York,Facebook,2022-08-09 04:54:16
1134,Susan,Jones,susan.jones789@example.com,18,F,United States,New York,Facebook,2024-05-31 18:28:19
1135,Mary,Anderson,mary.anderson784@example.com,37,F,Japan,Tokyo,Display,2022-03-09 05:20:13
1136,Stephanie,Smith,stephanie.smith102@example.com,31,F,United States,Phoenix,Search,2023-12-18 12:22:31
1137,Anthony,Moore,anthony.moore394@example.com,18,M,China,Chengdu,Search,2023-05-12 12:42:40
1138,Andrew,Garcia,andrew.garcia865@example.com,22,M,Spain,Madrid,Email,2023-08-15 16:29:18
1139,Linda,Martinez,linda.martinez237@example.com,26,F,Germany,Hamburg,Search,2024-05-08 08:18:22
1140,Charles,Jones,charles.jones500@example.com,53,M,United States,Phoenix,Facebook,2022-08-18 17:22:05
1141,David,Rodriguez,david.rodriguez826@example.com,43,M,United States,Los Angeles,Organic,2022-01-05 15:44:13
1142,William,Taylor,william.taylor801@example.com,30,M,Austria,Graz,Organic,2022-08-30 20:52:56
1143,Jennifer,Brown,jennifer.brown387@example.com,40,F,China,Beijing,Search,2024-05-29 23:17:58
1144,Karen,Lopez,karen.lopez712@example.com,18,F,United States,Los Angeles,Email,2023-10-10 14:09:46
1145,Margaret,Johnson,margaret.johnson930@example.com,28,F,United States,San Francisco,Search,2024-10-10 05:04:36
1146,Ashley,Brown,ashley.brown451@example.com,39,F,United States,Boston,Search,2024-07-02 17:00:43
1147,Mark,Anderson,mark.anderson973@example.com,36,M,Mexico,Guadalajara,Organic,2022-06-16 10:11:27
1148,Joseph,Lopez,joseph.lopez769@example.com,28,M,United States,Seattle,Search,2022-03-05 06:54:11
1149,Daniel,Wilson,daniel.wilson647@example.com,34,M,United States,Seattle,Facebook,2022-01-24 08:58:37
1150,Paul,Jones,paul.jones720@example.com,39,M,United Kingdom,Edinburgh,Display,2022-07-27 01:34:19
1151,James,Jones,james.jones188@example.com,34,M,United States,Denver,Facebook,2023-06-09 21:42:38
1152,Kenneth,Rodriguez,kenneth.rodriguez4@example.com,45,M,United States,Boston,Facebook,2022-01-19 01:01:30
1153,Joshua,Williams,joshua.williams826@example.com,38,M,Mexico,Puebla,Organic,2024-08-09 00:58:26
1154,Margaret,Jackson,margaret.jackson708@example.com,41,F,Spain,Bilbao,Display,2023-06-08 21:49:21
1155,Lisa,Garcia,lisa.garcia937@example.com,55,F,United States,Boston,Email,2024-03-17 19:55:47
1156,Kenneth,Thomas,kenneth.thomas508@example.com,44,M,China,Guangzhou,Email,2024-08-13 17:17:44
1157,Patricia,Brown,patricia.brown385@example.com,55,F,United States,Phoenix,Search,2022-02-07 23:53:31
1158,Michelle,Anderson,michelle.anderson838@example.com,26,F,United States,Houston,Search,2023-04-21 02:09:43
1159,Rebecca,Jones,rebecca.jones940@example.com,18,F,France,Marseille,Search,2024-01-08 05:23:19
1160,Margaret,Garcia,margaret.garcia809@example.com,33,F,China,Chengdu,Search,2024-12-27 11:06:46
1161,Joseph,Rodriguez,joseph.rodriguez826@example.com,32,M,Japan,Yokohama,Search,2024-06-14 10:20:11
1162,Lisa,Williams,lisa.williams171@example.com,52,F,Belgium,Ghent,Email,2022-08-26 13:23:04
1163,Richard,Williams,richard.williams867@example.com,21,M,United States,New York,Search,2022-10-24 19:11:05
1164,William,Taylor,william.taylor22@example.com,34,M,Poland,Kraków,Search,2024-05-25 08:27:24
1165,Kenneth,Miller,kenneth.miller754@example.com,39,M,United Kingdom,Birmingham,Email,2023-12-17 11:42:10
1166,Michael,Lopez,michael.lopez196@example.com,36,M,United States,Houston,Display,2022-10-01 08:31:51
1167,Kenneth,Wilson,kenneth.wilson42@example.com,32,M,South Korea,Incheon,Search,2023-06-25 20:58:43
1168,Kevin,Wilson,kevin.wilson740@example.com,39,M,United States,Houston,Search,2024-10-14 04:25:50
1169,Emily,Wilson,emily.wilson339@example.com,47,F,United Kingdom,London,Email,2022-08-14 03:55:54
1170,Mark,Lee,mark.lee870@example.com,53,M,Spain,Valencia,Display,2022-12-28 02:03:44
1171,Paul,Wilson,paul.wilson283@example.com,35,M,United States,Phoenix,Facebook,2024-09-14 03:40:01
1172,Daniel,Miller,daniel.miller700@example.com,25,M,Colombia,Barranquilla,Organic,2024-01-07 19:25:30
1173,Mark,Garcia,mark.garcia643@example.com,53,M,United States,Los Angeles,Facebook,2022-09-02 04:39:35
1174,Robert,Moore,robert.moore819@example.com,22,M,South Korea,Incheon,Email,2022-11-11 06:25:27
1175,Daniel,Rodriguez,daniel.rodriguez860@example.com,56,M,United States,Denver,Search,2024-07-09 07:41:38
1176,Daniel,Lopez,daniel.lopez587@example.com,51,M,United States,Chicago,Organic,2022-11-03 21:36:25
1177,Jennifer,Moore,jennifer.moore346@example.com,52,F,Brazil,Rio de Janeiro,Email,2024-02-08 07:29:54
1178,Donna,Jones,donna.jones506@example.com,43,F,Colombia,Bogotá,Facebook,2023-06-27 20:54:15
1179,Nancy,Jones,nancy.jones601@example.com,18,F,United States,San Francisco,Search,2022-08-30 21:29:19
1180,Jennifer,Johnson,jennifer.johnson969@example.com,22,F,Colombia,Barranquilla,Email,2023-02-08 04:27:48
1181,Melissa,Johnson,melissa.johnson173@example.com,38,F,United States,Phoenix,Facebook,2024-02-18 21:34:28
1182,Elizabeth,Wilson,elizabeth.wilson81@example.com,26,F,China,Shenzhen,Search,2024-05-28 07:30:16
1183,Emily,Hernandez,emily.hernandez464@example.com,31,F,Brazil,Salvador,Organic,2022-01-29 11:24:33
1184,Emily,Garcia,emily.garcia421@example.com,42,F,United States,Phoenix,Organic,2024-09-18 15:11:51
1185,Amanda,Jones,amanda.jones900@example.com,32,F,Austria,Graz,Display,2022-09-16 17:13:01
1186,Donna,Anderson,donna.anderson278@example.com,20,F,China,Guangzhou,Search,2023-12-12 10:01:53
1187,Paul,Johnson,paul.johnson149@example.com,45,M,Spain,Barcelona,Email,2022-11-09 12:26:36
1188,Kenneth,Thomas,kenneth.thomas122@example.com,41,M,United Kingdom,Edinburgh,Organic,2022-10-21 02:50:51
1189,Kevin,Martin,kevin.martin893@example.com,32,M,China,Beijing,Email,2024-08-31 15:54:41
1190,Thomas,Martinez,thomas.martinez605@example.com,43,M,France,Marseille,Display,2024-02-07 13:11:52
1191,Susan,Martinez,susan.martinez975@example.com,36,F,Belgium,Antwerp,Display,2024-09-29 08:22:59
1192,Anthony,Hernandez,anthony.hernandez263@example.com,50,M,Spain,Seville,Email,2022-01-23 20:16:51
1193,Susan,Johnson,susan.johnson82@example.com,36,F,United Kingdom,Birmingham,Organic,2022-10-24 17:40:17
1194,Margaret,Wilson,margaret.wilson463@example.com,50,F,Germany,Munich,Search,2022-02-23 05:07:22
1195,Patricia,Davis,patricia.davis173@example.com,18,F,France,Toulouse,Organic,2023-06-04 18:01:37
1196,Charles,Martinez,charles.martinez137@example.com,40,M,China,Chengdu,Facebook,2023-05-21 12:59:27
1197,Kenneth,Smith,kenneth.smith881@example.com,30,M,France,Paris,Organic,2024-12-10 21:03:51
1198,Ashley,Jackson,ashley.jackson390@example.com,24,F,China,Shenzhen,Organic,2022-09-10 21:39:16
1199,Nancy,Miller,nancy.miller70@example.com,48,F,Japan,Yokohama,Search,2023-12-31 05:53:22
1200,Michelle,Johnson,michelle.johnson200@example.com,45,F,Austria,Linz,Email,2024-12-24 18:51:29
1201,Linda,Taylor,linda.taylor367@example.com,18,F,Austria,Vienna,Search,2022-03-18 08:02:30
1202,Stephanie,Lee,stephanie.lee896@example.com,43,F,South Korea,Seoul,Organic,2023-05-03 11:54:52
1203,John,Hernandez,john.hernandez637@example.com,42,M,France,Marseille,Facebook,2023-03-05 14:49:58
1204,Richard,Smith,richard.smith522@example.com,26,M,Japan,Yokohama,Organic,2022-01-29 18:37:21
1205,Joshua,Lee,joshua.lee582@example.com,24,M,United States,Chicago,Email,2023-04-07 11:23:51
1206,Linda,Jones,linda.jones798@example.com,18,F,China,Beijing,Facebook,2022-10-05 15:53:19
1207,Amanda,Jones,amanda.jones194@example.com,30,F,United States,San Francisco,Email,2022-12-02 12:06:15
1208,Michael,Thomas,michael.thomas485@example.com,32,M,United States,Phoenix,Organic,2022-08-21 20:09:00
1209,Stephanie,Miller,stephanie.miller386@example.com,44,F,Austria,Graz,Search,2023-07-24 07:19:08
1210,Robert,Johnson,robert.johnson43@example.com,38,M,Colombia,Cali,Facebook,2023-03-13 07:02:58
1211,Joseph,Anderson,joseph.anderson550@example.com,22,M,United Kingdom,Edinburgh,Search,2024-03-16 22:37:28
1212,Steven,Garcia,steven.garcia694@example.com,37,M,United States,Miami,Email,2023-01-23 00:11:10
1213,Joshua,Jackson,joshua.jackson665@example.com,31,M,Spain,Madrid,Display,2024-01-28 04:38:15
1214,Melissa,Brown,melissa.brown48@example.com,23,F,China,Beijing,Search,2023-08-01 12:28:48
1215,Richard,Martin,richard.martin395@example.com,18,M,Australia,Sydney,Email,2023-01-20 22:41:09
1216,Jessica,Thomas,jessica.thomas395@example.com,42,F,Mexico,Puebla,Organic,2024-06-20 17:49:23
1217,Stephanie,Jones,stephanie.jones156@example.com,40,F,United States,Seattle,Search,2024-03-17 14:53:31
1218,Kevin,Lopez,kevin.lopez546@example.com,41,M,United States,Chicago,Organic,2023-07-30 21:08:02
1219,Richard,Martin,richard.martin530@example.com,26,M,United States,Denver,Facebook,2023-08-08 19:27:49
1220,Nancy,Johnson,nancy.johnson779@example.com,37,F,United States,San Francisco,Display,2024-04-16 07:00:19
1221,Joseph,Moore,joseph.moore763@example.com,18,M,Brazil,São Paulo,Organic,2024-04-22 14:48:26
1222,Rebecca,Martinez,rebecca.martinez897@example.com,23,F,United States,Los Angeles,Facebook,2024-02-19 22:43:51
1223,Daniel,Martin,daniel.martin424@example.com,35,M,United States,Denver,Organic,2022-05-05 17:00:11
1224,Linda,Jones,linda.jones205@example.com,38,F,United States,Chicago,Search,2022-09-09 21:10:33
1225,Linda,Thomas,linda.thomas541@example.com,18,F,United States,San Francisco,Facebook,2023-03-20 05:05:35
1226,Steven,Lee,steven.lee663@example.com,22,M,Spain,Bilbao,Email,2023-09-22 23:11:20
1227,Matthew,Miller,matthew.miller333@example.com,30,M,United States,Chicago,Facebook,2023-03-09 03:23:42
1228,Amanda,Williams,amanda.williams470@example.com,46,F,Colombia,Bogotá,Display,2024-06-26 09:06:13
1229,Daniel,Davis,daniel.davis917@example.com,25,M,United States,New York,Search,2023-01-21 05:22:40
1230,Michael,Lopez,michael.lopez766@example.com,36,M,United States,Boston,Organic,2023-08-19 19:59:17
1231,Thomas,Wilson,thomas.wilson609@example.com,37,M,United States,San Francisco,Search,2024-02-04 08:19:49
1232,Andrew,Martinez,andrew.martinez938@example.com,32,M,Spain,Barcelona,Email,2023-02-18 08:38:54
1233,Ashley,Martin,ashley.martin15@example.com,38,F,United States,New York,Search,2023-09-03 01:20:14
1234,Karen,Lopez,karen.lopez532@example.com,18,F,China,Guangzhou,Search,2024-03-06 19:25:03
1235,Matthew,Wilson,matthew.wilson266@example.com,27,M,United States,New York,Email,2023-02-27 13:14:35
1236,Susan,Lee,susan.lee287@example.com,52,F,Mexico,Mexico City,Organic,2024-11-29 02:21:01
1237,Robert,Martin,robert.martin783@example.com,53,M,United States,San Francisco,Facebook,2023-08-11 06:01:28
1238,Paul,Miller,paul.miller797@example.com,45,M,Brazil,Salvador,Display,2024-05-11 04:36:23
1239,Lisa,Garcia,lisa.garcia486@example.com,48,F,Colombia,Cali,Organic,2024-02-11 07:26:45
1240,Patricia,Thomas,patricia.thomas526@example.com,18,F,United States,Boston,Organic,2024-06-10 15:45:14
1241,Michael,Hernandez,michael.hernandez599@example.com,23,M,United States,Chicago,Display,2024-01-10 06:20:57
1242,Kenneth,Rodriguez,kenneth.rodriguez881@example.com,31,M,Australia,Brisbane,Facebook,2023-08-13 22:56:28
1243,Stephanie,Anderson,stephanie.anderson22@example.com,63,F,United States,Houston,Search,2024-04-12 22:30:57
1244,Amanda,Anderson,amanda.anderson565@example.com,31,F,United States,Houston,Email,2023-05-26 21:50:41
1245,Matthew,Martin,matthew.martin68@example.com,43,M,Brazil,São Paulo,Organic,2024-07-21 08:45:55
1246,James,Davis,james.davis936@example.com,39,M,United States,Miami,Email,2023-07-04 10:23:27
1247,Emily,Taylor,emily.taylor239@example.com,39,F,Belgium,Ghent,Facebook,2022-08-15 07:49:35
1248,Joshua,Jones,joshua.jones18@example.com,34,M,Germany,Frankfurt,Search,2022-07-17 06:03:23
1249,William,Martin,william.martin808@example.com,20,M,France,Paris,Email,2023-09-11 10:51:38
1250,Kevin,Johnson,kevin.johnson738@example.com,18,M,United States,Los Angeles,Search,2024-07-16 00:05:34
1251,Paul,Taylor,paul.taylor900@example.com,50,M,Spain,Seville,Email,2024-03-14 16:11:48
1252,Steven,Williams,steven.williams346@example.com,27,M,Germany,Frankfurt,Email,2022-12-30 13:34:13
1253,Linda,Jackson,linda.jackson276@example.com,18,F,United States,New York,Display,2024-07-26 06:12:13
1254,Emily,Lee,emily.lee668@example.com,40,F,Belgium,Ghent,Search,2023-12-31 05:50:12
1255,Jennifer,Moore,jennifer.moore944@example.com,40,F,United Kingdom,Edinburgh,Organic,2023-09-02 06:15:55
1256,Jennifer,Taylor,jennifer.taylor941@example.com,44,F,Australia,Perth,Search,2024-12-21 02:41:04
1257,Matthew,Martinez,matthew.martinez399@example.com,48,M,United States,Chicago,Organic,2024-05-03 04:19:57
1258,Anthony,Jones,anthony.jones653@example.com,23,M,United States,Houston,Organic,2022-11-19 15:11:35
1259,Karen,Lee,karen.lee826@example.com,24,F,Spain,Seville,Facebook,2022-03-13 04:40:01
1260,Richard,Hernandez,richard.hernandez744@example.com,31,M,Australia,Brisbane,Organic,2022-10-23 21:08:35
1261,Susan,Moore,susan.moore600@example.com,44,F,Brazil,Salvador,Display,2022-07-13 11:08:36
1262,Amanda,Thomas,amanda.thomas158@example.com,18,F,United States,Boston,Search,2022-07-19 11:15:19
1263,Anthony,Thomas,anthony.thomas631@example.com,36,M,Australia,Brisbane,Organic,2023-07-27 06:59:35
1264,Matthew,Davis,matthew.davis171@example.com,46,M,United States,San Francisco,Facebook,2024-12-13 13:34:07
1265,Matthew,Rodriguez,matthew.rodriguez451@example.com,45,M,United States,Phoenix,Search,2023-12-12 16:50:44
1266,Joshua,Rodriguez,joshua.rodriguez573@example.com,43,M,France,Marseille,Facebook,2023-04-13 11:51:58
1267,Paul,Wilson,paul.wilson27@example.com,47,M,United States,New York,Facebook,2022-09-29 18:58:54
1268,Mark,Thomas,mark.thomas430@example.com,18,M,United States,Boston,Facebook,2024-05-08 07:59:03
1269,Jessica,Brown,jessica.brown313@example.com,54,F,United States,San Francisco,Facebook,2023-08-24 19:08:12
1270,Nancy,Jones,nancy.jones111@example.com,38,F,Poland,Warsaw,Email,2022-02-23 22:00:50
1271,Emily,Smith,emily.smith647@example.com,51,F,United States,San Francisco,Display,2023-05-26 09:14:33
1272,Kevin,Hernandez,kevin.hernandez727@example.com,20,M,Germany,Munich,Search,2022-07-17 13:32:33
1273,William,Anderson,william.anderson892@example.com,18,M,Mexico,Puebla,Organic,2023-06-30 07:32:50
1274,Matthew,Jones,matthew.jones698@example.com,56,M,Germany,Frankfurt,Email,2022-03-11 04:29:12
1275,Mark,Thomas,mark.thomas183@example.com,23,M,United Kingdom,Manchester,Search,2022-08-22 18:55:49
1276,Jessica,Smith,jessica.smith92@example.com,31,F,United Kingdom,Leeds,Organic,2024-06-12 02:53:18
1277,Kevin,Jackson,kevin.jackson821@example.com,41,M,Brazil,São Paulo,Facebook,2022-07-05 01:27:24
1278,Thomas,Anderson,thomas.anderson49@example.com,44,M,France,Nice,Search,2022-04-27 16:13:33
1279,Mary,Anderson,mary.anderson380@example.com,47,F,Austria,Linz,Organic,2022-08-30 20:21:16
1280,Robert,Thomas,robert.thomas379@example.com,37,M,Australia,Perth,Email,2024-10-07 20:41:10
1281,Andrew,Davis,andrew.davis182@example.com,22,M,Brazil,Salvador,Search,2024-11-04 02:41:52
1282,Mark,Lee,mark.lee632@example.com,43,M,United States,Houston,Search,2023-12-28 19:32:46
1283,Margaret,Thomas,margaret.thomas769@example.com,43,F,Belgium,Ghent,Email,2024-05-04 15:20:07
1284,Ashley,Brown,ashley.brown892@example.com,18,F,United States,Houston,Email,2024-09-22 22:39:22
1285,Thomas,Martin,thomas.martin469@example.com,52,M,South Korea,Daegu,Facebook,2022-11-20 23:31:07
1286,Amanda,Thomas,amanda.thomas434@example.com,18,F,United States,New York,Organic,2023-03-24 16:48:19
1287,Mary,Miller,mary.miller203@example.com,47,F,Spain,Madrid,Search,2022-01-31 11:15:41
1288,Nancy,Martin,nancy.martin84@example.com,27,F,Australia,Adelaide,Email,2023-07-30 14:17:17
1289,Andrew,Jones,andrew.jones839@example.com,43,M,China,Guangzhou,Search,2024-10-10 18:45:52
1290,Paul,Wilson,paul.wilson839@example.com,41,M,United States,Los Angeles,Display,2022-01-31 04:35:58
1291,Rebecca,Anderson,rebecca.anderson980@example.com,34,F,South Korea,Busan,Email,2024-02-19 02:02:02
1292,William,Lee,william.lee125@example.com,40,M,Brazil,Brasília,Search,2023-05-26 04:00:26
1293,Amanda,Lopez,amanda.lopez421@example.com,33,F,United States,New York,Facebook,2024-11-22 16:42:35
1294,Jennifer,Lee,jennifer.lee637@example.com,43,F,United Kingdom,Birmingham,Display,2023-10-09 20:02:28
1295,Daniel,Garcia,daniel.garcia879@example.com,61,M,China,Beijing,Email,2023-03-20 18:50:11
1296,Donna,Moore,donna.moore413@example.com,18,F,Germany,Berlin,Facebook,2022-04-21 03:30:26
1297,Nancy,Jones,nancy.jones139@example.com,18,F,United States,Chicago,Search,2023-09-07 03:56:51
1298,Jennifer,Lee,jennifer.lee908@example.com,30,F,China,Beijing,Facebook,2024-12-10 10:51:46
1299,Joseph,Taylor,joseph.taylor84@example.com,29,M,Belgium,Brussels,Facebook,2022-01-15 01:58:18
1300,Ashley,Wilson,ashley.wilson704@example.com,30,F,United States,Seattle,Facebook,2022-01-05 19:23:45
1301,Melissa,Johnson,melissa.johnson366@example.com,23,F,China,Beijing,Search,2024-09-01 21:43:52
1302,Margaret,Martinez,margaret.martinez1@example.com,45,F,Germany,Berlin,Display,2022-10-20 20:36:07
1303,Jennifer,Williams,jennifer.williams525@example.com,18,F,Belgium,Brussels,Organic,2023-10-28 13:18:38
1304,Michelle,Martin,michelle.martin373@example.com,40,F,France,Nice,Search,2023-11-06 02:32:06
1305,Thomas,Davis,thomas.davis436@example.com,42,M,South Korea,Seoul,Search,2023-06-10 16:09:17
1306,David,Moore,david.moore180@example.com,38,M,United States,Boston,Search,2023-06-29 21:56:04
1307,Anthony,Martin,anthony.martin672@example.com,40,M,Brazil,São Paulo,Organic,2024-01-24 08:29:53
1308,Elizabeth,Williams,elizabeth.williams283@example.com,46,F,Austria,Vienna,Search,2022-09-19 22:08:29
1309,Rebecca,Taylor,rebecca.taylor153@example.com,35,F,Belgium,Ghent,Organic,2022-07-16 18:48:41
1310,Stephanie,Miller,stephanie.miller399@example.com,30,F,United Kingdom,Edinburgh,Search,2024-12-16 11:53:11
1311,Robert,Williams,robert.williams188@example.com,40,M,China,Shanghai,Search,2022-01-10 11:35:54
1312,Margaret,Garcia,margaret.garcia541@example.com,42,F,China,Beijing,Search,2022-07-26 19:41:53
1313,Mary,Hernandez,mary.hernandez532@example.com,45,F,United States,Miami,Organic,2024-03-09 17:11:48
1314,Kenneth,Jackson,kenneth.jackson797@example.com,18,M,Belgium,Brussels,Organic,2023-09-15 08:17:16
1315,Linda,Anderson,linda.anderson978@example.com,32,F,Australia,Sydney,Organic,2022-12-19 19:44:28
1316,Donna,Jones,donna.jones87@example.com,22,F,China,Beijing,Facebook,2022-05-07 21:26:00
1317,Patricia,Garcia,patricia.garcia38@example.com,41,F,United States,Denver,Organic,2023-02-06 18:01:34
1318,Charles,Miller,charles.miller441@example.com,43,M,United States,Denver,Facebook,2022-03-03 11:21:09
1319,Elizabeth,Thomas,elizabeth.thomas68@example.com,31,F,United States,Miami,Search,2023-08-30 04:37:09
1320,Susan,Hernandez,susan.hernandez850@example.com,26,F,Spain,Seville,Organic,2023-06-19 05:16:11
1321,Melissa,Smith,melissa.smith807@example.com,42,F,United Kingdom,London,Search,2024-10-04 03:34:55
1322,Stephanie,Johnson,stephanie.johnson432@example.com,33,F,United States,Chicago,Organic,2024-05-31 03:31:03
1323,Patricia,Johnson,patricia.johnson960@example.com,52,F,France,Nice,Facebook,2023-05-30 09:51:10
1324,Kevin,Lee,kevin.lee519@example.com,56,M,Mexico,Monterrey,Email,2023-08-05 18:57:32
1325,Melissa,Hernandez,melissa.hernandez545@example.com,47,F,United States,Chicago,Facebook,2024-01-25 19:24:06
1326,Richard,Martinez,richard.martinez778@example.com,37,M,China,Guangzhou,Organic,2022-11-18 12:36:28
1327,Lisa,Taylor,lisa.taylor551@example.com,56,F,China,Guangzhou,Search,2023-10-21 01:06:01
1328,Steven,Brown,steven.brown712@example.com,37,M,United States,Miami,Display,2022-01-19 07:39:22
1329,John,Smith,john.smith239@example.com,29,M,United Kingdom,Edinburgh,Search,2024-10-24 22:54:42
1330,Susan,Garcia,susan.garcia509@example.com,26,F,France,Marseille,Search,2024-10-26 21:11:00
1331,Kenneth,Jones,kenneth.jones809@example.com,26,M,United States,New York,Search,2024-09-01 01:26:49
1332,Patricia,Taylor,patricia.taylor966@example.com,34,F,United States,Denver,Display,2022-08-21 00:19:37
1333,Matthew,Moore,matthew.moore192@example.com,40,M,Colombia,Bogotá,Display,2024-05-13 02:10:49
1334,Amanda,Wilson,amanda.wilson37@example.com,18,F,United States,Seattle,Organic,2023-09-22 03:44:54
1335,Jennifer,Martin,jennifer.martin593@example.com,29,F,France,Toulouse,Search,2024-12-12 19:18:01
1336,Joshua,Martinez,joshua.martinez55@example.com,37,M,France,Paris,Email,2022-01-18 00:01:48
1337,Rebecca,Jones,rebecca.jones682@example.com,42,F,South Korea,Daegu,Organic,2023-03-12 01:19:54
1338,Thomas,Miller,thomas.miller427@example.com,34,M,Spain,Bilbao,Search,2022-04-17 10:32:09
1339,Jennifer,Williams,jennifer.williams799@example.com,37,F,South Korea,Daegu,Organic,2024-11-01 22:30:56
1340,Jessica,Martin,jessica.martin158@example.com,20,F,France,Lyon,Organic,2022-07-06 08:03:17
1341,Susan,Wilson,susan.wilson46@example.com,24,F,China,Beijing,Organic,2022-02-12 09:46:40
1342,David,Taylor,david.taylor217@example.com,34,M,Brazil,Salvador,Facebook,2022-05-03 23:36:30
1343,Mark,Garcia,mark.garcia64@example.com,41,M,Brazil,São Paulo,Facebook,2024-11-22 19:05:12
1344,Linda,Thomas,linda.thomas150@example.com,37,F,Brazil,Salvador,Facebook,2023-08-05 04:12:23
1345,Jessica,Miller,jessica.miller757@example.com,24,F,United States,Los Angeles,Search,2022-04-28 21:36:07
1346,Michelle,Rodriguez,michelle.rodriguez691@example.com,32,F,Brazil,Rio de Janeiro,Search,2023-03-11 18:33:49
1347,William,Anderson,william.anderson621@example.com,53,M,Brazil,Brasília,Email,2023-04-12 02:48:41
1348,Joshua,Lee,joshua.lee421@example.com,41,M,United States,Los Angeles,Search,2024-05-27 09:46:12
1349,Jessica,Lopez,jessica.lopez224@example.com,33,F,United States,Miami,Organic,2022-08-29 11:53:16
1350,Thomas,Thomas,thomas.thomas833@example.com,22,M,Japan,Yokohama,Search,2022-05-08 05:50:44
1351,Thomas,Lopez,thomas.lopez875@example.com,26,M,United Kingdom,London,Search,2024-04-01 00:30:35
1352,Stephanie,Rodriguez,stephanie.rodriguez250@example.com,35,F,Australia,Adelaide,Organic,2023-04-18 00:28:02
1353,Kenneth,Martin,kenneth.martin895@example.com,38,M,United Kingdom,Leeds,Search,2022-05-16 21:19:22
1354,Jennifer,Lee,jennifer.lee623@example.com,41,F,Colombia,Barranquilla,Facebook,2023-04-14 22:26:03
1355,Michael,Miller,michael.miller346@example.com,39,M,Australia,Perth,Organic,2023-04-12 13:55:04
1356,Nancy,Jackson,nancy.jackson214@example.com,30,F,United States,Seattle,Email,2022-09-10 17:44:02
1357,Linda,Martinez,linda.martinez590@example.com,28,F,Mexico,Guadalajara,Facebook,2022-08-08 14:49:07
1358,Rebecca,Thomas,rebecca.thomas15@example.com,59,F,United States,Chicago,Search,2022-04-16 01:52:04
1359,Mark,Hernandez,mark.hernandez316@example.com,28,M,France,Lyon,Email,2024-07-09 07:11:37
1360,Melissa,Taylor,melissa.taylor688@example.com,19,F,Australia,Melbourne,Display,2022-01-12 16:13:07
1361,Susan,Jackson,susan.jackson496@example.com,18,F,United States,Chicago,Search,2023-07-11 07:39:15
1362,John,Rodriguez,john.rodriguez146@example.com,30,M,France,Toulouse,Facebook,2022-01-21 14:47:48
1363,James,Thomas,james.thomas159@example.com,46,M,Brazil,Brasília,Facebook,2024-05-30 11:24:39
1364,Thomas,Hernandez,thomas.hernandez693@example.com,28,M,United States,Phoenix,Facebook,2023-03-13 11:51:57
1365,Ashley,Taylor,ashley.taylor836@example.com,52,F,United States,Miami,Search,2024-12-10 11:31:24
1366,Patricia,Brown,patricia.brown690@example.com,34,F,United States,Miami,Search,2022-03-01 10:24:25
1367,Susan,Thomas,susan.thomas157@example.com,48,F,United States,Boston,Search,2022-12-30 13:18:41
1368,Michelle,Lopez,michelle.lopez667@example.com,25,F,France,Lyon,Search,2023-03-09 00:58:21
1369,Lisa,Martinez,lisa.martinez277@example.com,26,F,United Kingdom,Manchester,Organic,2022-03-17 05:54:09
1370,David,Davis,david.davis591@example.com,36,M,China,Shanghai,Email,2023-04-24 23:07:21
1371,Joseph,Thomas,joseph.thomas590@example.com,40,M,Spain,Madrid,Organic,2023-05-18 17:36:32
1372,Emily,Miller,emily.miller884@example.com,32,F,United States,Seattle,Organic,2023-05-03 16:44:34
1373,John,Smith,john.smith824@example.com,38,M,United States,Denver,Search,2023-08-08 01:49:10
1374,Donna,Martin,donna.martin76@example.com,42,F,Japan,Yokohama,Organic,2022-07-29 20:42:20
1375,Sarah,Rodriguez,sarah.rodriguez1@example.com,18,F,Belgium,Charleroi,Email,2022-09-19 10:21:12
1376,Joshua,Brown,joshua.brown930@example.com,30,M,China,Guangzhou,Email,2023-07-01 02:14:16
1377,Jennifer,Jones,jennifer.jones306@example.com,28,F,United States,Denver,Organic,2023-12-07 04:19:41
1378,Thomas,Moore,thomas.moore66@example.com,29,M,Australia,Melbourne,Organic,2023-03-06 14:05:53
1379,Susan,Miller,susan.miller191@example.com,39,F,Belgium,Antwerp,Search,2023-05-16 08:34:27
1380,Sarah,Garcia,sarah.garcia495@example.com,28,F,Brazil,Curitiba,Display,2024-12-19 12:46:08
1381,Rebecca,Martinez,rebecca.martinez887@example.com,18,F,United States,Seattle,Organic,2023-12-09 06:20:23
1382,Joseph,Smith,joseph.smith922@example.com,32,M,United States,Phoenix,Organic,2022-02-19 16:17:52
1383,Paul,Lopez,paul.lopez656@example.com,22,M,France,Nice,Organic,2023-01-30 21:22:11
1384,Kevin,Smith,kevin.smith269@example.com,40,M,Belgium,Charleroi,Search,2022-02-28 23:55:37
1385,Thomas,Moore,thomas.moore712@example.com,44,M,Germany,Munich,Organic,2024-08-16 08:27:14
1386,Robert,Rodriguez,robert.rodriguez837@example.com,18,M,United States,Seattle,Display,2024-06-21 20:38:43
1387,Robert,Jones,robert.jones410@example.com,25,M,Germany,Munich,Search,2023-05-26 00:54:53
1388,Rebecca,Martinez,rebecca.martinez593@example.com,39,F,South Korea,Incheon,Search,2022-10-19 06:58:46
1389,Thomas,Brown,thomas.brown489@example.com,18,M,China,Chengdu,Search,2024-02-27 09:07:38
1390,Richard,Miller,richard.miller860@example.com,44,M,Australia,Perth,Search,2022-07-21 05:54:30
1391,Sarah,Williams,sarah.williams612@example.com,47,F,Brazil,São Paulo,Display,2024-04-23 08:07:48
1392,Nancy,Anderson,nancy.anderson49@example.com,33,F,United States,San Francisco,Facebook,2024-08-15 13:28:21
1393,Melissa,Lee,melissa.lee870@example.com,25,F,France,Toulouse,Display,2022-07-16 19:39:57
1394,Amanda,Martinez,amanda.martinez555@example.com,18,F,China,Shenzhen,Email,2023-08-07 08:07:14
1395,Amanda,Johnson,amanda.johnson430@example.com,44,F,Mexico,Guadalajara,Facebook,2022-06-19 06:02:20
1396,Karen,Johnson,karen.johnson189@example.com,59,F,United Kingdom,Leeds,Facebook,2023-11-06 06:57:08
1397,Mary,Moore,mary.moore698@example.com,56,F,Brazil,Curitiba,Organic,2024-01-09 22:24:02
1398,Rebecca,Miller,rebecca.miller19@example.com,32,F,Brazil,São Paulo,Facebook,2022-01-09 17:12:24
1399,James,Garcia,james.garcia174@example.com,21,M,United Kingdom,Leeds,Facebook,2024-10-31 13:36:56
1400,William,Williams,william.williams688@example.com,45,M,Brazil,Curitiba,Facebook,2022-10-13 12:32:10
1401,Mark,Anderson,mark.anderson272@example.com,33,M,Spain,Valencia,Organic,2023-05-23 13:20:40
1402,Paul,Johnson,paul.johnson749@example.com,40,M,Brazil,Rio de Janeiro,Facebook,2022-10-11 19:51:15
1403,Linda,Martin,linda.martin262@example.com,38,F,Brazil,Rio de Janeiro,Search,2024-09-18 05:58:10
1404,Mark,Jones,mark.jones735@example.com,36,M,France,Lyon,Facebook,2024-04-13 04:14:48
1405,Kevin,Johnson,kevin.johnson678@example.com,47,M,United States,Houston,Organic,2024-12-19 18:45:27
1406,Mark,Thomas,mark.thomas726@example.com,47,M,Germany,Frankfurt,Organic,2023-02-27 04:18:47
1407,Rebecca,Davis,rebecca.davis733@example.com,28,F,China,Shanghai,Organic,2023-09-08 23:42:49
1408,Michael,Anderson,michael.anderson799@example.com,23,M,China,Beijing,Email,2023-09-25 06:59:57
1409,Elizabeth,Smith,elizabeth.smith368@example.com,18,F,Spain,Bilbao,Email,2022-09-09 20:52:41
1410,Ashley,Jackson,ashley.jackson469@example.com,30,F,Japan,Nagoya,Organic,2024-10-17 10:25:34
1411,Robert,Miller,robert.miller70@example.com,21,M,South Korea,Busan,Organic,2024-08-04 07:58:56
1412,Nancy,Taylor,nancy.taylor347@example.com,40,F,Brazil,Brasília,Search,2024-12-14 05:18:55
1413,Joshua,Martin,joshua.martin459@example.com,30,M,United States,Phoenix,Search,2023-05-16 14:57:54
1414,Kevin,Hernandez,kevin.hernandez770@example.com,32,M,Spain,Barcelona,Search,2022-05-20 10:12:54
1415,Karen,Miller,karen.miller902@example.com,44,F,France,Paris,Email,2022-06-23 22:06:42
1416,Lisa,Miller,lisa.miller666@example.com,39,F,France,Paris,Email,2023-09-01 16:11:15
1417,Daniel,Anderson,daniel.anderson128@example.com,33,M,United Kingdom,Leeds,Search,2024-06-15 04:46:14
1418,Michelle,Smith,michelle.smith200@example.com,55,F,Japan,Tokyo,Email,2024-02-05 13:27:00
1419,Daniel,Williams,daniel.williams533@example.com,43,M,United States,Seattle,Organic,2024-03-13 03:12:04
1420,Emily,Wilson,emily.wilson435@example.com,30,F,United Kingdom,London,Email,2024-05-06 08:20:50
1421,Elizabeth,Smith,elizabeth.smith929@example.com,30,F,United States,Los Angeles,Organic,2024-07-11 20:19:08
1422,Nancy,Garcia,nancy.garcia182@example.com,44,F,Brazil,São Paulo,Facebook,2024-10-04 12:26:35
1423,Michelle,Wilson,michelle.wilson570@example.com,37,F,Germany,Munich,Organic,2023-02-02 13:36:53
1424,Matthew,Garcia,matthew.garcia778@example.com,21,M,China,Beijing,Search,2024-03-08 12:42:07
1425,Margaret,Martin,margaret.martin437@example.com,45,F,Brazil,Rio de Janeiro,Search,2022-11-02 00:00:48
1426,Emily,Lee,emily.lee247@example.com,50,F,Belgium,Antwerp,Facebook,2024-01-26 11:29:49
1427,Nancy,Smith,nancy.smith130@example.com,49,F,Japan,Nagoya,Display,2022-03-02 16:26:38
1428,Mark,Brown,mark.brown622@example.com,53,M,United Kingdom,Birmingham,Facebook,2022-03-01 05:41:12
1429,Kevin,Martin,kevin.martin630@example.com,59,M,Austria,Salzburg,Email,2022-08-07 18:27:42
1430,Joseph,Smith,joseph.smith734@example.com,55,M,Brazil,Rio de Janeiro,Search,2023-08-20 13:50:50
1431,Charles,Martinez,charles.martinez836@example.com,39,M,Australia,Brisbane,Email,2024-09-24 01:40:53
1432,James,Martin,james.martin990@example.com,32,M,United States,New York,Email,2023-10-18 15:33:19
1433,Kenneth,Lopez,kenneth.lopez188@example.com,18,M,United States,Chicago,Organic,2023-09-07 14:44:30
1434,Lisa,Miller,lisa.miller433@example.com,35,F,United States,New York,Organic,2024-02-02 15:57:24
1435,David,Smith,david.smith324@example.com,41,M,United States,New York,Search,2024-08-28 13:28:27
1436,Jessica,Davis,jessica.davis871@example.com,35,F,China,Shanghai,Search,2023-10-01 18:47:14
1437,Karen,Hernandez,karen.hernandez118@example.com,18,F,United States,Los Angeles,Search,2024-03-18 23:46:30
1438,Amanda,Johnson,amanda.johnson664@example.com,31,F,France,Lyon,Facebook,2023-03-25 08:20:55
1439,Daniel,Hernandez,daniel.hernandez315@example.com,42,M,United States,Miami,Email,2024-12-25 14:44:07
1440,Jessica,Rodriguez,jessica.rodriguez9@example.com,22,F,United States,Los Angeles,Search,2023-06-18 18:22:56
1441,Margaret,Miller,margaret.miller597@example.com,36,F,Austria,Linz,Display,2024-09-04 19:52:13
1442,Ashley,Lee,ashley.lee391@example.com,40,F,Germany,Munich,Email,2024-11-25 05:09:31
1443,Rebecca,Jackson,rebecca.jackson690@example.com,48,F,Poland,Kraków,Facebook,2024-08-24 13:25:44
1444,Ashley,Anderson,ashley.anderson394@example.com,55,F,China,Chengdu,Display,2022-12-27 08:50:56
1445,Linda,Lopez,linda.lopez190@example.com,30,F,United States,Phoenix,Email,2023-02-13 19:46:15
1446,Patricia,Martinez,patricia.martinez120@example.com,37,F,United Kingdom,Manchester,Search,2024-05-08 23:31:44
1447,Joshua,Johnson,joshua.johnson181@example.com,37,M,United Kingdom,Manchester,Display,2024-10-13 23:13:37
1448,Karen,Miller,karen.miller437@example.com,42,F,United States,Los Angeles,Organic,2023-10-28 03:31:34
1449,Elizabeth,Smith,elizabeth.smith269@example.com,41,F,Colombia,Barranquilla,Search,2024-05-01 03:29:10
1450,Elizabeth,Davis,elizabeth.davis117@example.com,52,F,France,Toulouse,Search,2023-05-01 23:52:37
1451,Jennifer,Martinez,jennifer.martinez317@example.com,18,F,Japan,Osaka,Facebook,2024-07-27 11:38:26
1452,Joshua,Wilson,joshua.wilson834@example.com,40,M,China,Shenzhen,Display,2023-03-30 16:17:25
1453,Michelle,Davis,michelle.davis839@example.com,40,F,France,Marseille,Organic,2023-11-12 23:46:58
1454,Michael,Garcia,michael.garcia362@example.com,32,M,United States,New York,Facebook,2023-08-12 06:18:56
1455,Michael,Thomas,michael.thomas521@example.com,18,M,Mexico,Puebla,Organic,2024-07-04 19:10:50
1456,Paul,Brown,paul.brown183@example.com,34,M,Brazil,Salvador,Email,2024-05-25 18:32:48
1457,William,Williams,william.williams412@example.com,26,M,United States,San Francisco,Search,2024-07-07 23:42:44
1458,Charles,Anderson,charles.anderson601@example.com,55,M,United States,Miami,Facebook,2022-05-14 18:06:21
1459,Paul,Lopez,paul.lopez19@example.com,39,M,France,Paris,Facebook,2022-09-26 21:35:01
1460,Sarah,Jackson,sarah.jackson856@example.com,25,F,Mexico,Puebla,Search,2024-09-24 04:04:33
1461,Ashley,Thomas,ashley.thomas903@example.com,18,F,Belgium,Ghent,Display,2022-05-23 15:55:29
1462,Joseph,Martin,joseph.martin934@example.com,42,M,Spain,Bilbao,Display,2024-04-27 16:34:45
1463,Melissa,Anderson,melissa.anderson211@example.com,43,F,Mexico,Puebla,Organic,2023-11-26 13:43:44
1464,Joseph,Moore,joseph.moore893@example.com,32,M,Spain,Valencia,Facebook,2023-01-18 04:27:46
1465,Elizabeth,Brown,elizabeth.brown114@example.com,42,F,United States,Chicago,Email,2022-02-11 13:06:07
1466,Daniel,Hernandez,daniel.hernandez881@example.com,30,M,France,Toulouse,Search,2022-01-12 03:34:18
1467,Elizabeth,Martin,elizabeth.martin136@example.com,47,F,United States,San Francisco,Search,2024-09-04 00:57:09
1468,Robert,Taylor,robert.taylor348@example.com,46,M,United States,Phoenix,Facebook,2022-04-26 05:19:55
1469,Susan,Rodriguez,susan.rodriguez947@example.com,18,F,Brazil,Salvador,Facebook,2024-03-26 16:08:06
1470,Thomas,Martin,thomas.martin505@example.com,18,M,United States,Denver,Facebook,2022-06-08 02:42:34
1471,Rebecca,Miller,rebecca.miller217@example.com,59,F,Austria,Vienna,Facebook,2023-03-11 15:33:22
1472,Mark,Smith,mark.smith371@example.com,46,M,Mexico,Monterrey,Facebook,2022-04-24 10:04:59
1473,Linda,Taylor,linda.taylor330@example.com,19,F,Brazil,Salvador,Search,2023-11-29 12:18:43
1474,Jennifer,Rodriguez,jennifer.rodriguez921@example.com,18,F,Spain,Barcelona,Search,2022-04-23 13:01:53
1475,Amanda,Smith,amanda.smith412@example.com,37,F,Brazil,Rio de Janeiro,Search,2023-11-17 18:33:04
1476,Patricia,Jones,patricia.jones93@example.com,21,F,United States,New York,Organic,2024-11-17 08:36:55
1477,Karen,Johnson,karen.johnson166@example.com,31,F,United States,Houston,Email,2024-03-23 09:32:10
1478,Joseph,Lee,joseph.lee554@example.com,34,M,United States,San Francisco,Email,2023-12-23 00:19:45
1479,James,Moore,james.moore14@example.com,33,M,United States,Boston,Organic,2024-09-19 05:02:41
1480,Thomas,Martin,thomas.martin247@example.com,48,M,United States,San Francisco,Facebook,2024-06-17 14:23:08
1481,Kevin,Brown,kevin.brown603@example.com,57,M,United States,Chicago,Search,2024-03-13 14:27:36
1482,Donna,Moore,donna.moore849@example.com,29,F,United States,Denver,Organic,2023-09-09 06:44:44
1483,Jessica,Lopez,jessica.lopez97@example.com,21,F,Belgium,Brussels,Display,2023-03-04 02:11:18
1484,Ashley,Garcia,ashley.garcia339@example.com,39,F,United States,Los Angeles,Search,2023-11-10 08:03:28
1485,Ashley,Anderson,ashley.anderson390@example.com,54,F,United States,San Francisco,Email,2022-04-27 16:59:19
1486,Margaret,Lee,margaret.lee862@example.com,30,F,United Kingdom,Edinburgh,Search,2024-08-22 16:38:09
1487,Rebecca,Martinez,rebecca.martinez785@example.com,45,F,Brazil,Rio de Janeiro,Organic,2024-08-27 04:07:33
1488,Michelle,Smith,michelle.smith927@example.com,24,F,United Kingdom,London,Facebook,2022-10-14 20:33:01
1489,Joshua,Moore,joshua.moore620@example.com,35,M,United States,Miami,Email,2024-04-08 23:13:22
1490,Rebecca,Brown,rebecca.brown172@example.com,21,F,Germany,Hamburg,Facebook,2024-01-31 12:06:27
1491,Rebecca,Brown,rebecca.brown937@example.com,35,F,United Kingdom,Leeds,Email,2024-07-24 01:16:21
1492,Kevin,Wilson,kevin.wilson753@example.com,33,M,Germany,Munich,Email,2024-09-11 17:50:23
1493,Charles,Taylor,charles.taylor660@example.com,42,M,United Kingdom,London,Facebook,2024-03-25 06:52:23
1494,Ashley,Taylor,ashley.taylor350@example.com,56,F,China,Beijing,Organic,2024-10-22 05:45:38
1495,Melissa,Jackson,melissa.jackson794@example.com,30,F,Brazil,Brasília,Organic,2022-12-22 23:48:57
1496,Donna,Jackson,donna.jackson403@example.com,18,F,United States,Phoenix,Facebook,2023-05-02 05:35:15
1497,Margaret,Williams,margaret.williams324@example.com,32,F,China,Chengdu,Facebook,2022-06-13 03:57:56
1498,William,Miller,william.miller274@example.com,38,M,United States,Chicago,Organic,2024-07-27 02:23:48
1499,Michael,Thomas,michael.thomas659@example.com,37,M,United States,Houston,Organic,2022-10-31 18:43:05
1500,Melissa,Davis,melissa.davis616@example.com,33,F,Germany,Berlin,Search,2023-07-06 17:25:45
1501,Nancy,Thomas,nancy.thomas227@example.com,52,F,United States,San Francisco,Search,2022-06-28 05:09:22
1502,Lisa,Martinez,lisa.martinez343@example.com,36,F,United States,Denver,Organic,2022-10-10 09:14:36
1503,Rebecca,Martinez,rebecca.martinez227@example.com,33,F,Germany,Cologne,Email,2024-01-10 04:06:01
1504,William,Smith,william.smith740@example.com,25,M,Brazil,Rio de Janeiro,Email,2022-10-02 19:12:15
1505,Susan,Wilson,susan.wilson343@example.com,18,F,Australia,Brisbane,Display,2023-07-19 11:49:50
1506,David,Jackson,david.jackson777@example.com,38,M,Poland,Łódź,Facebook,2023-05-10 16:25:26
1507,Matthew,Moore,matthew.moore232@example.com,37,M,Austria,Vienna,Search,2023-11-05 03:50:52
1508,Michael,Miller,michael.miller395@example.com,22,M,Brazil,Salvador,Facebook,2022-10-10 09:18:37
1509,William,Anderson,william.anderson27@example.com,34,M,United States,Los Angeles,Email,2023-06-15 20:09:45
1510,Patricia,Brown,patricia.brown5@example.com,33,F,France,Paris,Facebook,2022-02-02 19:50:19
1511,Joseph,Wilson,joseph.wilson29@example.com,27,M,France,Paris,Organic,2023-07-22 12:22:21
1512,Paul,Rodriguez,paul.rodriguez66@example.com,25,M,France,Nice,Facebook,2022-04-26 13:46:29
1513,Lisa,Martin,lisa.martin927@example.com,39,F,United States,Seattle,Search,2024-03-08 12:54:47
1514,Elizabeth,Thomas,elizabeth.thomas274@example.com,32,F,United States,Miami,Search,2024-07-18 21:30:18
1515,Mark,Johnson,mark.johnson531@example.com,27,M,United States,Seattle,Search,2023-03-16 16:20:44
1516,Joshua,Jackson,joshua.jackson952@example.com,24,M,United States,Miami,Organic,2024-08-24 08:19:47
1517,Daniel,Thomas,daniel.thomas487@example.com,33,M,United States,Phoenix,Email,2023-03-06 15:58:37
1518,Susan,Jones,susan.jones394@example.com,46,F,Poland,Wrocław,Search,2024-08-13 23:35:33
1519,Joseph,Garcia,joseph.garcia728@example.com,37,M,United States,New York,Search,2023-07-24 03:39:32
1520,Charles,Brown,charles.brown743@example.com,32,M,France,Marseille,Email,2023-08-30 07:33:37
1521,John,Miller,john.miller101@example.com,38,M,Austria,Salzburg,Email,2023-03-24 09:44:21
1522,Jennifer,Martin,jennifer.martin935@example.com,51,F,Brazil,Curitiba,Organic,2024-10-21 01:30:43
1523,Paul,Martin,paul.martin123@example.com,40,M,United Kingdom,Manchester,Organic,2024-02-13 10:38:34
1524,Jennifer,Lopez,jennifer.lopez341@example.com,38,F,Spain,Madrid,Organic,2023-07-01 12:09:13
1525,Robert,Davis,robert.davis952@example.com,42,M,United States,Miami,Facebook,2024-05-21 05:28:45
1526,Donna,Davis,donna.davis561@example.com,33,F,China,Shanghai,Email,2023-05-22 11:40:30
1527,Joseph,Lee,joseph.lee568@example.com,37,M,Australia,Perth,Search,2024-08-17 14:11:51
1528,Steven,Brown,steven.brown851@example.com,29,M,Japan,Yokohama,Display,2023-06-04 10:45:47
1529,John,Taylor,john.taylor448@example.com,18,M,Australia,Perth,Facebook,2024-06-05 22:25:24
1530,Jennifer,Lee,jennifer.lee614@example.com,39,F,Mexico,Guadalajara,Facebook,2022-10-06 06:03:41
1531,Patricia,Jackson,patricia.jackson545@example.com,39,F,Brazil,São Paulo,Search,2023-09-13 03:51:46
1532,Robert,Thomas,robert.thomas112@example.com,31,M,Japan,Yokohama,Display,2023-11-03 18:52:06
1533,Thomas,Jackson,thomas.jackson304@example.com,47,M,France,Lyon,Organic,2023-08-01 11:43:29
1534,Michelle,Jones,michelle.jones769@example.com,26,F,Germany,Munich,Organic,2023-05-07 14:26:08
1535,Stephanie,Lee,stephanie.lee328@example.com,18,F,Spain,Madrid,Organic,2022-01-02 10:56:18
1536,Robert,Johnson,robert.johnson903@example.com,26,M,Japan,Osaka,Search,2024-12-03 06:00:12
1537,Steven,Smith,steven.smith958@example.com,18,M,Belgium,Charleroi,Search,2022-08-25 08:38:39
1538,Michelle,Brown,michelle.brown768@example.com,39,F,United States,Denver,Search,2022-07-08 07:40:15
1539,Melissa,Wilson,melissa.wilson1@example.com,25,F,Germany,Munich,Search,2024-06-07 06:35:15
1540,Patricia,Jones,patricia.jones752@example.com,46,F,United States,Los Angeles,Organic,2022-03-25 23:47:16
1541,Rebecca,Wilson,rebecca.wilson980@example.com,46,F,France,Paris,Facebook,2024-04-15 22:18:01
1542,Lisa,Williams,lisa.williams755@example.com,23,F,Japan,Tokyo,Facebook,2023-01-20 11:57:16
1543,Anthony,Anderson,anthony.anderson637@example.com,25,M,Australia,Sydney,Facebook,2024-02-28 14:12:56
1544,Robert,Jones,robert.jones612@example.com,41,M,Brazil,Salvador,Search,2022-08-25 00:39:06
1545,Richard,Hernandez,richard.hernandez495@example.com,46,M,China,Guangzhou,Organic,2024-02-09 13:43:08
1546,Robert,Williams,robert.williams248@example.com,18,M,United States,Miami,Facebook,2024-12-22 03:15:08
1547,Richard,Lee,richard.lee477@example.com,38,M,United States,Houston,Facebook,2023-07-07 04:58:20
1548,William,Davis,william.davis910@example.com,18,M,United States,Denver,Organic,2023-09-04 15:26:11
1549,Patricia,Wilson,patricia.wilson86@example.com,28,F,Poland,Warsaw,Display,2023-11-03 03:08:58
1550,Paul,Martinez,paul.martinez129@example.com,48,M,United States,Chicago,Email,2023-01-29 21:22:45
1551,Andrew,Lopez,andrew.lopez874@example.com,71,M,Mexico,Puebla,Email,2023-08-27 06:32:43
1552,Jessica,Martinez,jessica.martinez826@example.com,32,F,United States,Denver,Facebook,2023-12-05 19:14:13
1553,Margaret,Johnson,margaret.johnson510@example.com,20,F,Spain,Valencia,Organic,2022-01-28 00:46:21
1554,Linda,Moore,linda.moore359@example.com,28,F,United Kingdom,Leeds,Display,2023-05-12 03:46:13
1555,Margaret,Wilson,margaret.wilson111@example.com,35,F,Spain,Seville,Display,2023-08-01 01:07:17
1556,Rebecca,Garcia,rebecca.garcia673@example.com,26,F,Germany,Cologne,Email,2022-08-17 15:55:28
1557,William,Johnson,william.johnson539@example.com,23,M,Spain,Barcelona,Email,2023-05-31 12:28:57
1558,Joshua,Jackson,joshua.jackson804@example.com,29,M,Belgium,Brussels,Display,2023-03-08 23:58:02
1559,Rebecca,Miller,rebecca.miller362@example.com,39,F,United Kingdom,London,Facebook,2023-08-30 18:43:51
1560,Michael,Martin,michael.martin797@example.com,32,M,United States,Houston,Search,2022-11-10 13:23:33
1561,Richard,Taylor,richard.taylor953@example.com,24,M,United States,Chicago,Organic,2024-09-10 09:09:16
1562,David,Lee,david.lee161@example.com,26,M,Spain,Valencia,Facebook,2023-11-30 03:55:58
1563,Paul,Anderson,paul.anderson764@example.com,30,M,China,Shanghai,Email,2023-11-18 08:15:21
1564,Michael,Brown,michael.brown610@example.com,23,M,United Kingdom,Birmingham,Organic,2024-06-13 03:25:22
1565,Michael,Smith,michael.smith407@example.com,26,M,France,Toulouse,Organic,2022-01-24 07:15:44
1566,Margaret,Jones,margaret.jones215@example.com,42,F,Brazil,São Paulo,Display,2022-10-15 12:31:34
1567,Rebecca,Rodriguez,rebecca.rodriguez155@example.com,32,F,Japan,Osaka,Organic,2022-07-17 22:44:03
1568,David,Wilson,david.wilson112@example.com,18,M,Spain,Valencia,Search,2023-11-12 08:27:53
1569,Linda,Jackson,linda.jackson266@example.com,47,F,Spain,Madrid,Facebook,2023-01-10 18:22:10
1570,Kenneth,Williams,kenneth.williams513@example.com,40,M,Spain,Seville,Organic,2024-02-15 18:51:02
1571,Rebecca,Wilson,rebecca.wilson538@example.com,18,F,Belgium,Charleroi,Search,2024-10-28 15:43:47
1572,Michelle,Johnson,michelle.johnson986@example.com,30,F,France,Lyon,Facebook,2023-02-10 03:53:03
1573,Andrew,Martinez,andrew.martinez740@example.com,25,M,Austria,Vienna,Display,2022-12-29 00:24:46
1574,Jessica,Johnson,jessica.johnson980@example.com,43,F,United States,San Francisco,Organic,2023-06-18 20:26:12
1575,Michelle,Davis,michelle.davis753@example.com,30,F,France,Nice,Organic,2023-06-20 15:42:54
1576,Margaret,Wilson,margaret.wilson573@example.com,34,F,Spain,Barcelona,Organic,2023-01-28 21:42:07
1577,Nancy,Thomas,nancy.thomas815@example.com,32,F,China,Chengdu,Facebook,2023-01-14 23:45:30
1578,Stephanie,Moore,stephanie.moore771@example.com,18,F,United States,Denver,Organic,2023-02-13 07:56:33
1579,Robert,Hernandez,robert.hernandez807@example.com,51,M,United Kingdom,Manchester,Organic,2023-06-18 16:36:09
1580,Ashley,Garcia,ashley.garcia250@example.com,42,F,Brazil,Brasília,Facebook,2023-05-04 14:34:14
1581,Mary,Martin,mary.martin723@example.com,26,F,Belgium,Brussels,Display,2023-05-15 22:29:50
1582,Donna,Martin,donna.martin224@example.com,37,F,Brazil,Brasília,Organic,2022-11-20 11:42:52
1583,Mark,Lee,mark.lee318@example.com,46,M,United States,Denver,Facebook,2023-11-25 21:27:33
1584,Melissa,Taylor,melissa.taylor706@example.com,35,F,United Kingdom,Edinburgh,Email,2023-06-19 17:18:41
1585,Richard,Taylor,richard.taylor505@example.com,53,M,Brazil,São Paulo,Search,2022-09-08 23:45:25
1586,Stephanie,Johnson,stephanie.johnson785@example.com,70,F,United States,Seattle,Email,2024-04-03 17:00:15
1587,Kenneth,Lopez,kenneth.lopez720@example.com,33,M,United Kingdom,London,Organic,2024-08-22 07:36:04
1588,Elizabeth,Rodriguez,elizabeth.rodriguez741@example.com,28,F,United Kingdom,Manchester,Search,2023-03-08 18:08:39
1589,Linda,Garcia,linda.garcia148@example.com,23,F,United States,Denver,Search,2023-07-27 04:52:27
1590,Kevin,Johnson,kevin.johnson105@example.com,18,M,France,Toulouse,Search,2024-11-01 06:06:19
1591,Jessica,Jones,jessica.jones248@example.com,49,F,United Kingdom,Manchester,Email,2022-12-12 17:49:21
1592,Matthew,Martin,matthew.martin356@example.com,30,M,Japan,Nagoya,Facebook,2022-08-27 16:55:20
1593,Melissa,Martin,melissa.martin819@example.com,45,F,Brazil,Salvador,Email,2023-01-15 00:59:47
1594,Rebecca,Thomas,rebecca.thomas45@example.com,47,F,United States,New York,Email,2023-05-08 04:59:05
1595,Paul,Williams,paul.williams540@example.com,22,M,Austria,Vienna,Organic,2023-05-01 23:46:59
1596,Thomas,Anderson,thomas.anderson785@example.com,23,M,United Kingdom,Leeds,Display,2023-10-21 20:16:55
1597,Andrew,Williams,andrew.williams363@example.com,55,M,United States,Denver,Email,2022-10-30 18:07:56
1598,Steven,Anderson,steven.anderson312@example.com,34,M,South Korea,Seoul,Organic,2023-08-18 20:59:20
1599,Elizabeth,Smith,elizabeth.smith205@example.com,27,F,United States,San Francisco,Email,2022-04-28 19:02:11
1600,Nancy,Garcia,nancy.garcia429@example.com,22,F,Australia,Adelaide,Email,2024-11-02 21:36:02
1601,Andrew,Williams,andrew.williams615@example.com,33,M,Spain,Bilbao,Organic,2022-11-19 17:29:23
1602,Patricia,Martin,patricia.martin578@example.com,53,F,Austria,Linz,Search,2022-12-22 03:20:26
1603,Michael,Lopez,michael.lopez849@example.com,43,M,Austria,Salzburg,Organic,2022-06-26 12:57:20
1604,Linda,Martin,linda.martin1@example.com,37,F,United States,Boston,Display,2023-02-18 12:10:29
1605,Andrew,Smith,andrew.smith293@example.com,54,M,Japan,Nagoya,Facebook,2024-12-02 23:18:51
1606,Jennifer,Thomas,jennifer.thomas354@example.com,51,F,United States,Seattle,Email,2023-10-15 06:30:41
1607,Jennifer,Martinez,jennifer.martinez391@example.com,39,F,France,Nice,Display,2024-01-01 11:50:40
1608,Anthony,Martinez,anthony.martinez726@example.com,68,M,France,Paris,Search,2023-10-16 00:31:19
1609,Jessica,Jackson,jessica.jackson101@example.com,32,F,United States,New York,Display,2023-01-01 21:09:54
1610,Donna,Smith,donna.smith286@example.com,48,F,United States,San Francisco,Organic,2024-05-12 05:56:55
1611,Daniel,Martin,daniel.martin55@example.com,30,M,United States,Seattle,Facebook,2023-01-11 08:53:13
1612,John,Smith,john.smith570@example.com,45,M,United States,Boston,Organic,2024-05-19 23:52:25
1613,Rebecca,Davis,rebecca.davis963@example.com,32,F,United States,Seattle,Organic,2024-12-15 14:59:15
1614,Joseph,Williams,joseph.williams976@example.com,40,M,Belgium,Brussels,Organic,2022-01-12 21:41:19
1615,William,Hernandez,william.hernandez48@example.com,63,M,United Kingdom,Edinburgh,Organic,2022-07-03 05:15:35
1616,Kenneth,Lopez,kenneth.lopez118@example.com,46,M,Australia,Sydney,Search,2024-04-16 19:09:35
1617,Donna,Wilson,donna.wilson570@example.com,40,F,South Korea,Seoul,Organic,2022-05-13 15:27:24
1618,Daniel,Taylor,daniel.taylor268@example.com,25,M,Spain,Seville,Facebook,2024-02-26 01:35:19
1619,Daniel,Taylor,daniel.taylor231@example.com,37,M,Brazil,Curitiba,Display,2022-09-27 12:39:09
1620,Sarah,Martin,sarah.martin683@example.com,22,F,Colombia,Cali,Search,2023-10-04 10:02:25
1621,Jennifer,Rodriguez,jennifer.rodriguez307@example.com,45,F,Japan,Tokyo,Search,2023-12-16 05:49:20
1622,Jessica,Brown,jessica.brown598@example.com,45,F,Japan,Tokyo,Facebook,2022-12-14 02:24:42
1623,James,Brown,james.brown39@example.com,32,M,Belgium,Charleroi,Facebook,2024-07-28 01:44:52
1624,Mary,Garcia,mary.garcia977@example.com,54,F,France,Lyon,Facebook,2024-09-20 05:26:00
1625,Margaret,Wilson,margaret.wilson85@example.com,53,F,United Kingdom,Leeds,Display,2022-08-28 06:54:33
1626,Robert,Johnson,robert.johnson35@example.com,36,M,Belgium,Antwerp,Search,2024-03-19 08:24:42
1627,Jennifer,Lee,jennifer.lee417@example.com,41,F,China,Beijing,Organic,2024-01-07 23:54:59
1628,Jennifer,Lee,jennifer.lee877@example.com,27,F,Australia,Perth,Display,2022-10-09 17:30:46
1629,Richard,Brown,richard.brown638@example.com,31,M,United States,Miami,Facebook,2024-06-12 11:30:39
1630,Matthew,Taylor,matthew.taylor488@example.com,22,M,United States,Phoenix,Facebook,2022-12-01 05:11:12
1631,Rebecca,Lopez,rebecca.lopez277@example.com,29,F,United Kingdom,Birmingham,Display,2022-10-08 05:33:46
1632,Anthony,Martinez,anthony.martinez227@example.com,33,M,United States,Phoenix,Organic,2024-02-17 22:46:33
1633,Michael,Thomas,michael.thomas652@example.com,18,M,Mexico,Monterrey,Search,2022-05-11 13:44:08
1634,Anthony,Lopez,anthony.lopez503@example.com,41,M,United States,Denver,Search,2024-10-01 19:57:19
1635,John,Miller,john.miller612@example.com,47,M,Spain,Seville,Email,2023-02-26 02:20:49
1636,James,Lopez,james.lopez412@example.com,34,M,United States,Chicago,Email,2023-06-22 03:25:19
1637,Emily,Williams,emily.williams301@example.com,18,F,Austria,Vienna,Search,2024-01-14 22:44:29
1638,Michael,Garcia,michael.garcia179@example.com,31,M,Brazil,Salvador,Organic,2024-08-20 17:22:04
1639,Charles,Lee,charles.lee292@example.com,18,M,United States,Seattle,Facebook,2024-04-23 06:05:22
1640,Elizabeth,Brown,elizabeth.brown219@example.com,27,F,United States,Houston,Search,2023-02-23 09:58:07
1641,William,Lopez,william.lopez487@example.com,52,M,United Kingdom,Edinburgh,Email,2024-04-01 05:39:14
1642,Patricia,Garcia,patricia.garcia288@example.com,18,F,Mexico,Guadalajara,Organic,2023-03-09 16:54:11
1643,Joshua,Martinez,joshua.martinez795@example.com,25,M,Mexico,Guadalajara,Email,2023-07-20 17:35:16
1644,Steven,Jones,steven.jones552@example.com,44,M,United States,San Francisco,Email,2024-01-22 02:32:05
1645,William,Lopez,william.lopez306@example.com,26,M,China,Shanghai,Search,2023-08-26 20:12:38
1646,Robert,Lopez,robert.lopez83@example.com,25,M,United States,Seattle,Facebook,2022-02-25 08:07:49
1647,Joshua,Wilson,joshua.wilson122@example.com,59,M,United Kingdom,Edinburgh,Facebook,2022-02-18 20:33:30
1648,Patricia,Miller,patricia.miller89@example.com,39,F,France,Nice,Organic,2022-06-02 02:51:56
1649,Joshua,Lopez,joshua.lopez322@example.com,46,M,United States,Phoenix,Search,2022-04-02 16:06:26
1650,Nancy,Thomas,nancy.thomas332@example.com,40,F,France,Lyon,Email,2024-03-08 15:00:33
1651,Michelle,Thomas,michelle.thomas50@example.com,36,F,Belgium,Antwerp,Facebook,2022-07-30 11:42:38
1652,Robert,Lopez,robert.lopez706@example.com,50,M,United States,Los Angeles,Facebook,2022-09-23 02:00:24
1653,Mary,Garcia,mary.garcia528@example.com,57,F,United States,Seattle,Organic,2022-12-11 03:40:20
1654,Michael,Hernandez,michael.hernandez977@example.com,18,M,United States,Phoenix,Facebook,2022-07-11 17:04:39
1655,James,Hernandez,james.hernandez886@example.com,34,M,United States,Los Angeles,Facebook,2022-04-08 12:18:20
1656,Daniel,Lee,daniel.lee12@example.com,34,M,United States,San Francisco,Organic,2022-07-29 21:49:42
1657,Margaret,Davis,margaret.davis699@example.com,29,F,France,Toulouse,Search,2022-09-04 05:10:31
1658,Lisa,Miller,lisa.miller971@example.com,46,F,United States,Chicago,Organic,2022-04-03 06:14:51
1659,Paul,Thomas,paul.thomas800@example.com,38,M,Spain,Valencia,Facebook,2022-10-02 06:22:31
1660,Stephanie,Wilson,stephanie.wilson685@example.com,58,F,Belgium,Charleroi,Search,2022-07-23 22:48:00
1661,Nancy,Rodriguez,nancy.rodriguez139@example.com,48,F,Poland,Łódź,Email,2023-01-09 13:43:08
1662,Robert,Smith,robert.smith900@example.com,51,M,Germany,Frankfurt,Search,2022-06-17 17:03:24
1663,Donna,Thomas,donna.thomas821@example.com,20,F,United States,Phoenix,Email,2024-10-24 11:18:02
1664,Elizabeth,Thomas,elizabeth.thomas536@example.com,25,F,United States,Phoenix,Search,2024-05-11 00:56:37
1665,Amanda,Martin,amanda.martin920@example.com,26,F,United States,Phoenix,Facebook,2023-12-07 20:34:27
1666,Ashley,Hernandez,ashley.hernandez463@example.com,50,F,Austria,Graz,Facebook,2023-10-12 04:52:07
1667,Steven,Hernandez,steven.hernandez532@example.com,23,M,Austria,Vienna,Facebook,2024-01-30 04:16:52
1668,Richard,Jones,richard.jones784@example.com,23,M,Brazil,São Paulo,Display,2024-10-27 15:32:34
1669,Nancy,Martinez,nancy.martinez719@example.com,21,F,United States,Denver,Search,2022-05-26 08:37:39
1670,John,Smith,john.smith551@example.com,68,M,United Kingdom,Birmingham,Search,2023-08-05 18:24:26
1671,Richard,Hernandez,richard.hernandez782@example.com,33,M,United States,San Francisco,Search,2022-07-30 23:16:50
1672,Ashley,Thomas,ashley.thomas896@example.com,41,F,Mexico,Monterrey,Organic,2023-05-11 10:08:45
1673,Kenneth,Taylor,kenneth.taylor648@example.com,21,M,United States,Phoenix,Email,2024-09-11 01:04:35
1674,John,Anderson,john.anderson892@example.com,46,M,Brazil,Curitiba,Search,2023-11-23 04:51:11
1675,Jennifer,Moore,jennifer.moore411@example.com,18,F,Brazil,Brasília,Email,2023-11-26 13:38:37
1676,Joshua,Anderson,joshua.anderson530@example.com,23,M,United States,San Francisco,Organic,2022-04-16 00:44:58
1677,Kevin,Taylor,kevin.taylor648@example.com,26,M,Brazil,Brasília,Display,2024-06-05 13:37:41
1678,Susan,Rodriguez,susan.rodriguez573@example.com,37,F,Colombia,Bogotá,Organic,2024-02-22 16:16:08
1679,Charles,Wilson,charles.wilson179@example.com,25,M,United States,Los Angeles,Display,2023-01-27 10:07:04
1680,Daniel,Wilson,daniel.wilson456@example.com,53,M,France,Paris,Facebook,2023-01-01 06:25:55
1681,Andrew,Lopez,andrew.lopez135@example.com,41,M,Brazil,Rio de Janeiro,Display,2023-09-25 00:59:47
1682,Patricia,Lopez,patricia.lopez689@example.com,26,F,United States,Los Angeles,Facebook,2024-04-10 15:04:16
1683,Daniel,Taylor,daniel.taylor798@example.com,46,M,United States,Chicago,Organic,2023-07-04 22:00:57
1684,Nancy,Jones,nancy.jones681@example.com,30,F,United States,Boston,Email,2024-07-26 20:49:04
1685,Joseph,Miller,joseph.miller864@example.com,27,M,United States,Houston,Organic,2022-08-13 22:13:39
1686,Anthony,Hernandez,anthony.hernandez650@example.com,45,M,Brazil,Salvador,Organic,2024-01-26 15:43:02
1687,Linda,Wilson,linda.wilson379@example.com,18,F,Australia,Melbourne,Organic,2024-06-22 02:56:33
1688,Emily,Hernandez,emily.hernandez63@example.com,43,F,Spain,Bilbao,Email,2024-02-14 03:57:39
1689,Emily,Brown,emily.brown34@example.com,26,F,Austria,Salzburg,Facebook,2023-01-01 11:06:50
1690,Charles,Moore,charles.moore962@example.com,26,M,Brazil,Curitiba,Search,2023-05-23 20:52:57
1691,Patricia,Hernandez,patricia.hernandez778@example.com,58,F,Spain,Barcelona,Email,2023-05-27 05:48:08
1692,Amanda,Rodriguez,amanda.rodriguez335@example.com,28,F,Germany,Berlin,Organic,2022-12-05 01:35:44
1693,Richard,Jackson,richard.jackson954@example.com,46,M,United States,Houston,Search,2022-05-26 15:03:30
1694,William,Rodriguez,william.rodriguez246@example.com,38,M,United States,Miami,Search,2022-07-24 11:33:09
1695,Melissa,Brown,melissa.brown771@example.com,39,F,United Kingdom,Leeds,Search,2023-12-01 00:00:50
1696,David,Lee,david.lee211@example.com,31,M,Australia,Perth,Facebook,2022-09-04 04:35:54
1697,Michelle,Davis,michelle.davis709@example.com,31,F,China,Chengdu,Search,2024-05-16 07:02:22
1698,Emily,Jackson,emily.jackson70@example.com,53,F,United States,Chicago,Search,2024-05-17 19:35:12
1699,William,Hernandez,william.hernandez682@example.com,46,M,Mexico,Guadalajara,Organic,2023-03-26 09:00:16
1700,Mark,Jones,mark.jones457@example.com,29,M,United States,Phoenix,Email,2023-02-04 08:25:15
1701,Charles,Davis,charles.davis582@example.com,22,M,Austria,Vienna,Facebook,2024-12-07 01:18:33
1702,Steven,Martin,steven.martin42@example.com,27,M,Australia,Perth,Organic,2022-01-14 22:24:57
1703,William,Martin,william.martin369@example.com,46,M,South Korea,Seoul,Facebook,2022-10-10 01:18:23
1704,Ashley,Williams,ashley.williams161@example.com,49,F,Australia,Adelaide,Search,2024-01-27 09:25:31
1705,Richard,Lee,richard.lee616@example.com,41,M,United States,New York,Email,2024-08-14 00:33:27
1706,Karen,Jackson,karen.jackson6@example.com,18,F,France,Paris,Search,2023-05-18 16:34:28
1707,Matthew,Wilson,matthew.wilson904@example.com,44,M,Japan,Tokyo,Search,2024-02-29 17:32:35
1708,John,Brown,john.brown175@example.com,50,M,Japan,Nagoya,Organic,2022-08-27 11:28:16
1709,Kevin,Lopez,kevin.lopez521@example.com,37,M,United States,Denver,Search,2024-10-12 08:26:07
1710,Michelle,Rodriguez,michelle.rodriguez994@example.com,58,F,United States,Boston,Search,2023-09-30 19:33:38
1711,Daniel,Williams,daniel.williams410@example.com,19,M,United States,Denver,Facebook,2024-03-22 00:14:06
1712,Steven,Lee,steven.lee541@example.com,43,M,China,Chengdu,Organic,2022-07-13 01:41:16
1713,Patricia,Wilson,patricia.wilson958@example.com,22,F,United Kingdom,Birmingham,Search,2023-06-26 20:43:04
1714,Amanda,Johnson,amanda.johnson68@example.com,47,F,South Korea,Seoul,Facebook,2024-03-08 04:53:18
1715,Kenneth,Miller,kenneth.miller562@example.com,42,M,Japan,Kyoto,Facebook,2023-03-29 18:00:13
1716,Nancy,Moore,nancy.moore564@example.com,56,F,Germany,Munich,Display,2024-11-17 16:19:33
1717,James,Rodriguez,james.rodriguez723@example.com,40,M,United States,Chicago,Search,2024-06-27 04:37:06
1718,Paul,Martinez,paul.martinez600@example.com,30,M,China,Guangzhou,Email,2022-05-22 05:01:42
1719,Sarah,Williams,sarah.williams480@example.com,29,F,United States,Los Angeles,Facebook,2024-07-09 04:45:07
1720,Steven,Williams,steven.williams547@example.com,31,M,United States,Houston,Facebook,2023-02-24 07:45:30
1721,Anthony,Lee,anthony.lee285@example.com,28,M,United States,Houston,Search,2023-10-07 20:23:41
1722,Ashley,Lee,ashley.lee336@example.com,51,F,United States,New York,Organic,2023-03-24 07:34:38
1723,Robert,Johnson,robert.johnson948@example.com,50,M,United States,Miami,Search,2024-02-08 19:49:38
1724,Nancy,Hernandez,nancy.hernandez656@example.com,18,F,United Kingdom,Leeds,Facebook,2023-04-16 05:34:33
1725,Ashley,Anderson,ashley.anderson682@example.com,35,F,United States,San Francisco,Facebook,2023-05-22 19:53:45
1726,Margaret,Jackson,margaret.jackson143@example.com,35,F,United States,New York,Search,2023-10-01 00:29:05
1727,Nancy,Lopez,nancy.lopez386@example.com,25,F,United States,Miami,Search,2022-08-28 02:47:52
1728,Ashley,Jackson,ashley.jackson220@example.com,40,F,Germany,Hamburg,Display,2023-04-13 04:32:35
1729,Stephanie,Williams,stephanie.williams947@example.com,52,F,United Kingdom,Manchester,Organic,2022-02-24 17:29:13
1730,Anthony,Smith,anthony.smith993@example.com,45,M,United States,Boston,Facebook,2022-03-06 02:12:13
1731,Kenneth,Martinez,kenneth.martinez335@example.com,51,M,United States,Denver,Display,2023-12-17 19:22:38
1732,Margaret,Garcia,margaret.garcia415@example.com,26,F,Austria,Graz,Search,2022-11-01 13:07:22
1733,Michelle,Taylor,michelle.taylor684@example.com,35,F,France,Marseille,Facebook,2024-01-03 18:55:06
1734,Charles,Miller,charles.miller148@example.com,25,M,Germany,Cologne,Email,2024-04-12 02:39:33
1735,Elizabeth,Rodriguez,elizabeth.rodriguez561@example.com,37,F,United Kingdom,London,Organic,2023-12-30 11:07:35
1736,William,Hernandez,william.hernandez217@example.com,38,M,Australia,Brisbane,Organic,2023-04-06 21:57:30
1737,Emily,Lee,emily.lee527@example.com,46,F,Belgium,Ghent,Email,2023-09-08 20:04:05
1738,Charles,Johnson,charles.johnson723@example.com,50,M,Brazil,Rio de Janeiro,Search,2024-05-07 05:42:43
1739,Daniel,Lopez,daniel.lopez738@example.com,43,M,Spain,Barcelona,Search,2023-01-10 22:17:40
1740,David,Davis,david.davis117@example.com,24,M,United States,Los Angeles,Organic,2023-04-03 01:39:38
1741,Kenneth,Smith,kenneth.smith290@example.com,18,M,Germany,Munich,Email,2022-09-23 00:43:22
1742,Daniel,Moore,daniel.moore354@example.com,41,M,Brazil,Rio de Janeiro,Organic,2022-08-09 02:44:48
1743,Matthew,Martin,matthew.martin725@example.com,53,M,United States,Denver,Search,2022-03-13 22:43:22
1744,Charles,Brown,charles.brown328@example.com,34,M,Austria,Graz,Organic,2022-03-19 11:20:49
1745,John,Taylor,john.taylor463@example.com,18,M,Colombia,Bogotá,Organic,2022-06-12 01:40:10
1746,Paul,Thomas,paul.thomas228@example.com,60,M,United States,Denver,Facebook,2024-04-21 23:11:34
1747,Richard,Thomas,richard.thomas345@example.com,40,M,Mexico,Guadalajara,Email,2023-11-19 23:40:34
1748,William,Martinez,william.martinez476@example.com,37,M,United States,Boston,Organic,2022-04-07 12:46:14
1749,Paul,Miller,paul.miller210@example.com,20,M,China,Shanghai,Facebook,2024-04-21 00:54:53
1750,Michael,Johnson,michael.johnson110@example.com,35,M,Colombia,Bogotá,Facebook,2024-04-01 09:39:00
1751,Mark,Smith,mark.smith143@example.com,43,M,United States,Boston,Email,2024-09-20 20:19:41
1752,Charles,Brown,charles.brown456@example.com,41,M,China,Shanghai,Facebook,2024-11-26 13:27:07
1753,Linda,Hernandez,linda.hernandez164@example.com,26,F,Germany,Berlin,Search,2022-04-02 21:19:56
1754,Melissa,Williams,melissa.williams33@example.com,34,F,United States,Seattle,Facebook,2023-07-28 02:34:07
1755,Melissa,Anderson,melissa.anderson833@example.com,27,F,Brazil,Rio de Janeiro,Facebook,2024-06-10 08:36:34
1756,Stephanie,Wilson,stephanie.wilson969@example.com,54,F,United States,Phoenix,Facebook,2022-09-20 03:49:47
1757,Sarah,Miller,sarah.miller511@example.com,45,F,Germany,Hamburg,Search,2023-10-17 04:11:30
1758,Joseph,Johnson,joseph.johnson604@example.com,28,M,United States,Chicago,Search,2022-04-10 10:39:52
1759,Michelle,Hernandez,michelle.hernandez167@example.com,20,F,United States,Phoenix,Search,2022-11-26 22:35:40
1760,Linda,Moore,linda.moore75@example.com,38,F,Spain,Barcelona,Search,2024-12-08 19:16:54
1761,Patricia,Davis,patricia.davis80@example.com,29,F,United States,Chicago,Search,2024-03-05 17:50:00
1762,Karen,Moore,karen.moore191@example.com,29,F,Brazil,Rio de Janeiro,Search,2022-10-14 00:12:30
1763,Steven,Garcia,steven.garcia112@example.com,21,M,Spain,Madrid,Search,2024-12-19 08:13:26
1764,Lisa,Johnson,lisa.johnson735@example.com,22,F,Japan,Kyoto,Search,2022-08-10 20:58:30
1765,Elizabeth,Wilson,elizabeth.wilson769@example.com,36,F,United States,San Francisco,Display,2023-02-20 11:05:44
1766,Joshua,Jackson,joshua.jackson731@example.com,31,M,Colombia,Bogotá,Organic,2023-05-02 11:16:18
1767,Stephanie,Jackson,stephanie.jackson287@example.com,64,F,Spain,Valencia,Organic,2023-11-19 01:04:05
1768,Daniel,Lee,daniel.lee365@example.com,42,M,United States,Miami,Facebook,2022-10-15 04:23:22
1769,Karen,Williams,karen.williams358@example.com,21,F,Japan,Tokyo,Organic,2022-10-13 14:40:50
1770,Jessica,Smith,jessica.smith149@example.com,18,F,Spain,Barcelona,Search,2024-01-05 11:07:06
1771,Steven,Lopez,steven.lopez472@example.com,39,M,France,Nice,Organic,2022-08-13 12:08:16
1772,Emily,Lee,emily.lee535@example.com,30,F,United Kingdom,Birmingham,Organic,2022-06-05 23:54:52
1773,Joseph,Lee,joseph.lee205@example.com,50,M,Spain,Madrid,Facebook,2022-06-13 07:10:11
1774,Ashley,Garcia,ashley.garcia276@example.com,38,F,Mexico,Monterrey,Search,2022-12-26 07:17:18
1775,Mary,Davis,mary.davis470@example.com,18,F,United Kingdom,Birmingham,Organic,2022-02-05 04:59:48
1776,Emily,Anderson,emily.anderson97@example.com,22,F,Australia,Melbourne,Search,2022-02-08 10:28:08
1777,Jennifer,Martin,jennifer.martin588@example.com,26,F,Japan,Tokyo,Search,2024-03-03 13:44:20
1778,Mark,Brown,mark.brown346@example.com,40,M,Colombia,Barranquilla,Facebook,2023-08-16 16:31:23
1779,William,Lee,william.lee709@example.com,22,M,Austria,Salzburg,Search,2022-06-09 19:48:05
1780,James,Moore,james.moore750@example.com,36,M,United States,Seattle,Organic,2022-10-07 13:16:29
1781,Joseph,Johnson,joseph.johnson370@example.com,18,M,United States,New York,Search,2024-01-11 12:27:09
1782,Michael,Moore,michael.moore354@example.com,35,M,France,Nice,Facebook,2024-05-28 04:41:19
1783,Richard,Wilson,richard.wilson527@example.com,39,M,China,Shenzhen,Organic,2024-08-10 05:19:16
1784,Richard,Lee,richard.lee41@example.com,52,M,United Kingdom,Birmingham,Email,2022-08-27 02:16:22
1785,Paul,Jones,paul.jones192@example.com,37,M,Australia,Adelaide,Organic,2024-07-16 00:38:17
1786,Sarah,Lee,sarah.lee121@example.com,25,F,Poland,Kraków,Display,2023-04-13 05:27:58
1787,Michael,Smith,michael.smith284@example.com,52,M,Brazil,Rio de Janeiro,Search,2022-11-24 08:48:03
1788,Ashley,Johnson,ashley.johnson596@example.com,32,F,Spain,Barcelona,Facebook,2023-09-24 19:23:45
1789,James,Rodriguez,james.rodriguez245@example.com,44,M,United States,Boston,Organic,2022-05-17 05:23:41
1790,William,Anderson,william.anderson522@example.com,27,M,United Kingdom,Birmingham,Organic,2023-05-23 11:28:40
1791,Donna,Brown,donna.brown691@example.com,36,F,United States,San Francisco,Facebook,2023-05-01 03:44:04
1792,John,Garcia,john.garcia674@example.com,25,M,China,Shenzhen,Display,2023-10-15 11:23:23
1793,Joshua,Davis,joshua.davis530@example.com,38,M,United Kingdom,Manchester,Email,2022-07-18 12:16:49
1794,Sarah,Williams,sarah.williams571@example.com,44,F,Spain,Valencia,Organic,2022-03-09 19:53:13
1795,Paul,Brown,paul.brown442@example.com,29,M,Germany,Cologne,Organic,2023-02-13 23:47:15
1796,Robert,Williams,robert.williams497@example.com,28,M,Brazil,São Paulo,Search,2024-12-12 22:11:54
1797,Margaret,Lee,margaret.lee794@example.com,39,F,United States,Boston,Facebook,2023-09-15 20:37:32
1798,Robert,Martin,robert.martin475@example.com,25,M,United States,Chicago,Organic,2023-08-23 19:48:19
1799,Jessica,Wilson,jessica.wilson352@example.com,18,F,Mexico,Guadalajara,Search,2023-12-07 13:26:17
1800,Thomas,Anderson,thomas.anderson960@example.com,39,M,Poland,Warsaw,Search,2023-07-11 07:47:40
1801,Jessica,Williams,jessica.williams916@example.com,33,F,United States,Seattle,Display,2022-08-28 01:32:54
1802,Margaret,Johnson,margaret.johnson861@example.com,33,F,United States,Houston,Search,2024-12-14 13:25:29
1803,Elizabeth,Davis,elizabeth.davis820@example.com,41,F,China,Shenzhen,Organic,2022-09-06 21:20:30
1804,Sarah,Lee,sarah.lee383@example.com,42,F,Germany,Hamburg,Search,2023-12-02 21:24:29
1805,David,Martinez,david.martinez958@example.com,33,M,Brazil,Salvador,Organic,2024-08-06 05:37:26
1806,Rebecca,Moore,rebecca.moore653@example.com,21,F,United States,Boston,Search,2023-12-22 18:07:04
1807,Charles,Davis,charles.davis890@example.com,27,M,Brazil,Brasília,Facebook,2024-10-31 15:39:00
1808,Donna,Miller,donna.miller21@example.com,42,F,United States,Los Angeles,Search,2022-07-14 19:46:21
1809,Nancy,Moore,nancy.moore107@example.com,36,F,United States,Miami,Search,2023-12-05 11:28:58
1810,John,Martinez,john.martinez21@example.com,28,M,United States,New York,Search,2022-04-12 01:04:27
1811,Susan,Thomas,susan.thomas996@example.com,25,F,Germany,Cologne,Search,2023-09-02 17:18:49
1812,Joshua,Thomas,joshua.thomas318@example.com,42,M,United Kingdom,Manchester,Facebook,2022-07-20 23:29:34
1813,Nancy,Thomas,nancy.thomas40@example.com,32,F,United States,Miami,Search,2023-12-22 14:09:54
1814,Donna,Anderson,donna.anderson754@example.com,44,F,United Kingdom,London,Facebook,2022-12-24 09:04:22
1815,Joseph,Moore,joseph.moore790@example.com,45,M,China,Shenzhen,Organic,2022-05-21 20:08:45
1816,Margaret,Martinez,margaret.martinez924@example.com,31,F,Australia,Perth,Search,2024-08-06 06:51:37
1817,Margaret,Miller,margaret.miller578@example.com,46,F,Austria,Linz,Search,2024-09-09 06:11:09
1818,Kenneth,Hernandez,kenneth.hernandez682@example.com,36,M,United States,New York,Organic,2022-07-06 18:51:51
1819,Elizabeth,Miller,elizabeth.miller617@example.com,38,F,Belgium,Brussels,Organic,2022-08-17 09:53:39
1820,Thomas,Smith,thomas.smith705@example.com,18,M,Spain,Bilbao,Organic,2022-02-11 10:15:45
1821,Susan,Davis,susan.davis517@example.com,23,F,Spain,Valencia,Email,2024-01-04 07:12:23
1822,William,Hernandez,william.hernandez33@example.com,23,M,Brazil,Curitiba,Search,2024-09-05 08:39:29
1823,Stephanie,Hernandez,stephanie.hernandez167@example.com,31,F,United States,New York,Organic,2022-09-01 01:23:20
1824,Karen,Miller,karen.miller929@example.com,36,F,United States,Phoenix,Organic,2023-05-10 07:24:30
1825,David,Thomas,david.thomas49@example.com,36,M,Mexico,Monterrey,Search,2024-02-12 20:12:05
1826,Joseph,Garcia,joseph.garcia87@example.com,38,M,France,Nice,Organic,2023-04-30 12:43:32
1827,Emily,Wilson,emily.wilson799@example.com,26,F,Brazil,Salvador,Facebook,2024-04-05 00:14:26
1828,Susan,Garcia,susan.garcia946@example.com,43,F,United Kingdom,Leeds,Facebook,2024-04-05 16:37:59
1829,Mark,Lee,mark.lee446@example.com,56,M,United States,Chicago,Facebook,2024-03-22 10:41:17
1830,Matthew,Wilson,matthew.wilson142@example.com,30,M,United States,Boston,Search,2024-02-22 14:06:21
1831,Kevin,Lopez,kevin.lopez588@example.com,27,M,France,Lyon,Organic,2023-04-15 10:11:49
1832,Elizabeth,Rodriguez,elizabeth.rodriguez34@example.com,26,F,United Kingdom,Manchester,Email,2023-03-07 23:14:04
1833,Daniel,Taylor,daniel.taylor360@example.com,36,M,Australia,Perth,Organic,2023-10-27 16:48:52
1834,Ashley,Rodriguez,ashley.rodriguez563@example.com,28,F,Germany,Cologne,Facebook,2022-04-28 10:39:35
1835,Susan,Moore,susan.moore879@example.com,18,F,France,Nice,Facebook,2023-10-17 19:08:29
1836,Mary,Brown,mary.brown114@example.com,18,F,Australia,Sydney,Organic,2022-02-05 11:38:46
1837,Mark,Moore,mark.moore606@example.com,47,M,United States,Denver,Search,2024-02-28 17:49:18
1838,Joshua,Lee,joshua.lee29@example.com,50,M,Spain,Barcelona,Facebook,2023-10-25 20:31:16
1839,Ashley,Jones,ashley.jones465@example.com,54,F,Spain,Barcelona,Organic,2023-07-01 09:44:33
1840,Linda,Jones,linda.jones667@example.com,37,F,United States,Boston,Search,2022-11-28 16:57:02
1841,David,Lee,david.lee36@example.com,23,M,United States,Boston,Search,2023-07-10 11:40:43
1842,Anthony,Rodriguez,anthony.rodriguez737@example.com,29,M,United States,Houston,Search,2023-11-27 19:30:44
1843,William,Anderson,william.anderson984@example.com,18,M,United States,New York,Facebook,2024-01-20 10:15:16
1844,Daniel,Brown,daniel.brown293@example.com,18,M,United Kingdom,Manchester,Search,2024-10-07 15:33:06
1845,Thomas,Rodriguez,thomas.rodriguez756@example.com,38,M,United States,San Francisco,Email,2022-07-06 07:33:57
1846,Michelle,Thomas,michelle.thomas533@example.com,41,F,Germany,Berlin,Display,2022-02-18 06:28:15
1847,Matthew,Jackson,matthew.jackson917@example.com,58,M,United States,Chicago,Display,2023-12-16 11:10:11
1848,Jennifer,Rodriguez,jennifer.rodriguez585@example.com,34,F,United States,Los Angeles,Search,2022-06-28 10:06:21
1849,Andrew,Johnson,andrew.johnson802@example.com,18,M,United States,Boston,Organic,2022-06-12 07:30:35
1850,Andrew,Rodriguez,andrew.rodriguez161@example.com,33,M,United States,Houston,Email,2022-10-28 21:18:56
1851,Emily,Wilson,emily.wilson256@example.com,31,F,Mexico,Guadalajara,Facebook,2024-03-04 16:39:51
1852,Paul,Jackson,paul.jackson440@example.com,29,M,United States,Phoenix,Search,2022-03-10 11:59:33
1853,Karen,Moore,karen.moore902@example.com,39,F,United States,New York,Email,2023-03-02 20:38:11
1854,Matthew,Taylor,matthew.taylor636@example.com,20,M,United States,San Francisco,Facebook,2022-04-26 14:27:02
1855,Elizabeth,Brown,elizabeth.brown212@example.com,36,F,Brazil,Curitiba,Facebook,2024-07-08 08:14:01
1856,Mary,Hernandez,mary.hernandez884@example.com,42,F,France,Nice,Display,2024-04-14 13:33:54
1857,Lisa,Lopez,lisa.lopez618@example.com,52,F,Australia,Melbourne,Display,2022-04-07 19:27:50
1858,Joshua,Martinez,joshua.martinez419@example.com,38,M,Brazil,São Paulo,Organic,2022-10-27 19:52:58
1859,Matthew,Martin,matthew.martin384@example.com,47,M,France,Toulouse,Search,2023-05-20 06:33:23
1860,James,Lee,james.lee698@example.com,29,M,China,Chengdu,Facebook,2022-07-03 02:28:27
1861,Sarah,Jones,sarah.jones880@example.com,31,F,South Korea,Daejeon,Facebook,2023-05-26 22:32:38
1862,William,Lee,william.lee501@example.com,51,M,United Kingdom,Birmingham,Facebook,2024-08-09 09:43:29
1863,Kevin,Moore,kevin.moore843@example.com,18,M,United States,Phoenix,Organic,2022-08-30 20:26:55
1864,Thomas,Thomas,thomas.thomas706@example.com,30,M,Spain,Seville,Facebook,2022-05-18 03:31:03
1865,James,Davis,james.davis74@example.com,48,M,South Korea,Daegu,Organic,2023-02-27 10:18:18
1866,Matthew,Taylor,matthew.taylor788@example.com,32,M,China,Guangzhou,Display,2023-06-16 06:55:55
1867,Kevin,Lopez,kevin.lopez560@example.com,31,M,Mexico,Guadalajara,Email,2022-11-08 23:34:29
1868,Matthew,Jackson,matthew.jackson530@example.com,31,M,Colombia,Barranquilla,Organic,2022-04-26 06:00:08
1869,Sarah,Thomas,sarah.thomas612@example.com,36,F,United States,New York,Facebook,2022-04-04 07:32:18
1870,Michael,Lee,michael.lee61@example.com,48,M,Australia,Sydney,Facebook,2024-05-23 11:52:59
1871,Joshua,Rodriguez,joshua.rodriguez906@example.com,46,M,France,Toulouse,Organic,2022-05-25 02:45:13
1872,Nancy,Johnson,nancy.johnson874@example.com,35,F,United Kingdom,Birmingham,Search,2022-11-05 20:00:00
1873,Michelle,Martinez,michelle.martinez997@example.com,48,F,United Kingdom,Birmingham,Facebook,2024-04-14 14:37:40
1874,William,Lee,william.lee600@example.com,39,M,Colombia,Barranquilla,Facebook,2023-10-13 11:52:32
1875,Michelle,Anderson,michelle.anderson240@example.com,45,F,France,Nice,Organic,2022-01-28 06:46:55
1876,Nancy,Thomas,nancy.thomas600@example.com,22,F,United Kingdom,Leeds,Display,2022-07-06 07:22:34
1877,Lisa,Wilson,lisa.wilson282@example.com,55,F,United States,Los Angeles,Display,2023-05-31 22:06:31
1878,Amanda,Lopez,amanda.lopez509@example.com,37,F,China,Shanghai,Email,2023-01-21 00:12:09
1879,Melissa,Johnson,melissa.johnson800@example.com,18,F,Belgium,Brussels,Display,2024-12-18 20:56:50
1880,Mark,Rodriguez,mark.rodriguez174@example.com,54,M,Spain,Seville,Organic,2022-05-05 11:57:42
1881,Andrew,Johnson,andrew.johnson454@example.com,35,M,United States,Miami,Display,2022-01-29 20:19:28
1882,Amanda,Miller,amanda.miller486@example.com,30,F,Belgium,Charleroi,Display,2023-08-27 03:50:24
1883,Elizabeth,Thomas,elizabeth.thomas928@example.com,27,F,South Korea,Seoul,Facebook,2024-11-16 02:00:22
1884,Joseph,Moore,joseph.moore536@example.com,40,M,United Kingdom,Manchester,Search,2022-01-04 18:44:51
1885,Thomas,Jones,thomas.jones341@example.com,24,M,United States,Houston,Search,2024-06-26 14:34:03
1886,Stephanie,Anderson,stephanie.anderson383@example.com,28,F,United Kingdom,Leeds,Organic,2024-12-23 09:55:07
1887,Joshua,Jones,joshua.jones303@example.com,28,M,United States,New York,Facebook,2023-04-01 18:55:14
1888,Jessica,Jones,jessica.jones149@example.com,31,F,United States,Denver,Organic,2023-04-01 19:48:30
1889,Mary,Lee,mary.lee709@example.com,28,F,France,Paris,Email,2024-12-22 19:32:45
1890,Amanda,Wilson,amanda.wilson761@example.com,45,F,Poland,Łódź,Email,2023-11-21 05:52:20
1891,Jennifer,Brown,jennifer.brown199@example.com,38,F,Brazil,Curitiba,Search,2023-08-22 15:21:14
1892,Patricia,Williams,patricia.williams456@example.com,39,F,Colombia,Bogotá,Search,2022-11-11 00:36:17
1893,Michelle,Smith,michelle.smith752@example.com,42,F,Poland,Łódź,Facebook,2024-10-17 02:49:24
1894,Emily,Martinez,emily.martinez700@example.com,33,F,United States,San Francisco,Organic,2022-10-05 07:21:42
1895,Jennifer,Williams,jennifer.williams80@example.com,22,F,United States,Denver,Display,2023-03-07 00:18:21
1896,Jessica,Lopez,jessica.lopez47@example.com,56,F,Spain,Valencia,Email,2024-07-15 12:25:33
1897,Charles,Rodriguez,charles.rodriguez72@example.com,46,M,Japan,Nagoya,Organic,2023-07-14 01:42:57
1898,Emily,Wilson,emily.wilson504@example.com,54,F,Brazil,Brasília,Facebook,2024-04-10 05:02:46
1899,Thomas,Jones,thomas.jones913@example.com,47,M,Germany,Berlin,Email,2024-12-25 07:44:16
1900,Karen,Williams,karen.williams74@example.com,29,F,France,Toulouse,Email,2023-12-06 09:42:52
1901,Patricia,Williams,patricia.williams700@example.com,18,F,Spain,Bilbao,Facebook,2022-06-28 02:13:29
1902,Kevin,Johnson,kevin.johnson733@example.com,20,M,Spain,Valencia,Display,2024-04-03 18:34:22
1903,Kenneth,Johnson,kenneth.johnson962@example.com,42,M,United States,Denver,Organic,2023-10-19 17:28:05
1904,Anthony,Garcia,anthony.garcia580@example.com,33,M,United States,Denver,Search,2022-07-11 23:13:46
1905,Stephanie,Moore,stephanie.moore954@example.com,29,F,United States,Seattle,Facebook,2022-05-02 04:58:35
1906,Kevin,Wilson,kevin.wilson451@example.com,18,M,Poland,Wrocław,Email,2024-10-19 19:56:39
1907,Anthony,Garcia,anthony.garcia265@example.com,34,M,Poland,Łódź,Display,2022-04-26 22:57:37
1908,Karen,Martin,karen.martin971@example.com,22,F,Australia,Adelaide,Search,2023-05-13 22:42:41
1909,Amanda,Taylor,amanda.taylor521@example.com,26,F,United States,Houston,Organic,2024-12-14 17:06:00
1910,Thomas,Taylor,thomas.taylor326@example.com,45,M,United Kingdom,Birmingham,Facebook,2024-08-09 05:44:33
1911,Michael,Jackson,michael.jackson642@example.com,22,M,United States,New York,Email,2024-07-07 20:32:15
1912,Donna,Thomas,donna.thomas423@example.com,23,F,Brazil,São Paulo,Facebook,2024-03-16 23:34:33
1913,Jessica,Lee,jessica.lee747@example.com,37,F,United States,San Francisco,Search,2023-06-07 13:36:15
1914,Michelle,Miller,michelle.miller737@example.com,45,F,South Korea,Daegu,Email,2022-11-10 02:00:38
1915,Robert,Jackson,robert.jackson19@example.com,30,M,United States,New York,Facebook,2024-09-09 11:07:39
1916,William,Williams,william.williams525@example.com,52,M,Germany,Berlin,Email,2023-09-16 09:38:53
1917,Daniel,Miller,daniel.miller853@example.com,19,M,Mexico,Mexico City,Email,2023-03-10 11:35:26
1918,Sarah,Jackson,sarah.jackson658@example.com,18,F,Germany,Hamburg,Search,2024-11-24 11:27:05
1919,Daniel,Williams,daniel.williams719@example.com,18,M,United States,Houston,Display,2023-02-10 01:32:28
1920,Daniel,Hernandez,daniel.hernandez975@example.com,18,M,Belgium,Brussels,Organic,2022-02-10 14:40:34
1921,Jennifer,Miller,jennifer.miller344@example.com,39,F,Germany,Frankfurt,Display,2023-10-21 00:58:28
1922,Nancy,Williams,nancy.williams695@example.com,23,F,China,Shenzhen,Search,2023-04-12 23:56:23
1923,Melissa,Jones,melissa.jones30@example.com,18,F,Germany,Berlin,Email,2023-11-13 21:06:28
1924,Anthony,Hernandez,anthony.hernandez151@example.com,39,M,Colombia,Cali,Organic,2023-11-11 11:46:50
1925,Stephanie,Wilson,stephanie.wilson697@example.com,44,F,China,Chengdu,Search,2023-11-21 17:40:32
1926,Michael,Anderson,michael.anderson209@example.com,47,M,United Kingdom,Birmingham,Display,2023-01-08 04:28:06
1927,James,Williams,james.williams786@example.com,45,M,China,Chengdu,Organic,2022-10-04 00:03:22
1928,Donna,Miller,donna.miller869@example.com,23,F,United States,Phoenix,Search,2022-12-15 02:50:06
1929,David,Williams,david.williams893@example.com,38,M,Australia,Sydney,Email,2024-11-22 18:34:17
1930,Ashley,Smith,ashley.smith48@example.com,40,F,United States,Los Angeles,Organic,2024-03-30 19:36:57
1931,Nancy,Davis,nancy.davis325@example.com,29,F,Brazil,São Paulo,Facebook,2023-03-06 21:15:30
1932,Donna,Wilson,donna.wilson509@example.com,36,F,Brazil,Rio de Janeiro,Display,2024-09-30 09:04:14
1933,Andrew,Davis,andrew.davis16@example.com,19,M,United States,Houston,Organic,2024-04-17 09:24:19
1934,Daniel,Smith,daniel.smith905@example.com,27,M,Brazil,Brasília,Search,2023-08-12 16:52:21
1935,John,Jones,john.jones964@example.com,39,M,France,Marseille,Facebook,2024-05-26 00:39:39
1936,Steven,Rodriguez,steven.rodriguez775@example.com,53,M,United States,Denver,Facebook,2024-11-04 06:57:06
1937,Michael,Davis,michael.davis278@example.com,48,M,United States,New York,Search,2023-09-14 21:44:49
1938,John,Moore,john.moore116@example.com,42,M,Colombia,Barranquilla,Organic,2023-04-17 18:44:54
1939,Sarah,Lopez,sarah.lopez825@example.com,35,F,Mexico,Mexico City,Organic,2022-09-07 01:55:16
1940,Melissa,Lee,melissa.lee739@example.com,34,F,China,Chengdu,Search,2024-02-05 19:34:51
1941,Jessica,Brown,jessica.brown944@example.com,18,F,United States,Los Angeles,Organic,2022-04-07 01:04:11
1942,Kevin,Davis,kevin.davis382@example.com,24,M,United States,Los Angeles,Display,2023-05-28 06:30:31
1943,John,Johnson,john.johnson169@example.com,25,M,United States,Los Angeles,Organic,2023-04-22 21:50:27
1944,John,Smith,john.smith900@example.com,41,M,Brazil,Rio de Janeiro,Search,2023-02-27 12:17:24
1945,Matthew,Martin,matthew.martin108@example.com,46,M,Poland,Wrocław,Display,2023-11-18 06:03:46
1946,Thomas,Martinez,thomas.martinez572@example.com,43,M,Spain,Valencia,Organic,2023-08-21 07:34:35
1947,Ashley,Anderson,ashley.anderson471@example.com,49,F,United States,Los Angeles,Display,2022-08-08 12:24:07
1948,James,Garcia,james.garcia548@example.com,35,M,Austria,Linz,Email,2023-05-07 03:35:47
1949,Thomas,Johnson,thomas.johnson402@example.com,23,M,Brazil,Brasília,Organic,2022-06-21 21:50:28
1950,Sarah,Jackson,sarah.jackson9@example.com,34,F,United States,Miami,Organic,2024-01-20 09:53:23
1951,Nancy,Anderson,nancy.anderson621@example.com,26,F,Brazil,Salvador,Search,2023-03-07 02:26:54
1952,Linda,Thomas,linda.thomas250@example.com,42,F,United States,Miami,Search,2023-12-02 05:43:32
1953,Steven,Hernandez,steven.hernandez118@example.com,30,M,Belgium,Brussels,Search,2024-04-06 11:12:56
1954,Margaret,Rodriguez,margaret.rodriguez412@example.com,33,F,Brazil,Brasília,Organic,2023-11-21 01:31:46
1955,Andrew,Rodriguez,andrew.rodriguez291@example.com,43,M,Germany,Frankfurt,Organic,2024-10-27 11:38:36
1956,Daniel,Taylor,daniel.taylor723@example.com,26,M,Brazil,Brasília,Email,2023-10-26 14:31:40
1957,Rebecca,Jones,rebecca.jones362@example.com,46,F,Belgium,Charleroi,Search,2023-02-22 06:23:11
1958,Jessica,Miller,jessica.miller520@example.com,18,F,Germany,Cologne,Organic,2024-12-16 08:07:09
1959,Richard,Miller,richard.miller485@example.com,38,M,China,Chengdu,Search,2023-07-18 16:27:19
1960,Nancy,Hernandez,nancy.hernandez851@example.com,33,F,United States,Chicago,Search,2024-02-21 17:51:25
1961,Paul,Lee,paul.lee103@example.com,44,M,Belgium,Ghent,Email,2022-12-29 11:22:12
1962,Robert,Martin,robert.martin35@example.com,18,M,United Kingdom,Edinburgh,Facebook,2024-09-20 21:38:47
1963,Joshua,Hernandez,joshua.hernandez866@example.com,18,M,United States,Chicago,Organic,2024-10-26 06:23:14
1964,Lisa,Jones,lisa.jones323@example.com,44,F,Colombia,Cali,Facebook,2024-11-08 03:28:11
1965,Kevin,Martin,kevin.martin717@example.com,30,M,United States,Chicago,Organic,2023-03-02 01:42:37
1966,Amanda,Miller,amanda.miller597@example.com,33,F,United States,Los Angeles,Email,2024-07-30 08:21:34
1967,Anthony,Davis,anthony.davis762@example.com,27,M,United Kingdom,Manchester,Organic,2024-01-06 23:11:07
1968,Karen,Jackson,karen.jackson658@example.com,45,F,United States,Boston,Facebook,2022-04-15 05:01:02
1969,Amanda,Garcia,amanda.garcia244@example.com,38,F,China,Chengdu,Search,2024-10-01 08:59:18
1970,Richard,Martinez,richard.martinez502@example.com,37,M,United States,Denver,Organic,2023-08-03 12:32:45
1971,Charles,Martin,charles.martin306@example.com,20,M,United States,Chicago,Organic,2023-08-07 03:56:54
1972,Anthony,Miller,anthony.miller399@example.com,41,M,United States,Miami,Search,2023-02-22 18:08:52
1973,Ashley,Wilson,ashley.wilson544@example.com,23,F,United States,Chicago,Facebook,2024-07-23 01:42:42
1974,Kenneth,Smith,kenneth.smith72@example.com,27,M,Austria,Vienna,Facebook,2022-04-17 06:57:32
1975,Sarah,Lee,sarah.lee32@example.com,18,F,United Kingdom,Manchester,Search,2023-02-25 23:56:27
1976,Michael,Rodriguez,michael.rodriguez695@example.com,33,M,China,Shanghai,Display,2023-09-10 19:24:41
1977,Sarah,Anderson,sarah.anderson89@example.com,47,F,Brazil,Salvador,Search,2022-08-03 15:18:34
1978,Amanda,Hernandez,amanda.hernandez902@example.com,37,F,Spain,Seville,Email,2022-08-22 01:01:42
1979,Emily,Rodriguez,emily.rodriguez642@example.com,29,F,United States,New York,Organic,2023-11-06 08:15:11
1980,Jennifer,Rodriguez,jennifer.rodriguez808@example.com,36,F,United States,Los Angeles,Search,2023-09-30 00:03:14
1981,Matthew,Smith,matthew.smith471@example.com,36,M,Germany,Hamburg,Search,2024-06-14 14:05:51
1982,Stephanie,Garcia,stephanie.garcia700@example.com,35,F,China,Shanghai,Facebook,2022-01-20 18:16:55
1983,William,Davis,william.davis186@example.com,37,M,Japan,Nagoya,Email,2023-03-08 06:03:51
1984,Michael,Davis,michael.davis633@example.com,22,M,Belgium,Antwerp,Facebook,2024-07-16 09:45:09
1985,Sarah,Garcia,sarah.garcia311@example.com,36,F,South Korea,Incheon,Organic,2024-11-06 01:29:41
1986,Karen,Wilson,karen.wilson771@example.com,18,F,United States,New York,Search,2022-04-14 19:16:23
1987,Lisa,Moore,lisa.moore367@example.com,41,F,United States,Miami,Email,2024-04-19 06:47:34
1988,Robert,Jackson,robert.jackson776@example.com,21,M,United States,Miami,Email,2022-09-12 09:20:55
1989,David,Lee,david.lee893@example.com,49,M,Australia,Perth,Organic,2024-05-30 16:31:59
1990,Kevin,Wilson,kevin.wilson7@example.com,18,M,Poland,Łódź,Email,2023-05-04 13:46:56
1991,Sarah,Rodriguez,sarah.rodriguez63@example.com,55,F,Poland,Kraków,Facebook,2022-05-03 23:01:03
1992,John,Wilson,john.wilson358@example.com,18,M,United States,New York,Organic,2022-08-12 14:18:36
1993,Andrew,Williams,andrew.williams546@example.com,20,M,South Korea,Busan,Facebook,2024-10-28 08:25:28
1994,John,Moore,john.moore867@example.com,38,M,United Kingdom,Birmingham,Search,2024-04-20 16:03:29
1995,Robert,Hernandez,robert.hernandez439@example.com,42,M,South Korea,Seoul,Search,2022-02-07 19:25:35
1996,Joshua,Brown,joshua.brown850@example.com,31,M,United Kingdom,London,Facebook,2024-11-04 03:09:46
1997,Robert,Rodriguez,robert.rodriguez729@example.com,45,M,United States,Chicago,Display,2024-07-13 01:33:57
1998,Susan,Miller,susan.miller709@example.com,25,F,United States,New York,Organic,2023-08-21 01:51:30
1999,Linda,Miller,linda.miller909@example.com,30,F,Austria,Vienna,Search,2022-02-02 11:13:09
2000,Matthew,Johnson,matthew.johnson309@example.com,31,M,Brazil,Brasília,Search,2023-04-22 05:05:09
2001,Patricia,Smith,patricia.smith669@example.com,28,F,Brazil,Salvador,Organic,2022-06-27 21:22:52
2002,Jessica,Miller,jessica.miller797@example.com,18,F,Brazil,Brasília,Facebook,2023-02-05 07:30:18
2003,Richard,Miller,richard.miller967@example.com,34,M,Brazil,São Paulo,Search,2022-12-12 07:16:08
2004,Anthony,Lee,anthony.lee232@example.com,33,M,Austria,Graz,Search,2024-02-20 14:49:23
2005,Charles,Garcia,charles.garcia786@example.com,47,M,United States,New York,Facebook,2024-03-18 20:20:51
2006,Michael,Miller,michael.miller224@example.com,19,M,United States,Seattle,Search,2022-07-09 02:45:11
2007,Karen,Martin,karen.martin961@example.com,27,F,Australia,Melbourne,Organic,2024-09-11 20:46:06
2008,Lisa,Jackson,lisa.jackson535@example.com,49,F,United Kingdom,Manchester,Facebook,2024-01-05 00:26:25
2009,Joseph,Johnson,joseph.johnson874@example.com,38,M,United States,Boston,Search,2023-12-31 19:35:14
2010,Sarah,Johnson,sarah.johnson571@example.com,41,F,United States,San Francisco,Organic,2024-04-29 21:48:42
2011,Richard,Johnson,richard.johnson76@example.com,40,M,United States,Miami,Search,2024-03-07 21:45:27
2012,Nancy,Martinez,nancy.martinez351@example.com,40,F,United States,Houston,Organic,2024-05-13 18:32:55
2013,Mary,Lopez,mary.lopez608@example.com,56,F,United States,Boston,Display,2022-11-14 07:13:47
2014,David,Davis,david.davis603@example.com,36,M,United States,Miami,Facebook,2024-01-22 23:15:53
2015,Richard,Smith,richard.smith549@example.com,22,M,Spain,Valencia,Search,2024-12-04 00:53:40
2016,Rebecca,Jones,rebecca.jones708@example.com,42,F,Colombia,Cali,Search,2024-04-05 23:53:36
2017,Nancy,Wilson,nancy.wilson577@example.com,28,F,Belgium,Ghent,Search,2023-03-23 11:15:18
2018,Steven,Davis,steven.davis180@example.com,33,M,Brazil,São Paulo,Email,2023-11-24 04:46:12
2019,Mark,Williams,mark.williams79@example.com,39,M,United States,Chicago,Facebook,2024-09-26 15:22:29
2020,Michael,Anderson,michael.anderson289@example.com,25,M,Mexico,Monterrey,Facebook,2023-12-19 18:53:52
2021,Stephanie,Wilson,stephanie.wilson138@example.com,28,F,Japan,Kyoto,Search,2024-05-03 06:48:08
2022,Linda,Martinez,linda.martinez699@example.com,40,F,United Kingdom,Leeds,Display,2024-09-01 12:26:32
2023,Margaret,Martin,margaret.martin976@example.com,28,F,United States,San Francisco,Email,2023-02-07 03:45:54
2024,Stephanie,Moore,stephanie.moore926@example.com,46,F,United States,New York,Search,2023-01-03 03:24:54
2025,Margaret,Smith,margaret.smith566@example.com,23,F,United Kingdom,Leeds,Organic,2023-01-11 17:35:40
2026,Melissa,Martin,melissa.martin883@example.com,23,F,United Kingdom,Leeds,Organic,2023-02-08 23:07:29
2027,Paul,Smith,paul.smith657@example.com,57,M,United States,Houston,Facebook,2024-01-15 00:45:38
2028,Melissa,Martinez,melissa.martinez130@example.com,18,F,Austria,Salzburg,Organic,2023-06-16 22:50:23
2029,Andrew,Martin,andrew.martin586@example.com,34,M,United Kingdom,Manchester,Search,2024-10-26 19:35:08
2030,Thomas,Lee,thomas.lee569@example.com,57,M,France,Paris,Facebook,2024-01-22 17:42:22
2031,Elizabeth,Smith,elizabeth.smith549@example.com,34,F,United States,Los Angeles,Facebook,2024-01-07 05:12:44
2032,Linda,Johnson,linda.johnson799@example.com,51,F,Japan,Nagoya,Organic,2024-11-06 07:13:06
2033,Susan,Jones,susan.jones985@example.com,42,F,Spain,Barcelona,Organic,2024-07-27 21:10:56
2034,Mark,Garcia,mark.garcia237@example.com,34,M,United States,Phoenix,Search,2022-02-05 14:16:27
2035,Lisa,Garcia,lisa.garcia18@example.com,33,F,France,Lyon,Organic,2024-11-24 01:54:44
2036,Sarah,Rodriguez,sarah.rodriguez642@example.com,18,F,Germany,Frankfurt,Email,2024-08-23 13:56:00
2037,David,Miller,david.miller111@example.com,31,M,South Korea,Daegu,Facebook,2022-12-28 08:28:08
2038,Steven,Lopez,steven.lopez427@example.com,37,M,United States,Denver,Display,2022-09-15 23:43:55
2039,Amanda,Jackson,amanda.jackson931@example.com,37,F,Colombia,Barranquilla,Facebook,2023-08-13 15:33:26
2040,Robert,Hernandez,robert.hernandez662@example.com,64,M,China,Chengdu,Email,2024-12-30 03:55:32
2041,Lisa,Miller,lisa.miller936@example.com,38,F,United States,Houston,Organic,2023-10-29 23:21:42
2042,Kevin,Lopez,kevin.lopez33@example.com,42,M,United States,San Francisco,Search,2023-09-26 22:05:02
2043,Kevin,Wilson,kevin.wilson706@example.com,48,M,United States,Houston,Display,2022-08-26 19:24:09
2044,Jessica,Jackson,jessica.jackson313@example.com,41,F,United States,Miami,Facebook,2024-09-09 23:42:42
2045,Kevin,Martin,kevin.martin75@example.com,33,M,China,Guangzhou,Display,2024-05-23 07:34:53
2046,Emily,Garcia,emily.garcia307@example.com,34,F,Japan,Osaka,Facebook,2022-03-04 09:48:13
2047,Margaret,Martin,margaret.martin932@example.com,30,F,United States,Denver,Organic,2022-10-14 15:00:10
2048,Michael,Moore,michael.moore418@example.com,40,M,Mexico,Guadalajara,Search,2024-08-23 01:54:20
2049,Nancy,Williams,nancy.williams916@example.com,32,F,United States,Boston,Organic,2024-02-14 00:39:56
2050,Nancy,Lopez,nancy.lopez115@example.com,42,F,France,Nice,Facebook,2023-03-18 20:17:51
2051,Stephanie,Brown,stephanie.brown655@example.com,22,F,Poland,Warsaw,Display,2023-07-28 14:06:00
2052,Patricia,Martinez,patricia.martinez436@example.com,36,F,South Korea,Busan,Email,2022-05-19 01:51:14
2053,Patricia,Smith,patricia.smith299@example.com,53,F,Germany,Munich,Organic,2024-07-05 03:42:54
2054,Stephanie,Garcia,stephanie.garcia541@example.com,32,F,Spain,Bilbao,Organic,2023-11-23 02:38:25
2055,Thomas,Lopez,thomas.lopez613@example.com,57,M,United States,Miami,Search,2023-07-15 03:40:01
2056,Karen,Miller,karen.miller27@example.com,36,F,United States,New York,Organic,2023-11-02 00:11:21
2057,Nancy,Smith,nancy.smith653@example.com,34,F,China,Chengdu,Display,2023-10-05 09:37:00
2058,Karen,Davis,karen.davis301@example.com,36,F,United States,Chicago,Facebook,2023-04-21 09:51:39
2059,Rebecca,Hernandez,rebecca.hernandez803@example.com,31,F,Brazil,Rio de Janeiro,Organic,2022-07-18 06:34:51
2060,Daniel,Taylor,daniel.taylor177@example.com,18,M,United States,Los Angeles,Email,2023-06-11 11:05:05
2061,Michelle,Williams,michelle.williams286@example.com,45,F,Poland,Warsaw,Search,2024-06-03 23:08:53
2062,Sarah,Martinez,sarah.martinez971@example.com,61,F,Belgium,Ghent,Display,2022-02-28 16:08:07
2063,James,Brown,james.brown247@example.com,40,M,Australia,Sydney,Facebook,2023-03-17 07:49:42
2064,Michael,Brown,michael.brown130@example.com,41,M,Spain,Madrid,Search,2023-09-27 19:41:05
2065,Sarah,Williams,sarah.williams550@example.com,32,F,United States,Miami,Facebook,2022-01-28 00:40:21
2066,Mary,Taylor,mary.taylor627@example.com,48,F,United States,Houston,Search,2024-07-15 10:25:27
2067,Linda,Martin,linda.martin566@example.com,34,F,Germany,Frankfurt,Facebook,2022-02-28 16:08:02
2068,Andrew,Anderson,andrew.anderson402@example.com,38,M,Germany,Cologne,Organic,2023-06-09 22:20:48
2069,Michael,Davis,michael.davis108@example.com,18,M,Brazil,São Paulo,Search,2022-05-05 23:08:19
2070,Jennifer,Martin,jennifer.martin287@example.com,28,F,China,Guangzhou,Facebook,2022-10-28 12:55:51
2071,Stephanie,Martinez,stephanie.martinez57@example.com,39,F,China,Shanghai,Organic,2023-03-07 20:59:50
2072,Rebecca,Hernandez,rebecca.hernandez853@example.com,45,F,United States,Miami,Search,2022-10-18 14:54:25
2073,Lisa,Wilson,lisa.wilson260@example.com,46,F,United States,Houston,Email,2024-08-16 20:31:51
2074,Ashley,Anderson,ashley.anderson663@example.com,18,F,Brazil,São Paulo,Search,2023-09-13 03:02:50
2075,Michelle,Martinez,michelle.martinez260@example.com,18,F,France,Lyon,Facebook,2023-01-31 14:50:30
2076,Patricia,Martinez,patricia.martinez620@example.com,42,F,Austria,Graz,Facebook,2022-11-15 20:50:33
2077,Susan,Miller,susan.miller92@example.com,26,F,United Kingdom,Leeds,Search,2023-06-29 22:40:22
2078,Margaret,Anderson,margaret.anderson94@example.com,45,F,Spain,Seville,Display,2023-01-06 17:05:31
2079,Paul,Anderson,paul.anderson316@example.com,18,M,Australia,Perth,Organic,2024-06-01 22:41:37
2080,Andrew,Rodriguez,andrew.rodriguez259@example.com,33,M,United States,New York,Search,2022-09-15 02:40:46
2081,Mary,Thomas,mary.thomas322@example.com,34,F,Germany,Cologne,Organic,2024-01-26 08:44:43
2082,Rebecca,Williams,rebecca.williams276@example.com,40,F,China,Shenzhen,Facebook,2023-05-04 16:25:04
2083,Ashley,Rodriguez,ashley.rodriguez693@example.com,22,F,United Kingdom,London,Search,2022-10-16 20:45:13
2084,Steven,Lee,steven.lee434@example.com,18,M,United States,Boston,Organic,2023-05-26 08:38:23
2085,Karen,Thomas,karen.thomas154@example.com,37,F,Belgium,Charleroi,Organic,2022-05-12 00:10:44
2086,Robert,Thomas,robert.thomas920@example.com,41,M,Austria,Vienna,Facebook,2023-07-30 21:11:27
2087,Karen,Jackson,karen.jackson634@example.com,47,F,United States,Phoenix,Organic,2024-02-25 07:13:24
2088,Karen,Wilson,karen.wilson403@example.com,30,F,United States,Boston,Organic,2023-10-12 04:13:07
2089,Emily,Anderson,emily.anderson509@example.com,44,F,United States,Seattle,Search,2022-01-17 17:01:09
2090,Rebecca,Martinez,rebecca.martinez328@example.com,40,F,Australia,Sydney,Search,2023-10-06 18:08:35
2091,Andrew,Moore,andrew.moore393@example.com,50,M,France,Toulouse,Facebook,2022-01-28 23:12:20
2092,John,Thomas,john.thomas71@example.com,34,M,United States,Los Angeles,Organic,2023-02-07 03:22:46
2093,Mary,Hernandez,mary.hernandez830@example.com,18,F,Australia,Melbourne,Search,2023-11-27 04:00:13
2094,Nancy,Williams,nancy.williams385@example.com,34,F,Brazil,São Paulo,Search,2024-09-13 05:50:44
2095,Rebecca,Moore,rebecca.moore695@example.com,36,F,China,Guangzhou,Facebook,2024-12-05 07:35:21
2096,Andrew,Miller,andrew.miller53@example.com,41,M,Brazil,Curitiba,Facebook,2023-07-15 06:20:00
2097,Kenneth,Davis,kenneth.davis92@example.com,18,M,United Kingdom,London,Organic,2022-08-22 11:12:26
2098,Michael,Williams,michael.williams365@example.com,31,M,China,Guangzhou,Facebook,2024-06-30 04:00:42
2099,David,Jones,david.jones38@example.com,45,M,United States,Chicago,Facebook,2023-01-25 14:34:28
2100,John,Williams,john.williams966@example.com,33,M,Brazil,Salvador,Search,2023-09-03 07:54:43
2101,Jessica,Johnson,jessica.johnson40@example.com,31,F,Belgium,Brussels,Organic,2022-08-05 23:46:01
2102,Margaret,Smith,margaret.smith555@example.com,57,F,China,Beijing,Search,2023-02-10 19:42:53
2103,Anthony,Garcia,anthony.garcia351@example.com,22,M,Poland,Warsaw,Email,2023-06-10 06:18:37
2104,Robert,Taylor,robert.taylor209@example.com,49,M,United Kingdom,Edinburgh,Search,2024-03-19 19:40:13
2105,Michael,Jackson,michael.jackson141@example.com,47,M,Japan,Tokyo,Organic,2024-09-12 06:03:28
2106,Margaret,Jones,margaret.jones299@example.com,32,F,United States,San Francisco,Organic,2022-07-13 18:30:39
2107,Charles,Rodriguez,charles.rodriguez52@example.com,34,M,Australia,Sydney,Organic,2023-09-05 08:49:18
2108,Margaret,Moore,margaret.moore570@example.com,34,F,United States,San Francisco,Email,2024-11-27 19:11:55
2109,Melissa,Thomas,melissa.thomas235@example.com,37,F,United States,Miami,Organic,2022-01-19 02:12:26
2110,Andrew,Martin,andrew.martin20@example.com,27,M,United States,Miami,Search,2023-09-19 16:06:40
2111,Margaret,Rodriguez,margaret.rodriguez116@example.com,29,F,United States,New York,Facebook,2024-04-20 15:23:01
2112,Michelle,Brown,michelle.brown898@example.com,30,F,Austria,Salzburg,Facebook,2022-04-25 01:28:25
2113,Mark,Williams,mark.williams240@example.com,31,M,Mexico,Guadalajara,Display,2024-01-02 15:23:35
2114,Daniel,Thomas,daniel.thomas577@example.com,31,M,Japan,Yokohama,Facebook,2023-04-07 09:17:42
2115,Lisa,Smith,lisa.smith409@example.com,18,F,United States,Boston,Organic,2023-10-21 06:22:53
2116,Melissa,Martinez,melissa.martinez492@example.com,36,F,Belgium,Brussels,Search,2024-02-20 05:30:18
2117,Lisa,Davis,lisa.davis853@example.com,28,F,Japan,Osaka,Display,2022-06-08 01:35:08
2118,Jessica,Martin,jessica.martin715@example.com,18,F,United States,Denver,Facebook,2022-03-16 13:55:24
2119,David,Lee,david.lee550@example.com,30,M,China,Shanghai,Search,2022-12-13 09:47:02
2120,Emily,Martinez,emily.martinez200@example.com,30,F,Germany,Munich,Organic,2022-10-14 05:04:42
2121,Stephanie,Lopez,stephanie.lopez849@example.com,50,F,United States,San Francisco,Facebook,2022-11-13 04:07:34
2122,Andrew,Davis,andrew.davis22@example.com,28,M,China,Chengdu,Search,2024-10-09 04:33:11
2123,Michelle,Taylor,michelle.taylor557@example.com,43,F,Spain,Barcelona,Facebook,2024-01-23 19:18:48
2124,Michelle,Garcia,michelle.garcia614@example.com,51,F,United States,Houston,Facebook,2023-01-26 01:00:51
2125,Karen,Thomas,karen.thomas945@example.com,27,F,China,Guangzhou,Search,2023-10-26 00:00:48
2126,David,Martin,david.martin160@example.com,34,M,United Kingdom,London,Display,2022-06-24 06:47:37
2127,Matthew,Brown,matthew.brown289@example.com,55,M,Spain,Barcelona,Display,2022-07-20 09:44:19
2128,Donna,Jones,donna.jones13@example.com,37,F,Austria,Graz,Search,2022-04-18 17:29:50
2129,Nancy,Davis,nancy.davis247@example.com,39,F,South Korea,Incheon,Organic,2023-04-12 20:25:13
2130,Elizabeth,Moore,elizabeth.moore928@example.com,30,F,France,Marseille,Email,2023-11-09 20:57:59
2131,Mary,Wilson,mary.wilson9@example.com,43,F,France,Lyon,Organic,2023-07-11 21:01:28
2132,David,Brown,david.brown787@example.com,34,M,France,Lyon,Display,2023-09-04 03:44:19
2133,Charles,Davis,charles.davis934@example.com,18,M,United Kingdom,Edinburgh,Search,2022-06-28 13:53:35
2134,James,Wilson,james.wilson114@example.com,30,M,United States,Denver,Facebook,2023-12-11 06:39:00
2135,Thomas,Lee,thomas.lee360@example.com,20,M,Spain,Bilbao,Facebook,2023-08-29 05:23:30
2136,Paul,Martinez,paul.martinez895@example.com,36,M,Spain,Seville,Organic,2024-11-15 01:12:21
2137,Donna,Johnson,donna.johnson719@example.com,23,F,United Kingdom,Birmingham,Facebook,2022-09-28 11:25:58
2138,David,Williams,david.williams68@example.com,40,M,Colombia,Bogotá,Search,2022-03-07 19:54:28
2139,Thomas,Smith,thomas.smith864@example.com,35,M,Germany,Berlin,Search,2023-05-14 09:03:30
2140,Stephanie,Williams,stephanie.williams802@example.com,20,F,Brazil,Brasília,Search,2022-08-05 10:47:39
2141,Charles,Rodriguez,charles.rodriguez312@example.com,29,M,United States,Phoenix,Search,2022-07-11 11:48:39
2142,Daniel,Garcia,daniel.garcia414@example.com,42,M,United States,Miami,Search,2022-09-14 00:54:11
2143,Elizabeth,Miller,elizabeth.miller305@example.com,48,F,Brazil,São Paulo,Organic,2024-01-15 12:58:35
2144,Andrew,Taylor,andrew.taylor518@example.com,24,M,China,Chengdu,Search,2023-04-13 15:53:43
2145,Linda,Martinez,linda.martinez778@example.com,21,F,United States,Los Angeles,Search,2024-08-15 04:47:16
2146,Michelle,Thomas,michelle.thomas667@example.com,58,F,United States,Houston,Search,2022-05-13 12:34:19
2147,Paul,Hernandez,paul.hernandez967@example.com,34,M,United States,Houston,Email,2024-10-17 10:58:55
2148,Stephanie,Jones,stephanie.jones99@example.com,36,F,Australia,Adelaide,Search,2023-03-25 19:22:53
2149,Nancy,Martin,nancy.martin923@example.com,26,F,Japan,Yokohama,Facebook,2023-08-08 12:01:36
2150,Amanda,Martinez,amanda.martinez906@example.com,37,F,Brazil,São Paulo,Search,2024-06-12 17:35:41
2151,Amanda,Moore,amanda.moore382@example.com,55,F,United States,Denver,Search,2023-06-23 08:10:29
2152,Rebecca,Johnson,rebecca.johnson144@example.com,38,F,United States,Seattle,Organic,2022-06-29 04:55:39
2153,Sarah,Moore,sarah.moore226@example.com,47,F,United States,New York,Organic,2022-09-21 10:20:06
2154,Ashley,Thomas,ashley.thomas940@example.com,35,F,Brazil,Salvador,Organic,2024-09-30 15:44:04
2155,Andrew,Jones,andrew.jones10@example.com,22,M,United States,New York,Facebook,2022-03-18 09:37:12
2156,Elizabeth,Taylor,elizabeth.taylor92@example.com,26,F,United States,Phoenix,Organic,2024-09-24 19:44:23
2157,Elizabeth,Thomas,elizabeth.thomas73@example.com,21,F,Austria,Vienna,Search,2024-01-10 04:56:13
2158,Sarah,Jackson,sarah.jackson172@example.com,37,F,China,Shanghai,Email,2023-07-16 17:18:15
2159,John,Jones,john.jones788@example.com,49,M,South Korea,Incheon,Search,2022-12-13 01:41:44
2160,Joshua,Jackson,joshua.jackson58@example.com,36,M,United States,Seattle,Email,2024-07-30 20:56:26
2161,Stephanie,Taylor,stephanie.taylor963@example.com,31,F,United States,Phoenix,Facebook,2022-02-05 15:24:29
2162,Linda,Miller,linda.miller397@example.com,25,F,Austria,Graz,Search,2024-02-19 02:14:29
2163,Robert,Davis,robert.davis531@example.com,39,M,Brazil,Brasília,Organic,2022-08-18 18:10:11
2164,Charles,Garcia,charles.garcia590@example.com,20,M,Germany,Berlin,Organic,2023-01-26 15:05:11
2165,Mark,Martinez,mark.martinez810@example.com,21,M,Mexico,Mexico City,Facebook,2022-03-11 22:13:31
2166,Elizabeth,Jackson,elizabeth.jackson624@example.com,45,F,United Kingdom,London,Display,2023-09-08 02:49:45
2167,Joshua,Moore,joshua.moore61@example.com,31,M,United States,New York,Organic,2022-06-11 12:38:53
2168,Melissa,Williams,melissa.williams827@example.com,31,F,United Kingdom,Leeds,Display,2022-05-08 16:40:59
2169,Anthony,Williams,anthony.williams88@example.com,32,M,United States,Seattle,Search,2022-12-27 00:08:36
2170,David,Johnson,david.johnson528@example.com,43,M,United States,Los Angeles,Search,2023-06-27 20:38:06
2171,Mark,Wilson,mark.wilson865@example.com,36,M,United States,San Francisco,Organic,2024-10-31 13:32:44
2172,Amanda,Miller,amanda.miller510@example.com,26,F,Belgium,Antwerp,Display,2024-06-27 19:50:58
2173,Margaret,Taylor,margaret.taylor419@example.com,26,F,Germany,Berlin,Organic,2023-03-15 13:02:05
2174,Rebecca,Taylor,rebecca.taylor326@example.com,32,F,United States,Boston,Email,2023-10-03 20:06:25
2175,Michelle,Brown,michelle.brown784@example.com,38,F,United States,Boston,Organic,2024-04-23 05:09:53
2176,Thomas,Anderson,thomas.anderson650@example.com,34,M,Germany,Frankfurt,Email,2023-02-23 07:45:52
2177,Lisa,Taylor,lisa.taylor810@example.com,33,F,Poland,Wrocław,Email,2024-04-20 22:02:33
2178,Joseph,Lee,joseph.lee907@example.com,35,M,United States,San Francisco,Facebook,2023-12-28 14:20:50
2179,Michael,Thomas,michael.thomas591@example.com,34,M,United States,Denver,Facebook,2024-02-09 19:43:48
2180,Andrew,Davis,andrew.davis355@example.com,25,M,Colombia,Cali,Organic,2024-12-05 15:45:39
2181,Richard,Lee,richard.lee593@example.com,48,M,Belgium,Brussels,Display,2023-02-17 08:08:51
2182,Amanda,Garcia,amanda.garcia356@example.com,29,F,Poland,Warsaw,Facebook,2022-03-15 21:24:52
2183,Amanda,Moore,amanda.moore206@example.com,36,F,United States,Denver,Organic,2023-08-11 08:21:58
2184,Amanda,Davis,amanda.davis343@example.com,18,F,United States,Phoenix,Email,2022-12-28 17:58:27
2185,Jennifer,Martin,jennifer.martin479@example.com,32,F,China,Guangzhou,Facebook,2022-03-06 13:00:38
2186,Susan,Taylor,susan.taylor227@example.com,21,F,United States,Los Angeles,Facebook,2022-06-20 18:05:01
2187,Andrew,Lopez,andrew.lopez315@example.com,23,M,Belgium,Antwerp,Facebook,2023-08-08 08:29:04
2188,James,Jones,james.jones566@example.com,64,M,United States,New York,Organic,2024-11-13 20:34:50
2189,James,Brown,james.brown135@example.com,37,M,France,Lyon,Organic,2023-01-06 14:30:51
2190,Karen,Martin,karen.martin106@example.com,49,F,Belgium,Brussels,Search,2023-08-21 18:18:03
2191,Melissa,Moore,melissa.moore773@example.com,45,F,Mexico,Mexico City,Email,2022-07-14 01:33:05
2192,John,Hernandez,john.hernandez834@example.com,46,M,Germany,Frankfurt,Facebook,2022-05-22 23:42:17
2193,Melissa,Jackson,melissa.jackson313@example.com,32,F,Austria,Vienna,Email,2024-05-06 15:28:19
2194,Amanda,Taylor,amanda.taylor138@example.com,54,F,United States,Los Angeles,Organic,2023-11-02 07:49:44
2195,Linda,Davis,linda.davis461@example.com,45,F,Brazil,Salvador,Display,2022-07-27 13:08:44
2196,Susan,Moore,susan.moore174@example.com,35,F,United States,Los Angeles,Organic,2023-07-02 23:02:33
2197,Lisa,Taylor,lisa.taylor876@example.com,38,F,Mexico,Monterrey,Organic,2023-09-28 06:39:21
2198,Stephanie,Martinez,stephanie.martinez69@example.com,33,F,Belgium,Charleroi,Display,2022-03-06 22:56:30
2199,Michelle,Smith,michelle.smith503@example.com,35,F,United States,Miami,Facebook,2022-11-25 17:07:24
2200,Paul,Thomas,paul.thomas381@example.com,34,M,United States,Los Angeles,Display,2024-08-04 15:26:43
2201,Jessica,Miller,jessica.miller466@example.com,39,F,Brazil,São Paulo,Facebook,2023-02-02 07:20:18
2202,Andrew,Davis,andrew.davis757@example.com,55,M,United States,Miami,Search,2024-02-16 13:40:39
2203,Rebecca,Thomas,rebecca.thomas262@example.com,20,F,South Korea,Busan,Organic,2023-10-25 19:56:21
2204,Anthony,Moore,anthony.moore909@example.com,48,M,United States,Phoenix,Email,2022-01-06 17:40:31
2205,Charles,Johnson,charles.johnson977@example.com,30,M,Australia,Brisbane,Organic,2024-11-03 17:21:38
2206,Anthony,Moore,anthony.moore434@example.com,50,M,United Kingdom,Birmingham,Facebook,2024-11-16 20:11:12
2207,Joseph,Garcia,joseph.garcia385@example.com,30,M,Brazil,Brasília,Search,2024-01-02 19:47:39
2208,Robert,Lopez,robert.lopez235@example.com,39,M,United States,New York,Organic,2022-06-24 09:33:59
2209,Kenneth,Jackson,kenneth.jackson813@example.com,33,M,Mexico,Mexico City,Email,2024-07-13 16:48:11
2210,Mark,Jones,mark.jones725@example.com,18,M,France,Paris,Display,2022-01-01 06:53:07
2211,Steven,Jones,steven.jones449@example.com,55,M,China,Beijing,Organic,2023-07-13 09:38:04
2212,Rebecca,Lee,rebecca.lee687@example.com,23,F,Brazil,Curitiba,Search,2023-04-13 20:41:47
2213,Michelle,Davis,michelle.davis368@example.com,36,F,Belgium,Charleroi,Search,2024-02-03 21:07:27
2214,Sarah,Martin,sarah.martin681@example.com,22,F,South Korea,Incheon,Search,2022-06-04 03:45:47
2215,John,Davis,john.davis819@example.com,18,M,Australia,Sydney,Email,2024-08-16 12:45:57
2216,Kevin,Wilson,kevin.wilson443@example.com,32,M,France,Paris,Organic,2023-09-17 07:29:15
2217,Jennifer,Hernandez,jennifer.hernandez665@example.com,27,F,Belgium,Charleroi,Search,2022-10-13 02:55:19
2218,Joshua,Lee,joshua.lee565@example.com,20,M,United States,Houston,Email,2022-12-08 00:22:13
2219,Charles,Lopez,charles.lopez73@example.com,34,M,Spain,Bilbao,Email,2024-01-22 14:48:51
2220,Amanda,Hernandez,amanda.hernandez62@example.com,18,F,Brazil,Brasília,Organic,2022-07-22 18:28:48
2221,Ashley,Martinez,ashley.martinez263@example.com,36,F,France,Nice,Display,2022-11-21 22:06:42
2222,Steven,Davis,steven.davis250@example.com,33,M,Mexico,Mexico City,Organic,2024-12-14 22:51:57
2223,Jennifer,Rodriguez,jennifer.rodriguez190@example.com,18,F,Mexico,Puebla,Search,2024-08-21 12:17:25
2224,Robert,Martinez,robert.martinez926@example.com,28,M,United Kingdom,Birmingham,Email,2022-12-31 08:07:06
2225,Jessica,Taylor,jessica.taylor605@example.com,40,F,United Kingdom,Birmingham,Search,2023-09-01 09:41:33
2226,James,Smith,james.smith42@example.com,22,M,Belgium,Ghent,Display,2023-03-31 03:11:24
2227,Paul,Hernandez,paul.hernandez902@example.com,41,M,Mexico,Guadalajara,Facebook,2022-08-08 19:22:19
2228,Margaret,Hernandez,margaret.hernandez301@example.com,40,F,Japan,Yokohama,Display,2022-11-19 04:37:51
2229,Kevin,Taylor,kevin.taylor987@example.com,22,M,United States,Miami,Search,2022-04-29 10:00:52
2230,Sarah,Anderson,sarah.anderson227@example.com,34,F,United States,Denver,Organic,2024-07-05 12:01:04
2231,Thomas,Rodriguez,thomas.rodriguez85@example.com,44,M,Belgium,Charleroi,Email,2022-09-27 14:37:03
2232,Sarah,Williams,sarah.williams130@example.com,24,F,Japan,Kyoto,Email,2022-08-04 11:29:08
2233,Donna,Davis,donna.davis386@example.com,32,F,Japan,Yokohama,Email,2023-11-30 14:24:50
2234,Elizabeth,Garcia,elizabeth.garcia923@example.com,48,F,Germany,Cologne,Search,2022-05-20 18:50:23
2235,Ashley,Jones,ashley.jones552@example.com,24,F,Brazil,São Paulo,Facebook,2024-11-13 01:44:48
2236,James,Thomas,james.thomas126@example.com,40,M,Brazil,Brasília,Organic,2024-08-23 04:42:35
2237,Michelle,Martinez,michelle.martinez318@example.com,22,F,Australia,Perth,Organic,2023-03-29 00:06:03
2238,Kevin,Taylor,kevin.taylor489@example.com,33,M,United States,Phoenix,Organic,2022-07-20 18:41:40
2239,Mary,Williams,mary.williams544@example.com,40,F,Germany,Berlin,Facebook,2022-06-03 10:36:10
2240,Elizabeth,Lee,elizabeth.lee838@example.com,18,F,Spain,Seville,Organic,2024-07-28 10:36:39
2241,Sarah,Martinez,sarah.martinez46@example.com,28,F,South Korea,Incheon,Search,2023-04-28 20:24:31
2242,Lisa,Garcia,lisa.garcia4@example.com,40,F,United States,Seattle,Email,2023-09-26 02:30:41
2243,Susan,Davis,susan.davis720@example.com,37,F,Japan,Tokyo,Display,2022-05-16 20:52:04
2244,Daniel,Moore,daniel.moore109@example.com,28,M,United States,New York,Organic,2024-06-20 14:12:30
2245,Rebecca,Thomas,rebecca.thomas682@example.com,21,F,United States,Seattle,Email,2023-07-21 20:48:19
2246,Donna,Brown,donna.brown342@example.com,42,F,Brazil,Curitiba,Email,2022-03-18 19:45:14
2247,Kevin,Lee,kevin.lee388@example.com,31,M,United States,Seattle,Search,2022-03-25 08:09:34
2248,Emily,Williams,emily.williams148@example.com,41,F,Austria,Salzburg,Facebook,2022-03-04 06:09:51
2249,Paul,Garcia,paul.garcia773@example.com,39,M,Belgium,Charleroi,Display,2022-11-25 05:45:50
2250,Anthony,Thomas,anthony.thomas183@example.com,29,M,United States,Chicago,Facebook,2022-01-15 01:24:05
2251,Andrew,Hernandez,andrew.hernandez9@example.com,47,M,South Korea,Seoul,Search,2022-03-06 04:42:58
2252,Joshua,Rodriguez,joshua.rodriguez590@example.com,27,M,China,Shenzhen,Facebook,2024-06-08 21:52:07
2253,Amanda,Martin,amanda.martin152@example.com,49,F,Spain,Seville,Email,2024-04-17 13:11:55
2254,Amanda,Taylor,amanda.taylor171@example.com,50,F,Belgium,Charleroi,Facebook,2022-12-29 11:36:24
2255,Karen,Lee,karen.lee218@example.com,47,F,United Kingdom,Birmingham,Search,2022-07-15 09:45:51
2256,Melissa,Garcia,melissa.garcia638@example.com,32,F,United States,Boston,Search,2022-09-30 09:46:46
2257,Charles,Jackson,charles.jackson751@example.com,65,M,United States,Denver,Email,2023-01-20 11:13:12
2258,James,Jones,james.jones914@example.com,36,M,China,Shenzhen,Organic,2024-04-30 10:14:06
2259,Joshua,Moore,joshua.moore981@example.com,37,M,Austria,Linz,Display,2023-10-14 03:33:59
2260,Rebecca,Hernandez,rebecca.hernandez229@example.com,34,F,United Kingdom,London,Organic,2023-05-02 07:15:05
2261,Anthony,Lopez,anthony.lopez215@example.com,21,M,Brazil,Salvador,Email,2022-03-17 03:14:19
2262,Ashley,Williams,ashley.williams212@example.com,50,F,United States,Seattle,Search,2022-05-07 12:17:56
2263,Linda,Jackson,linda.jackson187@example.com,28,F,Poland,Wrocław,Email,2022-08-10 02:48:49
2264,Melissa,Garcia,melissa.garcia12@example.com,46,F,United States,New York,Email,2022-08-21 07:47:38
2265,Jessica,Lopez,jessica.lopez587@example.com,48,F,Spain,Madrid,Organic,2023-06-20 12:49:05
2266,Kevin,Brown,kevin.brown15@example.com,42,M,Spain,Seville,Organic,2024-08-02 18:41:51
2267,Margaret,Martin,margaret.martin39@example.com,26,F,United States,Phoenix,Display,2023-04-07 23:36:36
2268,Michelle,Miller,michelle.miller396@example.com,30,F,United States,San Francisco,Email,2022-12-27 05:19:32
2269,Donna,Taylor,donna.taylor809@example.com,18,F,Brazil,Brasília,Facebook,2023-09-03 13:01:43
2270,Rebecca,Taylor,rebecca.taylor489@example.com,33,F,United States,Seattle,Organic,2022-03-25 05:03:58
2271,Donna,Lopez,donna.lopez397@example.com,44,F,Spain,Seville,Display,2024-03-08 20:28:17
2272,Michelle,Williams,michelle.williams183@example.com,32,F,Australia,Sydney,Facebook,2022-03-02 19:12:08
2273,Mark,Garcia,mark.garcia679@example.com,27,M,United States,Miami,Organic,2023-01-22 12:38:12
2274,Karen,Wilson,karen.wilson323@example.com,31,F,United Kingdom,Birmingham,Organic,2024-11-09 10:35:10
2275,Stephanie,Hernandez,stephanie.hernandez995@example.com,49,F,United States,San Francisco,Search,2023-03-19 19:46:53
2276,Kevin,Lopez,kevin.lopez141@example.com,34,M,United States,Seattle,Email,2024-03-29 18:45:46
2277,Ashley,Jones,ashley.jones784@example.com,57,F,Japan,Yokohama,Email,2022-10-26 06:10:55
2278,Thomas,Hernandez,thomas.hernandez680@example.com,28,M,Australia,Melbourne,Organic,2024-07-22 02:11:47
2279,Lisa,Johnson,lisa.johnson366@example.com,37,F,Japan,Tokyo,Organic,2023-01-07 23:14:14
2280,William,Martinez,william.martinez393@example.com,29,M,United States,Los Angeles,Search,2022-09-06 22:03:14
2281,Matthew,Johnson,matthew.johnson960@example.com,59,M,United Kingdom,Edinburgh,Search,2022-02-25 21:02:47
2282,Amanda,Anderson,amanda.anderson733@example.com,37,F,Brazil,Rio de Janeiro,Display,2022-12-02 16:01:17
2283,John,Lopez,john.lopez44@example.com,60,M,Mexico,Mexico City,Email,2023-09-28 05:39:43
2284,Thomas,Jackson,thomas.jackson550@example.com,29,M,Germany,Cologne,Organic,2022-03-11 12:09:54
2285,Anthony,Martinez,anthony.martinez739@example.com,53,M,Poland,Warsaw,Search,2022-07-09 04:37:29
2286,Elizabeth,Brown,elizabeth.brown377@example.com,36,F,United States,Phoenix,Search,2023-01-15 22:17:04
2287,Elizabeth,Jones,elizabeth.jones690@example.com,45,F,China,Beijing,Facebook,2024-02-24 08:00:55
2288,Donna,Moore,donna.moore626@example.com,20,F,Japan,Yokohama,Search,2023-10-16 15:58:57
2289,Anthony,Lee,anthony.lee328@example.com,39,M,Brazil,Brasília,Organic,2022-02-16 04:50:39
2290,Sarah,Johnson,sarah.johnson8@example.com,22,F,France,Marseille,Display,2022-03-07 13:32:22
2291,Daniel,Anderson,daniel.anderson36@example.com,38,M,United Kingdom,Birmingham,Facebook,2022-12-29 02:19:58
2292,Margaret,Martinez,margaret.martinez689@example.com,18,F,Mexico,Puebla,Email,2022-11-08 17:38:17
2293,James,Garcia,james.garcia774@example.com,33,M,United States,San Francisco,Search,2022-05-09 01:42:48
2294,Paul,Hernandez,paul.hernandez371@example.com,48,M,Poland,Łódź,Organic,2023-04-26 01:15:48
2295,Andrew,Martin,andrew.martin475@example.com,41,M,Brazil,Curitiba,Email,2023-10-10 12:43:39
2296,Nancy,Brown,nancy.brown513@example.com,20,F,China,Shanghai,Email,2024-01-30 12:01:38
2297,Stephanie,Moore,stephanie.moore882@example.com,18,F,United Kingdom,Edinburgh,Facebook,2024-12-25 22:23:51
2298,Steven,Johnson,steven.johnson523@example.com,40,M,United States,Los Angeles,Facebook,2024-01-28 22:34:47
2299,Nancy,Thomas,nancy.thomas570@example.com,53,F,Austria,Graz,Search,2024-12-15 10:59:46
2300,Donna,Johnson,donna.johnson558@example.com,23,F,Poland,Warsaw,Facebook,2024-12-01 20:24:08
2301,Daniel,Johnson,daniel.johnson130@example.com,60,M,Mexico,Monterrey,Search,2024-07-16 07:01:49
2302,Michelle,Smith,michelle.smith701@example.com,34,F,Mexico,Puebla,Search,2023-01-21 01:13:01
2303,Patricia,Moore,patricia.moore907@example.com,18,F,Germany,Munich,Organic,2022-02-17 12:55:10
2304,Matthew,Lopez,matthew.lopez111@example.com,18,M,China,Guangzhou,Search,2022-03-06 23:44:36
2305,Jessica,Anderson,jessica.anderson72@example.com,44,F,Colombia,Medellín,Search,2024-08-11 09:04:03
2306,James,Brown,james.brown488@example.com,36,M,United States,Miami,Search,2024-08-01 02:01:41
2307,Elizabeth,Martin,elizabeth.martin764@example.com,52,F,South Korea,Daejeon,Organic,2022-12-05 20:21:26
2308,John,Moore,john.moore83@example.com,20,M,China,Guangzhou,Email,2024-03-11 01:09:28
2309,Melissa,Martinez,melissa.martinez743@example.com,36,F,Germany,Munich,Display,2023-05-13 13:13:06
2310,Steven,Jackson,steven.jackson234@example.com,35,M,Brazil,Curitiba,Search,2022-03-16 14:14:39
2311,Donna,Williams,donna.williams184@example.com,33,F,Brazil,São Paulo,Search,2023-12-18 07:55:33
2312,Margaret,Garcia,margaret.garcia189@example.com,30,F,United States,Boston,Email,2022-04-02 06:08:03
2313,David,Smith,david.smith526@example.com,30,M,Brazil,Curitiba,Search,2022-05-24 04:34:46
2314,Emily,Brown,emily.brown598@example.com,37,F,Brazil,Salvador,Facebook,2023-06-06 21:59:36
2315,Emily,Moore,emily.moore461@example.com,38,F,United States,Seattle,Search,2022-03-18 18:32:49
2316,Stephanie,Rodriguez,stephanie.rodriguez605@example.com,38,F,United States,Chicago,Facebook,2023-01-10 02:25:45
2317,Joseph,Wilson,joseph.wilson804@example.com,49,M,France,Marseille,Search,2024-04-04 11:40:18
2318,Jessica,Jackson,jessica.jackson830@example.com,20,F,United States,Los Angeles,Facebook,2023-10-16 00:39:26
2319,Anthony,Taylor,anthony.taylor728@example.com,18,M,South Korea,Busan,Organic,2022-03-02 16:37:43
2320,Paul,Davis,paul.davis521@example.com,47,M,United States,San Francisco,Search,2022-08-28 23:32:55
2321,Sarah,Miller,sarah.miller219@example.com,23,F,United Kingdom,Manchester,Organic,2024-12-24 01:20:46
2322,Jessica,Williams,jessica.williams744@example.com,30,F,United States,Miami,Organic,2024-11-16 11:25:55
2323,Jennifer,Moore,jennifer.moore672@example.com,27,F,United Kingdom,Edinburgh,Display,2024-10-03 10:28:27
2324,Andrew,Lee,andrew.lee888@example.com,27,M,United Kingdom,Birmingham,Organic,2023-07-15 18:54:32
2325,Nancy,Hernandez,nancy.hernandez711@example.com,18,F,Germany,Munich,Search,2023-04-17 09:05:50
2326,Amanda,Martinez,amanda.martinez134@example.com,28,F,Brazil,Rio de Janeiro,Facebook,2024-04-02 00:53:27
2327,Richard,Moore,richard.moore569@example.com,42,M,China,Shenzhen,Search,2024-11-13 19:07:13
2328,Donna,Miller,donna.miller720@example.com,34,F,United States,Miami,Email,2022-05-18 17:36:57
2329,Steven,Rodriguez,steven.rodriguez996@example.com,41,M,China,Shanghai,Email,2024-09-07 07:46:35
2330,Andrew,Jackson,andrew.jackson328@example.com,29,M,Brazil,Brasília,Search,2023-11-07 12:47:24
2331,Rebecca,Davis,rebecca.davis859@example.com,45,F,Germany,Hamburg,Facebook,2022-06-04 07:10:05
2332,Amanda,Martin,amanda.martin278@example.com,28,F,China,Beijing,Facebook,2024-08-05 08:55:29
2333,Paul,Brown,paul.brown377@example.com,18,M,Japan,Osaka,Search,2022-02-05 04:25:49
2334,Mark,Martinez,mark.martinez962@example.com,38,M,Brazil,Curitiba,Facebook,2022-01-26 04:11:37
2335,Paul,Martinez,paul.martinez164@example.com,44,M,United States,Phoenix,Organic,2023-02-07 15:40:35
2336,Rebecca,Miller,rebecca.miller207@example.com,28,F,United States,San Francisco,Organic,2023-08-15 06:50:13
2337,Anthony,Lee,anthony.lee834@example.com,49,M,United States,New York,Facebook,2023-04-14 07:12:40
2338,Stephanie,Martinez,stephanie.martinez913@example.com,24,F,United Kingdom,Manchester,Facebook,2022-09-28 04:53:43
2339,Michelle,Jackson,michelle.jackson105@example.com,43,F,South Korea,Busan,Facebook,2023-12-21 18:23:28
2340,David,Jones,david.jones823@example.com,55,M,Japan,Osaka,Organic,2023-06-08 20:03:27
2341,Jennifer,Miller,jennifer.miller588@example.com,35,F,China,Chengdu,Facebook,2022-05-12 02:40:39
2342,Mary,Martinez,mary.martinez877@example.com,32,F,United States,San Francisco,Organic,2024-06-12 12:21:07
2343,Michelle,Lopez,michelle.lopez496@example.com,33,F,Colombia,Barranquilla,Facebook,2022-12-05 10:49:55
2344,Robert,Jones,robert.jones585@example.com,54,M,United States,Phoenix,Search,2024-01-26 15:03:28
2345,James,Miller,james.miller232@example.com,39,M,Brazil,Salvador,Organic,2023-01-20 08:57:36
2346,Joshua,Wilson,joshua.wilson584@example.com,60,M,Colombia,Bogotá,Organic,2024-04-06 04:14:13
2347,Lisa,Garcia,lisa.garcia418@example.com,38,F,Brazil,Curitiba,Organic,2022-11-05 21:37:49
2348,Rebecca,Taylor,rebecca.taylor402@example.com,27,F,United States,Seattle,Search,2022-08-20 19:01:31
2349,Kenneth,Martinez,kenneth.martinez280@example.com,27,M,United States,New York,Organic,2024-06-30 14:37:25
2350,Robert,Lee,robert.lee401@example.com,35,M,France,Toulouse,Search,2024-02-29 22:33:18
2351,Jennifer,Jones,jennifer.jones168@example.com,18,F,United States,Phoenix,Organic,2023-11-04 07:42:46
2352,Steven,Moore,steven.moore849@example.com,29,M,Germany,Berlin,Organic,2023-10-28 08:17:34
2353,Anthony,Martinez,anthony.martinez405@example.com,29,M,China,Chengdu,Facebook,2022-03-17 21:15:34
2354,Patricia,Johnson,patricia.johnson387@example.com,37,F,United States,San Francisco,Display,2023-03-28 04:04:56
2355,Steven,Thomas,steven.thomas978@example.com,58,M,United States,Seattle,Email,2024-08-02 16:00:06
2356,William,Jones,william.jones486@example.com,35,M,South Korea,Incheon,Display,2022-11-13 20:53:02
2357,Richard,Williams,richard.williams702@example.com,18,M,Brazil,São Paulo,Display,2022-03-03 01:14:51
2358,Kevin,Hernandez,kevin.hernandez995@example.com,24,M,Spain,Barcelona,Search,2024-07-08 02:06:50
2359,Elizabeth,Taylor,elizabeth.taylor861@example.com,38,F,China,Guangzhou,Search,2022-02-01 12:05:30
2360,Jennifer,Garcia,jennifer.garcia354@example.com,36,F,United States,Houston,Search,2024-01-25 06:20:42
2361,Stephanie,Wilson,stephanie.wilson532@example.com,54,F,China,Chengdu,Search,2024-07-01 22:52:32
2362,Matthew,Smith,matthew.smith821@example.com,46,M,China,Beijing,Email,2024-03-27 02:27:25
2363,Sarah,Brown,sarah.brown500@example.com,46,F,China,Shenzhen,Email,2022-01-15 06:15:46
2364,Andrew,Taylor,andrew.taylor277@example.com,32,M,Australia,Brisbane,Facebook,2024-09-08 08:57:05
2365,Stephanie,Smith,stephanie.smith528@example.com,48,F,Poland,Warsaw,Email,2022-04-07 20:02:52
2366,Daniel,Davis,daniel.davis26@example.com,24,M,Australia,Adelaide,Facebook,2024-07-21 12:57:45
2367,Sarah,Hernandez,sarah.hernandez880@example.com,46,F,France,Paris,Organic,2022-01-19 13:31:29
2368,Thomas,Johnson,thomas.johnson593@example.com,31,M,United Kingdom,Birmingham,Search,2023-06-22 13:47:10
2369,Thomas,Lee,thomas.lee256@example.com,18,M,Germany,Cologne,Display,2024-08-21 21:43:31
2370,Sarah,Hernandez,sarah.hernandez479@example.com,42,F,United States,Boston,Facebook,2022-10-16 02:53:05
2371,Thomas,Miller,thomas.miller32@example.com,51,M,Australia,Melbourne,Organic,2022-02-18 22:35:50
2372,Michael,Lee,michael.lee786@example.com,30,M,Colombia,Medellín,Search,2022-04-07 23:54:51
2373,Susan,Lopez,susan.lopez530@example.com,53,F,United States,San Francisco,Email,2023-02-13 02:01:31
2374,Margaret,Anderson,margaret.anderson5@example.com,18,F,Belgium,Ghent,Email,2023-01-30 17:04:03
2375,Steven,Johnson,steven.johnson459@example.com,20,M,South Korea,Busan,Organic,2022-08-26 14:33:34
2376,Rebecca,Brown,rebecca.brown71@example.com,33,F,Brazil,Brasília,Display,2023-05-16 16:23:53
2377,Lisa,Smith,lisa.smith387@example.com,30,F,Belgium,Charleroi,Organic,2023-01-10 02:51:05
2378,Michelle,Hernandez,michelle.hernandez858@example.com,26,F,United States,Miami,Display,2023-10-09 14:15:05
2379,Elizabeth,Moore,elizabeth.moore653@example.com,36,F,United States,Denver,Facebook,2022-11-15 04:46:26
2380,Ashley,Martin,ashley.martin480@example.com,28,F,United States,Denver,Facebook,2022-12-11 07:36:56
2381,Margaret,Lopez,margaret.lopez511@example.com,30,F,United Kingdom,Edinburgh,Display,2024-08-30 05:16:08
2382,Donna,Johnson,donna.johnson506@example.com,38,F,Brazil,Brasília,Email,2024-05-09 07:02:13
2383,Lisa,Wilson,lisa.wilson98@example.com,26,F,Austria,Salzburg,Search,2024-04-21 17:34:55
2384,Andrew,Wilson,andrew.wilson225@example.com,33,M,United States,Phoenix,Email,2023-02-20 15:20:37
2385,Michael,Lopez,michael.lopez815@example.com,27,M,United States,Miami,Organic,2024-08-27 02:14:36
2386,Kevin,Thomas,kevin.thomas925@example.com,20,M,France,Nice,Search,2023-01-09 10:43:52
2387,Michelle,Lopez,michelle.lopez146@example.com,44,F,United States,New York,Facebook,2024-02-28 10:43:11
2388,Richard,Thomas,richard.thomas913@example.com,55,M,Spain,Bilbao,Organic,2024-04-02 16:51:40
2389,Mary,Martinez,mary.martinez31@example.com,47,F,Brazil,Curitiba,Organic,2022-12-28 17:32:52
2390,Margaret,Brown,margaret.brown516@example.com,38,F,Mexico,Puebla,Organic,2023-11-06 00:08:35
2391,Michelle,Johnson,michelle.johnson826@example.com,27,F,Spain,Seville,Search,2022-07-23 12:00:35
2392,Andrew,Martin,andrew.martin218@example.com,31,M,United States,Los Angeles,Search,2023-02-25 12:38:34
2393,Patricia,Rodriguez,patricia.rodriguez948@example.com,47,F,United States,Houston,Email,2023-08-04 02:36:17
2394,Sarah,Miller,sarah.miller981@example.com,18,F,United States,New York,Search,2023-12-31 02:12:16
2395,Mark,Garcia,mark.garcia424@example.com,30,M,Austria,Linz,Facebook,2023-01-26 13:14:39
2396,Susan,Johnson,susan.johnson891@example.com,43,F,Germany,Hamburg,Organic,2024-02-19 11:34:48
2397,Kenneth,Martin,kenneth.martin80@example.com,21,M,Brazil,Brasília,Search,2023-12-06 12:53:36
2398,Sarah,Johnson,sarah.johnson521@example.com,40,F,United States,Miami,Search,2024-08-03 23:40:08
2399,Donna,Jones,donna.jones292@example.com,39,F,Colombia,Barranquilla,Organic,2022-02-12 15:08:54
2400,Mark,Martinez,mark.martinez626@example.com,18,M,United States,New York,Email,2023-07-17 04:15:29
2401,Matthew,Davis,matthew.davis251@example.com,36,M,Spain,Bilbao,Display,2024-02-20 17:10:03
2402,Matthew,Smith,matthew.smith439@example.com,27,M,Japan,Osaka,Organic,2023-04-08 07:47:06
2403,David,Miller,david.miller731@example.com,39,M,United States,Miami,Search,2022-11-25 00:24:54
2404,Lisa,Taylor,lisa.taylor206@example.com,43,F,China,Shenzhen,Facebook,2023-09-29 22:22:45
2405,Kevin,Garcia,kevin.garcia841@example.com,39,M,United States,Phoenix,Organic,2023-05-22 03:40:49
2406,Paul,Jackson,paul.jackson681@example.com,35,M,Brazil,Rio de Janeiro,Organic,2023-04-16 12:42:21
2407,Emily,Davis,emily.davis251@example.com,38,F,Austria,Vienna,Organic,2024-12-07 13:58:29
2408,Jessica,Smith,jessica.smith668@example.com,20,F,Spain,Seville,Facebook,2023-04-08 23:30:05
2409,Ashley,Williams,ashley.williams318@example.com,34,F,South Korea,Busan,Organic,2022-08-25 01:19:21
2410,Sarah,Moore,sarah.moore547@example.com,25,F,United Kingdom,Manchester,Email,2022-01-19 07:29:49
2411,Kenneth,Rodriguez,kenneth.rodriguez610@example.com,47,M,United States,New York,Organic,2022-05-09 19:59:19
2412,Donna,Lee,donna.lee813@example.com,43,F,Spain,Bilbao,Organic,2023-08-11 23:27:46
2413,Michael,Taylor,michael.taylor348@example.com,43,M,China,Beijing,Display,2022-08-18 17:54:29
2414,Jessica,Smith,jessica.smith451@example.com,55,F,United States,Houston,Organic,2022-04-30 23:35:38
2415,Donna,Miller,donna.miller442@example.com,31,F,Brazil,Rio de Janeiro,Search,2023-01-20 21:30:45
2416,Mary,Thomas,mary.thomas860@example.com,28,F,France,Marseille,Search,2022-09-21 06:15:48
2417,Patricia,Johnson,patricia.johnson841@example.com,30,F,Spain,Valencia,Facebook,2023-08-11 04:15:48
2418,Patricia,Lee,patricia.lee217@example.com,18,F,United States,San Francisco,Facebook,2022-03-03 15:39:22
2419,Kevin,Brown,kevin.brown106@example.com,18,M,Colombia,Medellín,Organic,2024-12-09 08:20:43
2420,Lisa,Taylor,lisa.taylor960@example.com,42,F,Brazil,Rio de Janeiro,Search,2024-09-24 20:20:34
2421,Susan,Moore,susan.moore167@example.com,18,F,United States,Denver,Search,2024-08-10 12:32:07
2422,Linda,Hernandez,linda.hernandez205@example.com,22,F,United States,Phoenix,Organic,2022-07-07 18:56:17
2423,Jessica,Moore,jessica.moore119@example.com,33,F,Australia,Adelaide,Organic,2024-02-22 21:03:19
2424,Thomas,Jackson,thomas.jackson160@example.com,30,M,Brazil,Curitiba,Organic,2022-01-15 22:44:24
2425,Susan,Thomas,susan.thomas64@example.com,45,F,China,Guangzhou,Organic,2024-02-28 23:30:59
2426,William,Thomas,william.thomas603@example.com,35,M,United States,San Francisco,Facebook,2024-05-23 12:35:08
2427,Richard,Davis,richard.davis509@example.com,25,M,Germany,Cologne,Facebook,2022-11-07 17:49:39
2428,Kenneth,Garcia,kenneth.garcia93@example.com,46,M,Australia,Sydney,Facebook,2023-05-23 19:46:13
2429,Rebecca,Jackson,rebecca.jackson651@example.com,43,F,United States,Phoenix,Facebook,2024-10-13 03:01:44
2430,Mark,Jones,mark.jones168@example.com,18,M,Austria,Linz,Search,2022-08-06 01:15:18
2431,Anthony,Rodriguez,anthony.rodriguez538@example.com,38,M,United States,Los Angeles,Facebook,2023-08-14 19:25:50
2432,Thomas,Hernandez,thomas.hernandez728@example.com,26,M,United States,Los Angeles,Search,2022-11-29 17:19:41
2433,Ashley,Davis,ashley.davis426@example.com,26,F,France,Paris,Facebook,2022-06-27 23:02:30
2434,Sarah,Davis,sarah.davis308@example.com,57,F,Spain,Valencia,Organic,2024-01-17 12:39:04
2435,Kenneth,Lopez,kenneth.lopez895@example.com,36,M,United States,San Francisco,Facebook,2024-11-06 13:57:00
2436,Joseph,Miller,joseph.miller799@example.com,32,M,United Kingdom,Birmingham,Email,2023-09-12 02:06:03
2437,Mary,Lee,mary.lee843@example.com,36,F,United States,New York,Organic,2023-07-09 15:30:03
2438,Charles,Brown,charles.brown156@example.com,45,M,United Kingdom,Birmingham,Search,2023-08-08 10:53:35
2439,Michelle,Davis,michelle.davis273@example.com,26,F,Germany,Cologne,Email,2022-06-20 06:51:33
2440,Steven,Moore,steven.moore385@example.com,28,M,Mexico,Mexico City,Organic,2022-08-09 08:41:01
2441,Nancy,Martinez,nancy.martinez169@example.com,42,F,China,Guangzhou,Organic,2024-03-16 01:54:04
2442,John,Thomas,john.thomas386@example.com,18,M,Germany,Munich,Search,2023-10-04 13:29:57
2443,Rebecca,Wilson,rebecca.wilson248@example.com,46,F,United Kingdom,London,Organic,2022-09-14 00:00:14
2444,Andrew,Miller,andrew.miller480@example.com,18,M,United States,New York,Organic,2022-01-22 07:35:48
2445,Lisa,Thomas,lisa.thomas706@example.com,32,F,United States,New York,Email,2022-07-25 11:53:13
2446,Elizabeth,Jones,elizabeth.jones410@example.com,18,F,Mexico,Guadalajara,Facebook,2023-07-08 01:33:49
2447,Lisa,Thomas,lisa.thomas721@example.com,22,F,United States,Phoenix,Organic,2022-10-21 00:18:14
2448,David,Williams,david.williams387@example.com,50,M,Australia,Perth,Email,2024-03-11 09:41:10
2449,Kevin,Anderson,kevin.anderson494@example.com,47,M,United States,New York,Email,2023-09-26 05:06:18
2450,Rebecca,Williams,rebecca.williams328@example.com,48,F,Australia,Perth,Search,2022-06-11 11:21:28
2451,Nancy,Jackson,nancy.jackson85@example.com,18,F,United States,Miami,Facebook,2022-11-17 09:15:03
2452,Michael,Wilson,michael.wilson16@example.com,22,M,Austria,Vienna,Search,2022-02-09 02:03:19
2453,Paul,Smith,paul.smith183@example.com,39,M,Germany,Frankfurt,Organic,2022-02-14 16:34:41
2454,Robert,Williams,robert.williams616@example.com,43,M,United States,Los Angeles,Email,2024-04-03 15:57:21
2455,Susan,Brown,susan.brown100@example.com,25,F,Spain,Valencia,Email,2023-03-01 07:25:21
2456,Michelle,Lee,michelle.lee473@example.com,28,F,France,Toulouse,Email,2024-08-23 11:09:38
2457,Nancy,Lopez,nancy.lopez133@example.com,21,F,United States,Denver,Organic,2022-09-14 15:42:22
2458,Elizabeth,Garcia,elizabeth.garcia373@example.com,54,F,United States,San Francisco,Search,2022-12-19 02:34:06
2459,Paul,Garcia,paul.garcia270@example.com,29,M,Spain,Valencia,Search,2023-07-15 00:50:10
2460,John,Smith,john.smith211@example.com,35,M,Japan,Nagoya,Search,2022-11-04 15:02:35
2461,Joseph,Jones,joseph.jones515@example.com,36,M,United States,Chicago,Organic,2023-05-19 05:16:44
2462,Emily,Jackson,emily.jackson890@example.com,48,F,Colombia,Bogotá,Organic,2022-05-15 01:58:10
2463,Mark,Lopez,mark.lopez652@example.com,23,M,United States,Phoenix,Facebook,2022-03-27 12:01:23
2464,John,Davis,john.davis238@example.com,49,M,United States,Los Angeles,Search,2024-07-31 12:32:10
2465,David,Smith,david.smith848@example.com,19,M,France,Paris,Search,2022-09-26 14:51:11
2466,Daniel,Miller,daniel.miller920@example.com,48,M,United States,Houston,Search,2022-04-22 19:58:20
2467,Nancy,Davis,nancy.davis756@example.com,18,F,United States,Los Angeles,Email,2022-11-05 05:24:24
2468,William,Williams,william.williams217@example.com,33,M,China,Guangzhou,Organic,2023-04-05 08:29:49
2469,Andrew,Wilson,andrew.wilson168@example.com,54,M,United States,San Francisco,Search,2023-06-15 18:52:43
2470,Elizabeth,Anderson,elizabeth.anderson970@example.com,43,F,United States,Phoenix,Organic,2024-04-18 14:22:30
2471,John,Lee,john.lee888@example.com,40,M,Spain,Valencia,Search,2024-06-19 07:54:39
2472,Joshua,Davis,joshua.davis420@example.com,22,M,United Kingdom,London,Organic,2022-11-16 15:48:05
2473,Charles,Garcia,charles.garcia457@example.com,26,M,South Korea,Incheon,Email,2022-08-28 08:52:44
2474,Patricia,Moore,patricia.moore532@example.com,51,F,France,Paris,Organic,2022-05-16 12:56:53
2475,Kenneth,Davis,kenneth.davis887@example.com,40,M,China,Beijing,Search,2022-06-23 05:08:44
2476,Melissa,Wilson,melissa.wilson299@example.com,45,F,United States,Seattle,Search,2022-02-01 04:27:28
2477,Nancy,Thomas,nancy.thomas677@example.com,35,F,Australia,Adelaide,Search,2022-01-02 02:50:49
2478,Mary,Jackson,mary.jackson938@example.com,31,F,United States,Chicago,Display,2023-04-04 00:47:06
2479,Joshua,Miller,joshua.miller299@example.com,44,M,United States,Chicago,Facebook,2023-10-27 02:54:13
2480,Emily,Wilson,emily.wilson283@example.com,38,F,South Korea,Daegu,Organic,2024-06-16 00:43:20
2481,Matthew,Williams,matthew.williams135@example.com,32,M,Japan,Nagoya,Facebook,2022-12-23 13:48:55
2482,William,Taylor,william.taylor729@example.com,18,M,France,Lyon,Search,2022-11-13 12:34:27
2483,Melissa,Smith,melissa.smith272@example.com,46,F,United States,Denver,Organic,2024-01-04 19:40:57
2484,Paul,Anderson,paul.anderson21@example.com,40,M,United States,Houston,Organic,2023-11-29 05:15:19
2485,Daniel,Jones,daniel.jones502@example.com,27,M,China,Guangzhou,Email,2024-01-26 16:56:31
2486,Richard,Martinez,richard.martinez558@example.com,49,M,Japan,Osaka,Facebook,2022-07-06 03:59:59
2487,Mark,Johnson,mark.johnson18@example.com,37,M,China,Beijing,Search,2022-02-18 22:48:31
2488,Charles,Anderson,charles.anderson741@example.com,38,M,United States,Boston,Email,2023-08-20 17:01:06
2489,Jessica,Martinez,jessica.martinez558@example.com,45,F,United States,Houston,Search,2023-04-04 03:51:33
2490,Nancy,Anderson,nancy.anderson470@example.com,43,F,France,Paris,Search,2022-10-10 19:36:19
2491,James,Miller,james.miller344@example.com,38,M,Spain,Seville,Search,2024-11-25 22:35:07
2492,Ashley,Smith,ashley.smith643@example.com,32,F,United States,Los Angeles,Search,2022-06-24 05:47:19
2493,Michael,Lopez,michael.lopez750@example.com,58,M,United States,Los Angeles,Search,2022-10-29 06:46:44
2494,Richard,Anderson,richard.anderson767@example.com,26,M,United States,Denver,Display,2024-04-01 02:50:39
2495,Thomas,Anderson,thomas.anderson388@example.com,43,M,United States,Houston,Organic,2023-08-03 20:35:07
2496,William,Garcia,william.garcia500@example.com,33,M,United Kingdom,London,Organic,2022-09-11 08:47:14
2497,Kenneth,Thomas,kenneth.thomas254@example.com,40,M,United States,Boston,Search,2023-08-12 21:44:26
2498,Kevin,Hernandez,kevin.hernandez218@example.com,49,M,Germany,Munich,Search,2023-04-05 01:35:09
2499,Michael,Jones,michael.jones861@example.com,31,M,Japan,Yokohama,Search,2022-10-13 07:17:13
2500,Stephanie,Williams,stephanie.williams396@example.com,42,F,Mexico,Guadalajara,Search,2024-01-05 20:28:14
2501,Joseph,Miller,joseph.miller274@example.com,38,M,Austria,Linz,Organic,2024-05-03 06:51:26
2502,Mark,Smith,mark.smith730@example.com,27,M,United States,Seattle,Search,2022-03-17 00:03:23
2503,Matthew,Thomas,matthew.thomas696@example.com,50,M,United States,Miami,Search,2022-01-05 00:47:08
2504,Melissa,Smith,melissa.smith271@example.com,43,F,United States,Phoenix,Facebook,2024-09-16 00:48:20
2505,James,Smith,james.smith175@example.com,29,M,Spain,Seville,Display,2022-09-06 08:03:16
2506,Rebecca,Brown,rebecca.brown631@example.com,48,F,United States,Denver,Search,2022-04-05 10:51:38
2507,William,Miller,william.miller917@example.com,25,M,Brazil,Curitiba,Facebook,2023-10-11 19:37:00
2508,William,Smith,william.smith148@example.com,34,M,United States,Miami,Facebook,2022-12-20 05:29:50
2509,Nancy,Wilson,nancy.wilson239@example.com,29,F,United States,Houston,Facebook,2024-10-01 10:28:39
2510,Robert,Williams,robert.williams929@example.com,44,M,Spain,Valencia,Facebook,2024-11-17 17:43:42
2511,James,Moore,james.moore732@example.com,29,M,Germany,Cologne,Organic,2022-01-11 10:28:43
2512,Charles,Lopez,charles.lopez602@example.com,44,M,United Kingdom,Manchester,Display,2022-07-29 17:06:37
2513,Ashley,Johnson,ashley.johnson336@example.com,42,F,Poland,Łódź,Search,2023-10-20 22:48:26
2514,Lisa,Rodriguez,lisa.rodriguez468@example.com,30,F,United States,Miami,Organic,2023-01-04 00:16:26
2515,Lisa,Williams,lisa.williams189@example.com,56,F,United States,Phoenix,Facebook,2022-01-04 16:28:37
2516,Margaret,Lee,margaret.lee810@example.com,26,F,Brazil,Curitiba,Display,2023-05-22 10:11:55
2517,Joseph,Lopez,joseph.lopez501@example.com,18,M,Germany,Hamburg,Organic,2023-11-13 23:38:34
2518,Rebecca,Moore,rebecca.moore796@example.com,45,F,France,Nice,Display,2024-12-19 22:27:44
2519,William,Davis,william.davis876@example.com,18,M,United States,Seattle,Facebook,2023-03-27 16:43:38
2520,Susan,Williams,susan.williams98@example.com,52,F,Austria,Vienna,Facebook,2024-05-14 09:39:00
2521,David,Jones,david.jones861@example.com,36,M,United States,Denver,Email,2023-04-21 17:27:32
2522,Kevin,Rodriguez,kevin.rodriguez307@example.com,18,M,Brazil,Salvador,Facebook,2024-01-06 05:59:18
2523,Jessica,Taylor,jessica.taylor328@example.com,23,F,France,Lyon,Organic,2024-11-25 10:09:10
2524,Steven,Rodriguez,steven.rodriguez458@example.com,18,M,Austria,Linz,Email,2024-06-08 15:45:39
2525,Mary,Martin,mary.martin297@example.com,39,F,Germany,Hamburg,Search,2024-01-18 01:26:02
2526,John,Davis,john.davis340@example.com,19,M,Austria,Salzburg,Display,2024-06-25 02:00:34
2527,Stephanie,Jones,stephanie.jones693@example.com,41,F,United States,Houston,Email,2022-08-04 01:46:35
2528,Ashley,Martinez,ashley.martinez317@example.com,31,F,France,Lyon,Facebook,2024-05-21 15:19:26
2529,Michael,Williams,michael.williams607@example.com,29,M,South Korea,Seoul,Search,2024-12-28 02:01:19
2530,Michelle,Anderson,michelle.anderson352@example.com,41,F,China,Guangzhou,Search,2024-12-01 14:32:57
2531,Karen,Williams,karen.williams325@example.com,42,F,Brazil,Curitiba,Search,2022-10-09 01:29:26
2532,Margaret,Wilson,margaret.wilson142@example.com,48,F,Mexico,Monterrey,Search,2023-04-14 01:53:00
2533,William,Davis,william.davis863@example.com,27,M,United States,Houston,Facebook,2024-01-22 01:37:52
2534,Amanda,Davis,amanda.davis120@example.com,34,F,Brazil,Curitiba,Email,2022-03-22 15:26:53
2535,Jennifer,Wilson,jennifer.wilson553@example.com,27,F,Colombia,Medellín,Facebook,2024-01-15 22:09:08
2536,Matthew,Thomas,matthew.thomas260@example.com,36,M,Belgium,Ghent,Organic,2022-10-29 17:43:50
2537,Joseph,Martin,joseph.martin987@example.com,25,M,Mexico,Monterrey,Display,2024-07-19 10:46:24
2538,Richard,Garcia,richard.garcia70@example.com,29,M,Belgium,Charleroi,Email,2023-11-04 03:03:51
2539,Michelle,Moore,michelle.moore425@example.com,29,F,United States,Boston,Facebook,2023-03-13 18:13:17
2540,Richard,Moore,richard.moore510@example.com,38,M,Poland,Kraków,Organic,2022-02-24 18:48:42
2541,Patricia,Lee,patricia.lee985@example.com,35,F,Brazil,São Paulo,Facebook,2024-02-02 01:56:50
2542,Amanda,Lee,amanda.lee153@example.com,41,F,Germany,Berlin,Organic,2023-08-11 05:28:31
2543,Matthew,Taylor,matthew.taylor832@example.com,33,M,Brazil,Salvador,Search,2023-11-17 09:43:53
2544,Thomas,Garcia,thomas.garcia68@example.com,28,M,Australia,Melbourne,Facebook,2022-01-20 11:54:19
2545,Karen,Anderson,karen.anderson290@example.com,37,F,United Kingdom,London,Facebook,2023-04-23 21:06:58
2546,Daniel,Taylor,daniel.taylor836@example.com,23,M,South Korea,Daejeon,Organic,2024-04-07 23:27:32
2547,Susan,Garcia,susan.garcia377@example.com,41,F,United States,Seattle,Display,2024-09-29 23:21:39
2548,Stephanie,Moore,stephanie.moore587@example.com,31,F,United States,Los Angeles,Email,2023-01-20 09:50:08
2549,Stephanie,Thomas,stephanie.thomas391@example.com,37,F,China,Guangzhou,Facebook,2022-10-03 20:42:34
2550,Matthew,Martinez,matthew.martinez897@example.com,37,M,United States,Seattle,Search,2024-02-13 04:08:12
2551,Stephanie,Jackson,stephanie.jackson92@example.com,54,F,Spain,Bilbao,Search,2022-09-03 13:54:34
2552,Karen,Johnson,karen.johnson982@example.com,39,F,United States,Boston,Facebook,2024-08-30 15:16:47
2553,William,Anderson,william.anderson234@example.com,35,M,United Kingdom,Edinburgh,Email,2023-11-22 06:36:12
2554,Michelle,Taylor,michelle.taylor593@example.com,26,F,United States,Denver,Organic,2024-10-10 09:10:55
2555,Margaret,Smith,margaret.smith261@example.com,44,F,United States,Miami,Search,2022-07-28 08:12:26
2556,Donna,Rodriguez,donna.rodriguez795@example.com,31,F,France,Toulouse,Search,2022-04-02 23:31:09
2557,Daniel,Hernandez,daniel.hernandez703@example.com,18,M,United States,San Francisco,Search,2024-06-27 20:15:48
2558,Mark,Jones,mark.jones160@example.com,32,M,United States,Miami,Facebook,2022-11-13 08:30:54
2559,Mark,Jackson,mark.jackson246@example.com,37,M,United States,Boston,Organic,2023-01-07 22:39:56
2560,Robert,Wilson,robert.wilson697@example.com,25,M,United States,Los Angeles,Search,2022-10-21 14:00:35
2561,Joseph,Garcia,joseph.garcia502@example.com,33,M,France,Paris,Organic,2023-04-07 02:29:39
2562,Stephanie,Rodriguez,stephanie.rodriguez549@example.com,34,F,United States,Phoenix,Email,2024-09-11 05:55:01
2563,Joshua,Williams,joshua.williams366@example.com,34,M,Brazil,Rio de Janeiro,Organic,2024-01-18 03:15:38
2564,Lisa,Johnson,lisa.johnson676@example.com,49,F,Germany,Hamburg,Search,2024-08-27 04:28:20
2565,James,Thomas,james.thomas928@example.com,19,M,United Kingdom,Manchester,Facebook,2023-04-29 04:56:29
2566,Thomas,Lee,thomas.lee105@example.com,59,M,France,Toulouse,Display,2024-01-26 12:20:43
2567,John,Garcia,john.garcia693@example.com,34,M,United States,Denver,Search,2023-02-05 02:30:06
2568,Richard,Jones,richard.jones934@example.com,41,M,Poland,Kraków,Search,2022-04-14 03:42:47
2569,Nancy,Anderson,nancy.anderson222@example.com,36,F,Brazil,Salvador,Facebook,2023-04-05 14:38:25
2570,Donna,Hernandez,donna.hernandez417@example.com,18,F,United States,Los Angeles,Organic,2023-01-06 04:14:33
2571,Melissa,Williams,melissa.williams566@example.com,22,F,Belgium,Charleroi,Email,2022-01-20 13:49:27
2572,Steven,Anderson,steven.anderson775@example.com,28,M,Germany,Frankfurt,Facebook,2024-04-01 07:39:12
2573,Ashley,Jones,ashley.jones686@example.com,46,F,France,Toulouse,Search,2024-08-01 12:12:31
2574,Mark,Williams,mark.williams989@example.com,18,M,Belgium,Antwerp,Email,2024-09-20 23:41:12
2575,Stephanie,Martinez,stephanie.martinez556@example.com,24,F,United States,Los Angeles,Facebook,2022-09-25 10:52:49
2576,Margaret,Thomas,margaret.thomas872@example.com,36,F,South Korea,Daejeon,Organic,2023-11-26 00:58:35
2577,Anthony,Hernandez,anthony.hernandez519@example.com,40,M,Germany,Berlin,Search,2023-08-06 14:21:04
2578,Joshua,Wilson,joshua.wilson312@example.com,40,M,Brazil,Brasília,Facebook,2024-05-23 19:14:48
2579,Richard,Jones,richard.jones673@example.com,23,M,United States,Los Angeles,Email,2023-02-20 05:53:23
2580,Charles,Martinez,charles.martinez402@example.com,18,M,United States,Denver,Search,2022-10-28 22:58:05
2581,Michelle,Thomas,michelle.thomas657@example.com,41,F,Austria,Linz,Organic,2023-06-08 11:11:51
2582,Michelle,Hernandez,michelle.hernandez648@example.com,52,F,United States,San Francisco,Display,2023-12-30 21:38:07
2583,Elizabeth,Jones,elizabeth.jones74@example.com,30,F,United States,Houston,Organic,2023-04-19 06:56:23
2584,Thomas,Lee,thomas.lee537@example.com,21,M,Spain,Seville,Search,2022-11-29 06:46:28
2585,Linda,Johnson,linda.johnson14@example.com,29,F,Spain,Barcelona,Search,2022-03-02 10:02:16
2586,Anthony,Martin,anthony.martin410@example.com,39,M,United States,Miami,Facebook,2023-09-20 11:12:09
2587,Melissa,Thomas,melissa.thomas656@example.com,32,F,Australia,Adelaide,Facebook,2022-01-24 22:17:37
2588,Charles,Williams,charles.williams653@example.com,51,M,United Kingdom,Manchester,Search,2023-05-31 10:12:15
2589,Thomas,Garcia,thomas.garcia104@example.com,46,M,South Korea,Daegu,Search,2023-11-08 01:22:21
2590,Margaret,Davis,margaret.davis908@example.com,37,F,United States,Houston,Facebook,2023-05-20 22:11:31
2591,Charles,Lee,charles.lee737@example.com,18,M,United States,Boston,Facebook,2023-07-13 06:33:47
2592,James,Hernandez,james.hernandez309@example.com,26,M,France,Nice,Search,2022-10-31 18:56:04
2593,Susan,Garcia,susan.garcia449@example.com,28,F,United States,Houston,Organic,2022-09-26 03:43:49
2594,William,Martin,william.martin129@example.com,26,M,United Kingdom,Manchester,Facebook,2024-07-14 04:04:51
2595,Amanda,Williams,amanda.williams362@example.com,37,F,United States,New York,Search,2024-09-04 13:29:43
2596,Nancy,Moore,nancy.moore675@example.com,37,F,Japan,Yokohama,Search,2022-06-25 13:26:48
2597,Donna,Moore,donna.moore881@example.com,18,F,Belgium,Charleroi,Display,2022-08-15 05:18:50
2598,Amanda,Davis,amanda.davis589@example.com,44,F,South Korea,Seoul,Email,2023-01-27 02:04:12
2599,Melissa,Smith,melissa.smith283@example.com,35,F,Austria,Salzburg,Organic,2024-02-07 01:06:32
2600,Lisa,Jackson,lisa.jackson904@example.com,39,F,Belgium,Charleroi,Email,2022-03-09 17:08:20
2601,Lisa,Lee,lisa.lee544@example.com,43,F,China,Shenzhen,Facebook,2024-05-13 06:10:38
2602,Patricia,Davis,patricia.davis742@example.com,25,F,Brazil,Rio de Janeiro,Display,2022-01-08 13:45:23
2603,Kenneth,Brown,kenneth.brown708@example.com,50,M,Belgium,Ghent,Display,2024-07-09 01:09:53
2604,Thomas,Garcia,thomas.garcia397@example.com,33,M,Poland,Łódź,Facebook,2022-02-14 19:20:24
2605,Donna,Williams,donna.williams21@example.com,53,F,Mexico,Puebla,Organic,2024-07-08 06:50:48
2606,Charles,Wilson,charles.wilson633@example.com,24,M,Japan,Kyoto,Search,2024-10-30 08:52:29
2607,James,Hernandez,james.hernandez891@example.com,52,M,United States,New York,Organic,2024-05-19 15:05:47
2608,Joshua,Davis,joshua.davis861@example.com,24,M,Austria,Vienna,Organic,2024-12-13 14:58:43
2609,Amanda,Anderson,amanda.anderson859@example.com,65,F,Austria,Graz,Facebook,2023-05-17 06:59:18
2610,Kevin,Wilson,kevin.wilson347@example.com,23,M,Germany,Hamburg,Search,2023-12-04 15:21:40
2611,Linda,Smith,linda.smith904@example.com,47,F,Colombia,Medellín,Email,2023-11-15 04:23:44
2612,Stephanie,Rodriguez,stephanie.rodriguez14@example.com,30,F,United Kingdom,Edinburgh,Display,2022-01-13 21:09:19
2613,Nancy,Jackson,nancy.jackson316@example.com,43,F,Austria,Graz,Search,2024-07-28 04:39:18
2614,Andrew,Taylor,andrew.taylor626@example.com,34,M,United States,Seattle,Facebook,2024-02-12 00:24:15
2615,Susan,Jackson,susan.jackson311@example.com,21,F,Colombia,Medellín,Email,2023-04-06 05:12:17
2616,Jessica,Lee,jessica.lee26@example.com,18,F,United States,Boston,Facebook,2022-08-24 02:40:55
2617,Joseph,Johnson,joseph.johnson174@example.com,65,M,United States,Boston,Display,2024-01-05 14:04:07
2618,Karen,Garcia,karen.garcia936@example.com,35,F,United States,Miami,Organic,2024-12-10 18:24:45
2619,Richard,Martinez,richard.martinez428@example.com,18,M,China,Guangzhou,Search,2022-06-24 16:36:53
2620,Donna,Hernandez,donna.hernandez168@example.com,38,F,United States,Seattle,Organic,2024-10-04 10:51:02
2621,Thomas,Taylor,thomas.taylor619@example.com,43,M,Austria,Linz,Organic,2023-09-11 08:07:18
2622,Amanda,Thomas,amanda.thomas374@example.com,26,F,United Kingdom,Birmingham,Search,2024-05-13 17:21:08
2623,Jessica,Thomas,jessica.thomas393@example.com,26,F,Belgium,Brussels,Email,2022-06-04 10:41:10
2624,William,Brown,william.brown945@example.com,34,M,United States,Boston,Facebook,2022-04-25 11:29:32
2625,Linda,Anderson,linda.anderson542@example.com,49,F,United States,Boston,Organic,2023-12-25 00:26:50
2626,Steven,Taylor,steven.taylor80@example.com,36,M,Japan,Kyoto,Organic,2022-11-07 10:35:35
2627,Jessica,Taylor,jessica.taylor941@example.com,52,F,Spain,Bilbao,Organic,2023-02-17 15:07:02
2628,Donna,Lopez,donna.lopez5@example.com,48,F,United Kingdom,Birmingham,Organic,2023-11-13 08:12:44
2629,Anthony,Johnson,anthony.johnson686@example.com,32,M,Australia,Sydney,Organic,2022-09-07 11:42:44
2630,David,Williams,david.williams104@example.com,18,M,South Korea,Daejeon,Organic,2023-01-10 00:23:41
2631,Nancy,Thomas,nancy.thomas272@example.com,32,F,France,Marseille,Email,2023-01-31 00:19:57
2632,Richard,Jackson,richard.jackson985@example.com,41,M,Austria,Salzburg,Display,2023-01-22 05:10:43
2633,Susan,Moore,susan.moore169@example.com,35,F,Spain,Barcelona,Organic,2024-02-08 01:14:31
2634,Michelle,Rodriguez,michelle.rodriguez970@example.com,42,F,Germany,Hamburg,Facebook,2024-09-21 07:07:06
2635,Nancy,Lopez,nancy.lopez293@example.com,45,F,Brazil,Salvador,Display,2024-02-24 04:33:14
2636,Steven,Brown,steven.brown384@example.com,41,M,United States,Los Angeles,Search,2022-01-13 08:27:47
2637,Elizabeth,Lopez,elizabeth.lopez936@example.com,31,F,United States,Boston,Search,2023-09-11 21:24:27
2638,Jessica,Brown,jessica.brown742@example.com,41,F,Japan,Yokohama,Search,2022-07-03 19:02:38
2639,Thomas,Taylor,thomas.taylor294@example.com,61,M,Spain,Madrid,Organic,2022-06-17 05:38:04
2640,Andrew,Taylor,andrew.taylor735@example.com,18,M,United States,Miami,Organic,2024-02-12 18:40:19
2641,Richard,Johnson,richard.johnson477@example.com,40,M,France,Nice,Facebook,2022-09-30 21:53:35
2642,Andrew,Martin,andrew.martin100@example.com,56,M,United States,Houston,Organic,2023-09-15 18:21:07
2643,Margaret,Taylor,margaret.taylor252@example.com,20,F,United States,Seattle,Search,2022-11-08 06:29:18
2644,Joseph,Davis,joseph.davis235@example.com,47,M,Austria,Linz,Organic,2022-12-16 12:07:49
2645,Ashley,Martinez,ashley.martinez473@example.com,48,F,Brazil,São Paulo,Search,2024-01-05 11:50:45
2646,Paul,Johnson,paul.johnson888@example.com,18,M,United States,San Francisco,Organic,2023-12-15 16:20:17
2647,Paul,Martin,paul.martin569@example.com,43,M,China,Shenzhen,Search,2022-01-24 13:13:31
2648,William,Williams,william.williams166@example.com,31,M,Brazil,Rio de Janeiro,Search,2024-08-07 13:41:20
2649,Lisa,Martin,lisa.martin607@example.com,34,F,Spain,Barcelona,Search,2023-10-05 18:18:20
2650,Donna,Anderson,donna.anderson520@example.com,31,F,Austria,Linz,Facebook,2022-10-10 11:40:46
2651,James,Martin,james.martin387@example.com,50,M,France,Toulouse,Search,2022-05-04 12:12:15
2652,Melissa,Davis,melissa.davis244@example.com,33,F,France,Lyon,Facebook,2023-06-16 19:27:53
2653,Steven,Jackson,steven.jackson712@example.com,29,M,Brazil,São Paulo,Email,2024-02-01 20:37:34
2654,Thomas,Rodriguez,thomas.rodriguez557@example.com,29,M,United Kingdom,Leeds,Organic,2022-01-23 17:45:56
2655,Robert,Davis,robert.davis429@example.com,30,M,United States,Los Angeles,Search,2022-11-14 08:56:02
2656,Michelle,Miller,michelle.miller197@example.com,22,F,United States,New York,Facebook,2024-11-01 20:46:27
2657,Jennifer,Lee,jennifer.lee121@example.com,29,F,Colombia,Medellín,Search,2022-04-20 19:16:28
2658,Rebecca,Martinez,rebecca.martinez216@example.com,36,F,Brazil,Curitiba,Email,2024-05-27 19:11:50
2659,Joseph,Martinez,joseph.martinez619@example.com,39,M,China,Guangzhou,Email,2022-09-18 22:38:53
2660,Charles,Wilson,charles.wilson47@example.com,49,M,United States,Houston,Organic,2023-07-08 01:46:45
2661,Rebecca,Lopez,rebecca.lopez72@example.com,37,F,South Korea,Incheon,Search,2024-04-15 19:49:56
2662,Mark,Hernandez,mark.hernandez989@example.com,29,M,United States,Boston,Facebook,2024-12-22 05:42:25
2663,Elizabeth,Davis,elizabeth.davis268@example.com,22,F,Brazil,Salvador,Facebook,2023-10-23 18:49:26
2664,Michelle,Brown,michelle.brown113@example.com,38,F,South Korea,Daegu,Search,2022-08-30 03:20:44
2665,Kenneth,Lee,kenneth.lee963@example.com,33,M,China,Shanghai,Email,2022-03-31 13:29:15
2666,Nancy,Martinez,nancy.martinez415@example.com,33,F,Poland,Warsaw,Organic,2024-03-25 15:32:45
2667,Rebecca,Lee,rebecca.lee2@example.com,38,F,United States,Los Angeles,Email,2023-09-26 09:57:57
2668,John,Martinez,john.martinez417@example.com,41,M,Spain,Bilbao,Email,2024-04-22 14:37:57
2669,Stephanie,Lopez,stephanie.lopez21@example.com,38,F,Mexico,Guadalajara,Search,2024-12-17 00:03:03
2670,Susan,Hernandez,susan.hernandez304@example.com,32,F,United Kingdom,Birmingham,Search,2024-06-28 18:53:26
2671,Steven,Lee,steven.lee944@example.com,25,M,Spain,Valencia,Organic,2023-07-04 06:34:23
2672,Jessica,Williams,jessica.williams793@example.com,27,F,Brazil,Brasília,Email,2024-01-21 04:19:51
2673,Joshua,Hernandez,joshua.hernandez418@example.com,45,M,Japan,Tokyo,Search,2023-11-16 10:29:13
2674,Jessica,Brown,jessica.brown338@example.com,29,F,Belgium,Charleroi,Organic,2022-07-28 16:43:15
2675,Margaret,Jackson,margaret.jackson583@example.com,18,F,Spain,Barcelona,Facebook,2022-12-05 06:03:23
2676,Melissa,Hernandez,melissa.hernandez625@example.com,48,F,Poland,Wrocław,Search,2022-04-11 00:15:38
2677,Jennifer,Martin,jennifer.martin758@example.com,23,F,France,Toulouse,Search,2023-02-08 10:15:09
2678,Emily,Garcia,emily.garcia542@example.com,35,F,United Kingdom,Leeds,Email,2022-07-17 11:47:14
2679,Michael,Brown,michael.brown78@example.com,40,M,United States,Miami,Organic,2024-09-09 01:57:52
2680,Matthew,Wilson,matthew.wilson863@example.com,35,M,Spain,Bilbao,Facebook,2024-07-28 20:36:38
2681,Daniel,Williams,daniel.williams336@example.com,18,M,Belgium,Antwerp,Search,2024-03-07 21:52:36
2682,Mary,Davis,mary.davis818@example.com,39,F,Germany,Munich,Organic,2023-03-17 04:25:52
2683,James,Miller,james.miller810@example.com,50,M,United States,Seattle,Organic,2022-01-09 07:41:20
2684,John,Jones,john.jones218@example.com,44,M,United Kingdom,Manchester,Organic,2023-08-22 01:14:41
2685,Nancy,Williams,nancy.williams514@example.com,18,F,Japan,Nagoya,Display,2022-01-28 03:26:46
2686,Daniel,Anderson,daniel.anderson749@example.com,60,M,Poland,Warsaw,Search,2022-01-28 18:48:08
2687,Matthew,Taylor,matthew.taylor357@example.com,19,M,United States,Denver,Organic,2022-06-19 11:24:20
2688,Matthew,Davis,matthew.davis791@example.com,22,M,United States,Houston,Email,2023-06-23 02:44:30
2689,William,Garcia,william.garcia523@example.com,44,M,Brazil,São Paulo,Search,2024-03-31 07:46:09
2690,Rebecca,Brown,rebecca.brown918@example.com,40,F,United States,Seattle,Display,2023-03-25 03:35:46
2691,Thomas,Anderson,thomas.anderson895@example.com,35,M,Mexico,Guadalajara,Organic,2024-04-28 17:33:57
2692,James,Moore,james.moore962@example.com,28,M,Brazil,Rio de Janeiro,Search,2023-08-09 08:14:35
2693,Ashley,Hernandez,ashley.hernandez220@example.com,50,F,United Kingdom,Birmingham,Search,2024-09-05 12:16:37
2694,Rebecca,Rodriguez,rebecca.rodriguez736@example.com,34,F,United States,San Francisco,Organic,2023-02-15 22:11:09
2695,Michelle,Wilson,michelle.wilson751@example.com,18,F,China,Shanghai,Display,2022-11-25 20:34:18
2696,Mary,Martin,mary.martin450@example.com,49,F,Mexico,Mexico City,Display,2022-03-24 14:37:15
2697,Donna,Lee,donna.lee169@example.com,37,F,China,Shenzhen,Facebook,2022-08-28 19:52:46
2698,Mark,Brown,mark.brown293@example.com,48,M,United States,Houston,Search,2022-02-18 03:16:37
2699,Melissa,Martinez,melissa.martinez514@example.com,41,F,United States,San Francisco,Organic,2022-07-10 04:28:44
2700,Michelle,Jackson,michelle.jackson863@example.com,63,F,Mexico,Monterrey,Organic,2024-11-06 00:39:51
2701,Robert,Wilson,robert.wilson915@example.com,31,M,Mexico,Monterrey,Search,2023-08-20 04:25:12
2702,Michael,Moore,michael.moore914@example.com,35,M,United States,Los Angeles,Search,2023-10-24 04:21:15
2703,Charles,Lee,charles.lee945@example.com,43,M,France,Nice,Organic,2023-02-26 07:41:05
2704,Stephanie,Williams,stephanie.williams98@example.com,31,F,United States,Miami,Organic,2023-12-06 12:27:14
2705,Ashley,Wilson,ashley.wilson994@example.com,44,F,United Kingdom,London,Facebook,2023-09-08 15:22:00
2706,Elizabeth,Hernandez,elizabeth.hernandez554@example.com,18,F,United States,Miami,Organic,2024-09-29 09:12:21
2707,David,Garcia,david.garcia100@example.com,34,M,Australia,Adelaide,Search,2024-05-21 02:13:08
2708,Kevin,Anderson,kevin.anderson129@example.com,33,M,Poland,Łódź,Search,2023-08-27 04:38:25
2709,Matthew,Williams,matthew.williams255@example.com,33,M,United States,Denver,Facebook,2024-05-05 20:52:36
2710,Elizabeth,Martinez,elizabeth.martinez252@example.com,24,F,China,Chengdu,Facebook,2023-11-06 00:43:42
2711,Susan,Rodriguez,susan.rodriguez111@example.com,45,F,United States,Boston,Search,2023-07-27 17:27:14
2712,Linda,Davis,linda.davis383@example.com,28,F,United States,Boston,Email,2024-07-20 21:52:59
2713,Lisa,Wilson,lisa.wilson546@example.com,37,F,United States,Los Angeles,Facebook,2022-07-12 16:36:31
2714,Karen,Martin,karen.martin311@example.com,34,F,United States,New York,Search,2022-07-04 06:13:58
2715,Nancy,Martin,nancy.martin667@example.com,41,F,Mexico,Monterrey,Search,2022-12-08 02:30:23
2716,Andrew,Thomas,andrew.thomas715@example.com,52,M,United States,Seattle,Display,2024-06-20 17:00:50
2717,Robert,Miller,robert.miller400@example.com,37,M,Colombia,Cali,Organic,2024-08-26 08:27:10
2718,Andrew,Lee,andrew.lee79@example.com,45,M,United States,Chicago,Search,2023-03-16 05:55:07
2719,Joshua,Lee,joshua.lee312@example.com,36,M,United Kingdom,Edinburgh,Organic,2023-05-02 00:45:16
2720,Joseph,Moore,joseph.moore613@example.com,28,M,China,Shenzhen,Search,2023-06-20 16:13:52
2721,Michael,Jackson,michael.jackson392@example.com,33,M,Poland,Łódź,Email,2022-08-12 13:02:59
2722,Mary,Moore,mary.moore581@example.com,31,F,United States,Seattle,Email,2023-08-12 01:56:19
2723,John,Taylor,john.taylor841@example.com,41,M,United States,Denver,Email,2024-06-25 16:54:05
2724,Patricia,Thomas,patricia.thomas786@example.com,36,F,Japan,Yokohama,Facebook,2024-04-02 09:52:18
2725,Elizabeth,Wilson,elizabeth.wilson623@example.com,25,F,Spain,Seville,Facebook,2022-04-06 14:22:20
2726,Patricia,Wilson,patricia.wilson97@example.com,32,F,Spain,Bilbao,Organic,2023-01-23 04:42:04
2727,Margaret,Davis,margaret.davis746@example.com,18,F,United States,New York,Email,2023-12-02 06:51:21
2728,Kevin,Jackson,kevin.jackson332@example.com,32,M,United States,Miami,Search,2023-10-12 10:59:23
2729,Stephanie,Wilson,stephanie.wilson415@example.com,35,F,South Korea,Incheon,Search,2024-02-06 15:16:16
2730,David,Wilson,david.wilson696@example.com,56,M,France,Toulouse,Display,2024-03-29 07:24:48
2731,Emily,Thomas,emily.thomas831@example.com,51,F,France,Lyon,Display,2022-11-29 15:01:51
2732,Thomas,Johnson,thomas.johnson711@example.com,22,M,United States,San Francisco,Organic,2023-05-30 09:46:07
2733,Michael,Martin,michael.martin301@example.com,37,M,United States,Chicago,Organic,2022-07-02 17:43:56
2734,Ashley,Lopez,ashley.lopez449@example.com,37,F,Austria,Vienna,Search,2024-02-25 03:20:06
2735,Emily,Martin,emily.martin362@example.com,32,F,Spain,Valencia,Facebook,2023-05-06 21:08:02
2736,David,Williams,david.williams461@example.com,32,M,United States,New York,Search,2023-01-17 20:05:10
2737,Patricia,Jones,patricia.jones755@example.com,30,F,Poland,Warsaw,Organic,2024-04-06 18:14:56
2738,Michael,Martin,michael.martin964@example.com,57,M,France,Marseille,Organic,2024-10-23 21:52:58
2739,Susan,Anderson,susan.anderson391@example.com,30,F,United States,Denver,Email,2024-08-28 22:15:14
2740,Richard,Wilson,richard.wilson326@example.com,39,M,Brazil,Salvador,Display,2022-05-28 18:09:25
2741,Anthony,Rodriguez,anthony.rodriguez882@example.com,18,M,Spain,Madrid,Display,2024-06-11 19:03:13
2742,Paul,Lopez,paul.lopez150@example.com,44,M,Brazil,São Paulo,Email,2023-09-13 23:01:49
2743,James,Hernandez,james.hernandez391@example.com,49,M,United Kingdom,Birmingham,Search,2022-04-30 22:25:38
2744,Joshua,Brown,joshua.brown951@example.com,22,M,Spain,Valencia,Search,2023-03-01 16:09:55
2745,James,Lopez,james.lopez881@example.com,28,M,United States,New York,Organic,2022-09-01 22:34:07
2746,Robert,Hernandez,robert.hernandez808@example.com,40,M,Austria,Graz,Search,2022-10-10 16:43:23
2747,Steven,Miller,steven.miller887@example.com,35,M,Brazil,São Paulo,Facebook,2023-11-07 14:23:06
2748,Donna,Miller,donna.miller237@example.com,40,F,Brazil,Brasília,Organic,2023-03-18 22:31:52
2749,Kevin,Taylor,kevin.taylor59@example.com,31,M,Spain,Seville,Email,2024-02-17 08:26:15
2750,Mary,Anderson,mary.anderson856@example.com,57,F,France,Lyon,Organic,2024-06-01 17:45:01
2751,Mary,Martinez,mary.martinez491@example.com,26,F,China,Shenzhen,Organic,2022-01-10 13:38:27
2752,Mark,Wilson,mark.wilson252@example.com,67,M,Germany,Munich,Email,2024-06-21 19:52:51
2753,Michelle,Jones,michelle.jones477@example.com,49,F,Belgium,Charleroi,Facebook,2022-06-06 02:50:15
2754,Mark,Martinez,mark.martinez826@example.com,44,M,Australia,Sydney,Search,2022-01-07 11:05:38
2755,Joseph,Lopez,joseph.lopez491@example.com,22,M,South Korea,Incheon,Facebook,2022-04-13 22:45:51
2756,Mary,Garcia,mary.garcia628@example.com,45,F,United States,Houston,Facebook,2022-02-25 15:50:28
2757,Amanda,Brown,amanda.brown513@example.com,42,F,Brazil,Brasília,Search,2023-01-09 12:21:03
2758,Lisa,Hernandez,lisa.hernandez482@example.com,18,F,United Kingdom,Birmingham,Organic,2024-07-08 08:24:58
2759,David,Martin,david.martin951@example.com,18,M,United States,Seattle,Display,2024-01-16 11:29:04
2760,Karen,Martinez,karen.martinez927@example.com,39,F,Japan,Nagoya,Search,2023-04-30 03:00:11
2761,William,Martin,william.martin424@example.com,33,M,United States,San Francisco,Organic,2024-10-29 19:08:33
2762,Matthew,Jackson,matthew.jackson808@example.com,28,M,United States,Chicago,Search,2023-06-18 12:37:40
2763,Steven,Thomas,steven.thomas722@example.com,47,M,United States,San Francisco,Organic,2022-04-09 00:40:21
2764,Nancy,Jackson,nancy.jackson130@example.com,24,F,United States,San Francisco,Display,2022-01-22 14:16:58
2765,Kenneth,Rodriguez,kenneth.rodriguez846@example.com,29,M,United States,Denver,Organic,2023-07-09 04:04:49
2766,Ashley,Taylor,ashley.taylor705@example.com,27,F,France,Marseille,Email,2022-09-04 08:52:17
2767,Lisa,Williams,lisa.williams855@example.com,41,F,France,Nice,Email,2023-02-12 20:25:19
2768,Elizabeth,Miller,elizabeth.miller788@example.com,18,F,United States,Seattle,Search,2022-12-05 23:21:36
2769,Donna,Lopez,donna.lopez933@example.com,29,F,United States,San Francisco,Email,2023-03-13 03:53:25
2770,Patricia,Smith,patricia.smith541@example.com,18,F,South Korea,Busan,Display,2024-11-19 15:49:40
2771,Michael,Taylor,michael.taylor62@example.com,31,M,United States,Chicago,Display,2022-03-16 12:15:26
2772,Kenneth,Martin,kenneth.martin276@example.com,43,M,United Kingdom,London,Facebook,2022-04-30 11:25:36
2773,Stephanie,Williams,stephanie.williams146@example.com,43,F,United Kingdom,Birmingham,Search,2022-11-12 17:04:22
2774,John,Lee,john.lee235@example.com,26,M,United Kingdom,Edinburgh,Search,2024-03-24 06:28:01
2775,Thomas,Johnson,thomas.johnson572@example.com,41,M,Belgium,Brussels,Search,2022-10-04 10:32:36
2776,Matthew,Williams,matthew.williams973@example.com,32,M,France,Nice,Facebook,2022-09-30 17:55:01
2777,James,Taylor,james.taylor762@example.com,51,M,Mexico,Puebla,Organic,2024-02-26 12:53:18
2778,Paul,Anderson,paul.anderson436@example.com,33,M,Colombia,Medellín,Facebook,2023-10-21 21:59:05
2779,Mark,Martin,mark.martin490@example.com,18,M,United States,Houston,Email,2023-12-04 20:02:13
2780,Ashley,Rodriguez,ashley.rodriguez518@example.com,45,F,United States,San Francisco,Search,2023-12-24 01:06:46
2781,Anthony,Lopez,anthony.lopez410@example.com,29,M,United States,Denver,Display,2023-11-28 18:14:18
2782,Nancy,Williams,nancy.williams597@example.com,31,F,Brazil,São Paulo,Search,2023-09-01 07:06:42
2783,Emily,Anderson,emily.anderson940@example.com,39,F,United Kingdom,Birmingham,Search,2023-07-23 14:06:24
2784,Joseph,Lee,joseph.lee101@example.com,18,M,United States,New York,Email,2024-04-19 23:18:11
2785,Stephanie,Lopez,stephanie.lopez356@example.com,35,F,United States,Seattle,Search,2023-01-10 13:59:55
2786,Amanda,Martin,amanda.martin82@example.com,41,F,Brazil,São Paulo,Search,2022-12-19 15:48:43
2787,Margaret,Davis,margaret.davis850@example.com,39,F,Germany,Munich,Display,2022-09-24 22:51:18
2788,Richard,Lee,richard.lee198@example.com,27,M,Germany,Frankfurt,Display,2024-06-28 04:52:11
2789,Joshua,Hernandez,joshua.hernandez652@example.com,46,M,Mexico,Puebla,Email,2022-01-13 08:32:17
2790,Anthony,Williams,anthony.williams66@example.com,23,M,United States,Chicago,Search,2022-08-18 03:05:38
2791,Elizabeth,Davis,elizabeth.davis476@example.com,27,F,Brazil,Brasília,Search,2022-06-11 23:32:56
2792,Karen,Martinez,karen.martinez897@example.com,33,F,Austria,Vienna,Search,2023-02-14 01:50:02
2793,Stephanie,Johnson,stephanie.johnson951@example.com,38,F,Spain,Valencia,Search,2022-08-29 18:29:12
2794,Donna,Jackson,donna.jackson148@example.com,31,F,France,Paris,Display,2023-07-08 06:31:17
2795,Amanda,Jones,amanda.jones661@example.com,49,F,United Kingdom,Edinburgh,Search,2024-12-04 05:48:34
2796,Emily,Anderson,emily.anderson227@example.com,38,F,United States,New York,Facebook,2023-04-13 22:17:17
2797,Mark,Martin,mark.martin729@example.com,35,M,Belgium,Ghent,Search,2024-11-28 15:28:10
2798,Linda,Rodriguez,linda.rodriguez537@example.com,38,F,France,Marseille,Organic,2022-12-05 07:40:59
2799,Steven,Wilson,steven.wilson797@example.com,43,M,United Kingdom,Manchester,Search,2024-04-20 14:16:00
2800,Joseph,Hernandez,joseph.hernandez895@example.com,37,M,United Kingdom,Birmingham,Search,2022-06-01 03:27:42
2801,Emily,Taylor,emily.taylor354@example.com,18,F,Brazil,São Paulo,Search,2023-10-31 07:22:04
2802,Karen,Smith,karen.smith49@example.com,48,F,United States,San Francisco,Display,2024-04-02 20:02:27
2803,Paul,Davis,paul.davis317@example.com,36,M,Japan,Yokohama,Facebook,2024-01-03 08:17:05
2804,Lisa,Wilson,lisa.wilson216@example.com,43,F,China,Shenzhen,Facebook,2024-10-23 17:32:48
2805,James,Johnson,james.johnson125@example.com,30,M,United States,Houston,Search,2023-10-20 14:25:44
2806,Daniel,Jackson,daniel.jackson716@example.com,18,M,Brazil,Brasília,Facebook,2023-10-05 00:45:35
2807,Kevin,Wilson,kevin.wilson901@example.com,18,M,Poland,Wrocław,Facebook,2023-12-10 06:41:46
2808,Donna,Smith,donna.smith519@example.com,23,F,Brazil,Salvador,Organic,2023-01-23 05:00:38
2809,Elizabeth,Smith,elizabeth.smith532@example.com,41,F,Brazil,São Paulo,Facebook,2022-08-29 01:32:45
2810,Mark,Brown,mark.brown594@example.com,50,M,France,Lyon,Email,2024-09-18 10:34:37
2811,Thomas,Anderson,thomas.anderson897@example.com,38,M,Australia,Sydney,Display,2024-12-05 11:43:34
2812,Anthony,Hernandez,anthony.hernandez17@example.com,22,M,Germany,Munich,Display,2024-10-16 21:29:43
2813,Joseph,Martinez,joseph.martinez526@example.com,25,M,Colombia,Barranquilla,Organic,2024-04-08 12:27:37
2814,Linda,Lopez,linda.lopez866@example.com,51,F,United States,Denver,Search,2022-09-02 18:52:44
2815,Karen,Martinez,karen.martinez162@example.com,19,F,Poland,Kraków,Search,2022-09-14 11:55:30
2816,Margaret,Miller,margaret.miller578@example.com,60,F,Belgium,Ghent,Search,2022-12-05 22:45:52
2817,Anthony,Smith,anthony.smith8@example.com,57,M,United Kingdom,Manchester,Organic,2023-07-17 10:40:04
2818,Jennifer,Smith,jennifer.smith833@example.com,60,F,France,Marseille,Organic,2022-09-16 09:54:40
2819,John,Anderson,john.anderson654@example.com,39,M,United States,Denver,Facebook,2024-05-14 04:37:51
2820,Paul,Thomas,paul.thomas962@example.com,30,M,China,Beijing,Organic,2022-04-03 11:04:08
2821,Elizabeth,Jones,elizabeth.jones300@example.com,39,F,United States,Houston,Facebook,2024-09-24 17:17:15
2822,Sarah,Jones,sarah.jones731@example.com,45,F,United States,Los Angeles,Display,2023-05-11 12:40:26
2823,Karen,Rodriguez,karen.rodriguez768@example.com,27,F,Mexico,Mexico City,Search,2023-02-25 07:26:00
2824,Melissa,Wilson,melissa.wilson31@example.com,21,F,United States,New York,Search,2023-05-08 22:52:23
2825,Lisa,Lopez,lisa.lopez758@example.com,31,F,France,Nice,Facebook,2023-06-14 16:25:54
2826,Karen,Lopez,karen.lopez711@example.com,25,F,United States,Denver,Organic,2023-08-27 21:38:23
2827,Kevin,Smith,kevin.smith613@example.com,49,M,Brazil,Brasília,Organic,2022-12-06 07:43:01
2828,Mark,Rodriguez,mark.rodriguez563@example.com,27,M,Brazil,Brasília,Email,2022-11-29 22:43:21
2829,Andrew,Taylor,andrew.taylor799@example.com,36,M,United States,Chicago,Search,2023-02-17 08:30:19
2830,Michael,Lopez,michael.lopez104@example.com,46,M,France,Paris,Facebook,2022-06-20 21:24:52
2831,John,Moore,john.moore392@example.com,50,M,Austria,Linz,Display,2022-09-07 08:12:06
2832,Mark,Anderson,mark.anderson270@example.com,37,M,Brazil,São Paulo,Organic,2023-04-04 11:53:37
2833,Patricia,Jackson,patricia.jackson844@example.com,39,F,Mexico,Puebla,Facebook,2022-02-02 18:04:46
2834,Melissa,Lopez,melissa.lopez169@example.com,22,F,Germany,Munich,Search,2023-04-05 16:23:57
2835,Lisa,Lopez,lisa.lopez61@example.com,47,F,France,Toulouse,Organic,2023-04-01 21:10:24
2836,Charles,Lopez,charles.lopez923@example.com,50,M,United States,Chicago,Search,2022-01-03 20:25:00
2837,Linda,Garcia,linda.garcia396@example.com,18,F,United States,Los Angeles,Facebook,2023-05-31 06:48:19
2838,Richard,Rodriguez,richard.rodriguez794@example.com,56,M,Colombia,Cali,Facebook,2023-12-26 12:22:03
2839,Mark,Brown,mark.brown233@example.com,26,M,United Kingdom,London,Display,2024-05-03 23:41:27
2840,Michael,Rodriguez,michael.rodriguez700@example.com,42,M,Brazil,Rio de Janeiro,Facebook,2023-02-28 23:43:51
2841,Charles,Williams,charles.williams924@example.com,35,M,Australia,Melbourne,Search,2023-07-27 06:29:40
2842,David,Martinez,david.martinez762@example.com,34,M,United States,Denver,Email,2022-03-27 19:42:31
2843,Lisa,Lee,lisa.lee294@example.com,32,F,Australia,Brisbane,Organic,2022-12-24 09:43:08
2844,Rebecca,Martinez,rebecca.martinez601@example.com,23,F,United States,Miami,Facebook,2023-12-28 16:34:39
2845,Michelle,Thomas,michelle.thomas830@example.com,41,F,Poland,Łódź,Search,2023-05-23 06:01:17
2846,Thomas,Rodriguez,thomas.rodriguez854@example.com,31,M,United States,Boston,Email,2024-11-10 17:51:37
2847,Jessica,Martin,jessica.martin299@example.com,19,F,United States,Phoenix,Display,2024-05-21 18:22:12
2848,Ashley,Jones,ashley.jones229@example.com,22,F,Spain,Bilbao,Search,2024-09-20 06:02:33
2849,Kenneth,Moore,kenneth.moore433@example.com,19,M,United States,Denver,Organic,2023-06-11 15:23:27
2850,Susan,Thomas,susan.thomas251@example.com,28,F,Austria,Salzburg,Organic,2022-03-25 22:49:07
2851,Sarah,Jackson,sarah.jackson719@example.com,40,F,Germany,Frankfurt,Search,2023-08-31 22:12:34
2852,Mark,Williams,mark.williams591@example.com,26,M,United States,Boston,Organic,2024-11-01 17:15:11
2853,Richard,Jackson,richard.jackson479@example.com,46,M,United States,Miami,Facebook,2022-07-09 10:24:44
2854,Lisa,Martin,lisa.martin809@example.com,33,F,Poland,Kraków,Search,2024-11-17 13:40:39
2855,Steven,Garcia,steven.garcia214@example.com,31,M,France,Paris,Search,2022-01-09 08:39:18
2856,Anthony,Wilson,anthony.wilson835@example.com,35,M,Belgium,Brussels,Email,2023-11-04 11:26:13
2857,Robert,Lopez,robert.lopez563@example.com,51,M,United States,San Francisco,Facebook,2024-10-14 23:54:08
2858,Rebecca,Smith,rebecca.smith975@example.com,18,F,Poland,Warsaw,Search,2022-08-20 05:42:02
2859,Steven,Hernandez,steven.hernandez599@example.com,54,M,United Kingdom,Manchester,Display,2022-10-21 10:07:00
2860,Michael,Anderson,michael.anderson761@example.com,46,M,Germany,Frankfurt,Email,2024-06-03 00:33:01
2861,Paul,Jones,paul.jones190@example.com,34,M,Brazil,Rio de Janeiro,Display,2023-01-16 14:16:16
2862,Sarah,Davis,sarah.davis233@example.com,49,F,United States,Seattle,Organic,2023-12-19 10:45:00
2863,Emily,Lopez,emily.lopez556@example.com,31,F,Austria,Salzburg,Search,2024-01-06 20:47:37
2864,Mary,Martin,mary.martin231@example.com,38,F,Mexico,Mexico City,Search,2023-07-16 17:35:12
2865,Joshua,Johnson,joshua.johnson45@example.com,28,M,Brazil,Salvador,Display,2023-07-03 06:52:43
2866,Charles,Martin,charles.martin445@example.com,46,M,Austria,Salzburg,Email,2024-03-18 02:57:27
2867,Elizabeth,Moore,elizabeth.moore263@example.com,26,F,United States,Los Angeles,Facebook,2023-05-06 06:52:59
2868,Kenneth,Moore,kenneth.moore649@example.com,34,M,United States,Miami,Organic,2024-01-22 05:50:34
2869,Elizabeth,Smith,elizabeth.smith576@example.com,43,F,United States,San Francisco,Organic,2023-04-12 11:31:14
2870,Lisa,Lopez,lisa.lopez512@example.com,47,F,Brazil,Salvador,Facebook,2024-07-25 21:13:24
2871,James,Davis,james.davis830@example.com,25,M,United States,New York,Search,2023-09-01 18:03:00
2872,Rebecca,Martin,rebecca.martin68@example.com,44,F,Brazil,Brasília,Organic,2022-11-10 19:03:43
2873,Karen,Thomas,karen.thomas783@example.com,23,F,United States,Houston,Facebook,2024-08-20 07:16:52
2874,Steven,Wilson,steven.wilson481@example.com,18,M,Spain,Madrid,Email,2022-12-11 13:21:03
2875,Susan,Smith,susan.smith696@example.com,26,F,South Korea,Daegu,Organic,2024-10-28 20:48:35
2876,Anthony,Jackson,anthony.jackson816@example.com,45,M,Germany,Hamburg,Facebook,2024-11-23 07:16:21
2877,Jessica,Martinez,jessica.martinez302@example.com,34,F,United States,Denver,Search,2023-09-03 20:48:14
2878,William,Brown,william.brown240@example.com,28,M,Japan,Tokyo,Search,2023-05-15 23:26:33
2879,Kenneth,Jackson,kenneth.jackson752@example.com,35,M,United States,Miami,Search,2022-10-18 23:13:40
2880,Ashley,Martin,ashley.martin634@example.com,35,F,Japan,Yokohama,Organic,2024-07-02 19:01:13
2881,Kevin,Martinez,kevin.martinez186@example.com,42,M,United Kingdom,Leeds,Organic,2022-10-22 06:15:41
2882,Charles,Anderson,charles.anderson270@example.com,18,M,Brazil,Rio de Janeiro,Organic,2023-11-01 14:16:24
2883,Linda,Wilson,linda.wilson853@example.com,33,F,United States,Seattle,Organic,2024-05-30 11:43:57
2884,Paul,Miller,paul.miller555@example.com,36,M,South Korea,Busan,Organic,2022-07-18 01:07:37
2885,James,Thomas,james.thomas910@example.com,18,M,Poland,Wrocław,Organic,2022-07-09 00:50:25
2886,Richard,Lee,richard.lee700@example.com,18,M,Germany,Hamburg,Email,2024-11-14 09:28:28
2887,William,Martin,william.martin206@example.com,30,M,Austria,Graz,Search,2024-12-17 06:06:37
2888,Paul,Anderson,paul.anderson207@example.com,35,M,Poland,Łódź,Organic,2022-12-22 06:21:23
2889,Sarah,Davis,sarah.davis964@example.com,35,F,United States,New York,Search,2022-09-12 06:57:23
2890,Jessica,Martin,jessica.martin739@example.com,28,F,Spain,Barcelona,Search,2023-12-04 18:16:52
2891,John,Martin,john.martin594@example.com,27,M,United States,Chicago,Facebook,2023-10-01 23:54:25
2892,Lisa,Smith,lisa.smith676@example.com,30,F,China,Chengdu,Email,2022-10-06 16:40:16
2893,Donna,Miller,donna.miller414@example.com,38,F,United States,Phoenix,Organic,2022-08-25 01:41:07
2894,Ashley,Lopez,ashley.lopez313@example.com,49,F,Mexico,Mexico City,Organic,2023-09-23 08:33:28
2895,Jennifer,Lopez,jennifer.lopez823@example.com,18,F,Spain,Madrid,Search,2022-10-29 00:16:00
2896,Jessica,Thomas,jessica.thomas894@example.com,42,F,United States,Boston,Search,2023-08-16 12:29:26
2897,Jessica,Hernandez,jessica.hernandez905@example.com,33,F,Brazil,São Paulo,Email,2024-01-23 18:21:23
2898,Linda,Smith,linda.smith779@example.com,41,F,Brazil,São Paulo,Facebook,2022-10-13 20:05:04
2899,Michelle,Brown,michelle.brown870@example.com,49,F,Japan,Osaka,Facebook,2023-09-18 23:25:48
2900,William,Taylor,william.taylor521@example.com,25,M,Poland,Warsaw,Email,2024-12-18 16:53:55
2901,Anthony,Anderson,anthony.anderson311@example.com,46,M,United States,New York,Facebook,2023-08-12 20:04:17
2902,Linda,Anderson,linda.anderson83@example.com,19,F,China,Chengdu,Search,2022-06-04 01:09:46
2903,James,Rodriguez,james.rodriguez309@example.com,36,M,France,Paris,Facebook,2024-03-15 19:33:05
2904,Robert,Garcia,robert.garcia440@example.com,32,M,Brazil,Salvador,Facebook,2023-05-01 02:22:10
2905,Kenneth,Miller,kenneth.miller84@example.com,35,M,China,Chengdu,Organic,2024-02-24 15:57:24
2906,William,Anderson,william.anderson330@example.com,23,M,United States,Seattle,Facebook,2022-02-04 08:36:01
2907,Melissa,Hernandez,melissa.hernandez927@example.com,40,F,United States,Los Angeles,Organic,2024-02-19 05:05:30
2908,Patricia,Williams,patricia.williams262@example.com,54,F,Brazil,Salvador,Organic,2024-01-18 13:56:57
2909,John,Davis,john.davis393@example.com,23,M,Poland,Kraków,Facebook,2022-01-05 02:39:02
2910,Thomas,Moore,thomas.moore643@example.com,37,M,United States,Phoenix,Search,2023-05-22 00:04:56
2911,Charles,Lopez,charles.lopez884@example.com,45,M,United States,Chicago,Organic,2023-05-30 14:19:54
2912,David,Jackson,david.jackson920@example.com,31,M,Japan,Yokohama,Organic,2023-09-06 07:13:56
2913,Karen,Hernandez,karen.hernandez811@example.com,51,F,Austria,Linz,Facebook,2023-11-06 21:17:42
2914,Jennifer,Martinez,jennifer.martinez147@example.com,29,F,China,Shanghai,Email,2024-02-04 20:46:09
2915,Karen,Martin,karen.martin112@example.com,33,F,United States,Phoenix,Facebook,2024-09-27 07:02:07
2916,Karen,Hernandez,karen.hernandez741@example.com,23,F,Germany,Frankfurt,Facebook,2024-04-16 14:08:58
2917,Nancy,Williams,nancy.williams884@example.com,36,F,Brazil,Curitiba,Search,2022-12-07 04:45:08
2918,Amanda,Rodriguez,amanda.rodriguez621@example.com,35,F,Germany,Cologne,Facebook,2024-11-23 13:57:06
2919,Rebecca,Wilson,rebecca.wilson913@example.com,42,F,United States,Los Angeles,Search,2023-06-08 16:42:05
2920,Anthony,Miller,anthony.miller666@example.com,27,M,United States,Denver,Organic,2024-08-04 01:49:04
2921,Paul,Rodriguez,paul.rodriguez351@example.com,26,M,United States,San Francisco,Facebook,2023-06-16 10:19:45
2922,Karen,Jackson,karen.jackson844@example.com,40,F,Spain,Seville,Search,2022-12-21 13:35:14
2923,Anthony,Rodriguez,anthony.rodriguez756@example.com,51,M,Brazil,Rio de Janeiro,Display,2024-03-02 12:02:26
2924,Kenneth,Miller,kenneth.miller375@example.com,42,M,United States,Seattle,Organic,2024-03-07 08:31:01
2925,Donna,Williams,donna.williams589@example.com,57,F,China,Beijing,Facebook,2022-05-13 02:59:32
2926,Jessica,Rodriguez,jessica.rodriguez579@example.com,41,F,Japan,Kyoto,Organic,2022-03-25 04:20:42
2927,Kenneth,Taylor,kenneth.taylor99@example.com,41,M,United States,Chicago,Facebook,2024-04-09 20:36:22
2928,Anthony,Garcia,anthony.garcia277@example.com,43,M,Spain,Barcelona,Facebook,2022-05-30 03:30:58
2929,Anthony,Martinez,anthony.martinez228@example.com,52,M,Germany,Hamburg,Search,2023-05-18 15:19:06
2930,Sarah,Anderson,sarah.anderson284@example.com,49,F,Brazil,Curitiba,Display,2023-05-19 06:37:10
2931,Thomas,Martin,thomas.martin525@example.com,21,M,Mexico,Monterrey,Facebook,2023-04-27 03:48:26
2932,Jessica,Moore,jessica.moore513@example.com,44,F,Belgium,Ghent,Organic,2023-05-19 06:55:58
2933,Stephanie,Garcia,stephanie.garcia857@example.com,38,F,United States,Chicago,Facebook,2024-11-07 00:27:07
2934,Sarah,Brown,sarah.brown8@example.com,32,F,United States,Phoenix,Search,2023-07-08 19:07:37
2935,Ashley,Anderson,ashley.anderson823@example.com,18,F,United States,Phoenix,Email,2024-08-08 04:03:48
2936,Paul,Garcia,paul.garcia248@example.com,18,M,United States,Miami,Organic,2023-06-05 08:10:38
2937,Richard,Davis,richard.davis351@example.com,30,M,United Kingdom,London,Email,2023-06-01 14:41:50
2938,Melissa,Williams,melissa.williams152@example.com,18,F,Poland,Warsaw,Search,2023-12-04 07:25:54
2939,William,Taylor,william.taylor14@example.com,30,M,Colombia,Cali,Email,2022-09-14 02:48:32
2940,Michael,Brown,michael.brown120@example.com,43,M,United States,Denver,Display,2024-11-11 00:11:54
2941,Joseph,Davis,joseph.davis225@example.com,28,M,Brazil,Salvador,Display,2024-10-17 08:26:16
2942,John,Rodriguez,john.rodriguez384@example.com,36,M,United States,Denver,Email,2022-07-09 02:16:13
2943,Joshua,Smith,joshua.smith312@example.com,22,M,United Kingdom,Manchester,Facebook,2022-06-10 17:53:52
2944,Mary,Taylor,mary.taylor105@example.com,38,F,United States,Chicago,Organic,2023-01-27 10:06:48
2945,Patricia,Wilson,patricia.wilson338@example.com,41,F,Poland,Łódź,Search,2022-07-28 06:44:02
2946,Michelle,Hernandez,michelle.hernandez154@example.com,18,F,Colombia,Bogotá,Facebook,2022-03-23 07:41:48
2947,Margaret,Brown,margaret.brown683@example.com,25,F,United States,Denver,Facebook,2024-06-04 00:20:37
2948,Joseph,Johnson,joseph.johnson668@example.com,19,M,Spain,Seville,Search,2022-08-07 23:33:30
2949,Melissa,Johnson,melissa.johnson63@example.com,41,F,United Kingdom,Birmingham,Facebook,2023-02-08 13:24:39
2950,Patricia,Wilson,patricia.wilson651@example.com,36,F,Australia,Sydney,Search,2024-12-17 02:22:40
2951,Michael,Thomas,michael.thomas907@example.com,34,M,China,Beijing,Facebook,2023-03-13 20:17:50
2952,Stephanie,Taylor,stephanie.taylor944@example.com,33,F,United States,Boston,Organic,2022-02-13 07:33:01
2953,Charles,Moore,charles.moore57@example.com,38,M,France,Paris,Email,2022-09-24 14:37:00
2954,Richard,Davis,richard.davis919@example.com,39,M,United States,New York,Search,2022-08-22 23:27:11
2955,Paul,Smith,paul.smith407@example.com,29,M,France,Lyon,Search,2023-09-01 20:47:50
2956,William,Jones,william.jones873@example.com,27,M,United States,Chicago,Facebook,2023-04-13 00:32:00
2957,Thomas,Taylor,thomas.taylor204@example.com,34,M,Germany,Frankfurt,Organic,2022-03-26 04:11:23
2958,Rebecca,Taylor,rebecca.taylor690@example.com,32,F,South Korea,Seoul,Search,2022-11-17 11:21:01
2959,Jennifer,Hernandez,jennifer.hernandez802@example.com,59,F,United States,Miami,Facebook,2023-05-28 17:48:09
2960,Anthony,Smith,anthony.smith267@example.com,30,M,Brazil,Salvador,Display,2023-08-21 00:27:56
2961,Jessica,Taylor,jessica.taylor737@example.com,38,F,Spain,Barcelona,Facebook,2023-04-03 02:47:18
2962,Daniel,Moore,daniel.moore178@example.com,40,M,United States,San Francisco,Search,2024-12-20 12:56:10
2963,Ashley,Jones,ashley.jones709@example.com,51,F,United Kingdom,Leeds,Search,2023-06-23 02:11:49
2964,Kevin,Moore,kevin.moore948@example.com,25,M,Germany,Cologne,Facebook,2024-02-10 19:21:59
2965,Kevin,Wilson,kevin.wilson299@example.com,51,M,Brazil,Salvador,Facebook,2023-09-18 21:57:17
2966,Linda,Jackson,linda.jackson958@example.com,33,F,South Korea,Daejeon,Display,2023-03-21 10:00:35
2967,Elizabeth,Wilson,elizabeth.wilson666@example.com,65,F,United Kingdom,London,Search,2022-02-01 00:33:59
2968,Rebecca,Johnson,rebecca.johnson504@example.com,39,F,France,Toulouse,Organic,2024-01-18 19:34:38
2969,Sarah,Wilson,sarah.wilson327@example.com,20,F,United States,Miami,Display,2024-07-30 00:54:16
2970,Margaret,Williams,margaret.williams548@example.com,32,F,United States,Chicago,Search,2024-08-13 02:54:14
2971,Steven,Garcia,steven.garcia982@example.com,51,M,United States,Chicago,Display,2024-05-18 14:08:18
2972,Joseph,Jackson,joseph.jackson6@example.com,35,M,Belgium,Brussels,Organic,2022-09-08 18:11:37
2973,Steven,Lee,steven.lee865@example.com,34,M,Belgium,Charleroi,Facebook,2023-05-10 11:52:45
2974,Matthew,Martinez,matthew.martinez149@example.com,43,M,Australia,Adelaide,Organic,2024-02-25 00:54:21
2975,Andrew,Garcia,andrew.garcia875@example.com,30,M,United States,Los Angeles,Email,2024-03-12 03:46:35
2976,Melissa,Davis,melissa.davis545@example.com,32,F,United Kingdom,Manchester,Display,2023-11-04 06:36:52
2977,Steven,Jones,steven.jones898@example.com,23,M,Australia,Brisbane,Search,2022-02-23 22:06:55
2978,Stephanie,Lopez,stephanie.lopez182@example.com,55,F,Germany,Cologne,Facebook,2024-03-14 12:47:50
2979,Rebecca,Rodriguez,rebecca.rodriguez48@example.com,20,F,United States,Denver,Search,2023-09-12 07:37:28
2980,Stephanie,Johnson,stephanie.johnson478@example.com,37,F,Belgium,Charleroi,Search,2022-04-03 03:43:43
2981,Emily,Wilson,emily.wilson777@example.com,40,F,United States,Denver,Facebook,2023-08-14 01:56:06
2982,William,Wilson,william.wilson794@example.com,34,M,United States,Seattle,Facebook,2024-03-13 13:42:19
2983,Kenneth,Anderson,kenneth.anderson763@example.com,19,M,Belgium,Antwerp,Organic,2024-10-21 10:37:55
2984,Ashley,Martin,ashley.martin800@example.com,23,F,China,Guangzhou,Search,2024-05-12 21:19:02
2985,Melissa,Thomas,melissa.thomas774@example.com,41,F,Brazil,Brasília,Search,2022-10-14 18:17:34
2986,Anthony,Anderson,anthony.anderson860@example.com,25,M,United Kingdom,Edinburgh,Search,2024-01-23 12:27:42
2987,Daniel,Jones,daniel.jones171@example.com,18,M,Mexico,Guadalajara,Search,2024-01-10 04:06:50
2988,Stephanie,Martinez,stephanie.martinez236@example.com,39,F,United States,Miami,Search,2022-08-04 23:28:51
2989,Ashley,Rodriguez,ashley.rodriguez4@example.com,24,F,Japan,Tokyo,Email,2024-06-27 19:31:25
2990,James,Lee,james.lee432@example.com,42,M,United States,Seattle,Search,2022-06-26 16:07:53
2991,Anthony,Martinez,anthony.martinez263@example.com,32,M,United States,Phoenix,Display,2024-04-01 08:43:03
2992,Linda,Anderson,linda.anderson626@example.com,32,F,Brazil,Brasília,Search,2024-03-19 12:32:18
2993,Daniel,Hernandez,daniel.hernandez552@example.com,35,M,United Kingdom,Leeds,Organic,2024-11-18 16:44:47
2994,Karen,Johnson,karen.johnson580@example.com,21,F,United States,Phoenix,Search,2023-12-11 05:46:36
2995,Joshua,Martin,joshua.martin658@example.com,25,M,Brazil,São Paulo,Search,2022-03-20 22:47:00
2996,Susan,Anderson,susan.anderson998@example.com,31,F,France,Lyon,Facebook,2024-12-13 01:56:25
2997,Michael,Jones,michael.jones107@example.com,21,M,United Kingdom,Edinburgh,Organic,2023-05-13 22:42:25
2998,James,Johnson,james.johnson276@example.com,43,M,Spain,Bilbao,Organic,2024-08-08 03:05:52
2999,Jennifer,Martin,jennifer.martin417@example.com,31,F,South Korea,Daegu,Organic,2022-09-09 02:26:12
3000,James,Miller,james.miller72@example.com,18,M,Brazil,Salvador,Email,2023-12-27 05:11:29
3001,Patricia,Smith,patricia.smith817@example.com,28,F,Brazil,Rio de Janeiro,Organic,2024-04-22 20:17:46
3002,Anthony,Wilson,anthony.wilson388@example.com,36,M,China,Guangzhou,Search,2023-08-04 01:20:54
3003,Stephanie,Smith,stephanie.smith167@example.com,29,F,United Kingdom,Birmingham,Search,2024-03-30 15:14:40
3004,Margaret,Jones,margaret.jones517@example.com,39,F,United States,New York,Facebook,2024-02-20 22:14:08
3005,Amanda,Jackson,amanda.jackson192@example.com,41,F,United States,Boston,Display,2023-07-27 08:38:16
3006,Andrew,Smith,andrew.smith387@example.com,63,M,United States,Denver,Search,2022-04-11 05:05:21
3007,Michelle,Taylor,michelle.taylor644@example.com,48,F,Brazil,São Paulo,Organic,2024-03-27 22:10:18
3008,Donna,Wilson,donna.wilson319@example.com,18,F,Mexico,Guadalajara,Organic,2024-05-14 17:20:49
3009,Nancy,Miller,nancy.miller832@example.com,30,F,France,Toulouse,Display,2022-12-07 02:22:07
3010,Kenneth,Garcia,kenneth.garcia257@example.com,31,M,Brazil,Salvador,Search,2024-06-15 06:15:27
3011,Paul,Martinez,paul.martinez115@example.com,41,M,United Kingdom,London,Email,2022-08-25 05:07:48
3012,Richard,Hernandez,richard.hernandez427@example.com,23,M,Germany,Berlin,Facebook,2022-07-07 06:53:23
3013,Sarah,Jackson,sarah.jackson191@example.com,28,F,China,Chengdu,Organic,2022-05-19 01:47:07
3014,Ashley,Garcia,ashley.garcia688@example.com,20,F,China,Chengdu,Email,2023-08-28 16:36:45
3015,Paul,Lopez,paul.lopez523@example.com,27,M,Spain,Seville,Facebook,2022-11-15 01:45:34
3016,Nancy,Anderson,nancy.anderson149@example.com,28,F,United States,Seattle,Search,2024-01-31 12:00:32
3017,Karen,Smith,karen.smith336@example.com,31,F,United Kingdom,Leeds,Search,2023-12-18 18:00:30
3018,Robert,Jackson,robert.jackson864@example.com,20,M,United Kingdom,Birmingham,Organic,2023-04-13 05:46:20
3019,William,Lee,william.lee818@example.com,46,M,Japan,Yokohama,Organic,2022-10-10 23:32:40
3020,Jessica,Johnson,jessica.johnson640@example.com,40,F,Mexico,Guadalajara,Facebook,2024-09-29 05:56:43
3021,Melissa,Garcia,melissa.garcia902@example.com,18,F,Australia,Sydney,Facebook,2024-08-25 08:46:29
3022,James,Taylor,james.taylor108@example.com,35,M,China,Beijing,Email,2023-01-16 01:29:46
3023,Emily,Moore,emily.moore731@example.com,18,F,United States,Chicago,Organic,2022-10-01 11:46:29
3024,Emily,Brown,emily.brown24@example.com,51,F,France,Lyon,Organic,2024-05-30 07:42:39
3025,Emily,Martin,emily.martin599@example.com,54,F,South Korea,Incheon,Search,2024-01-20 11:17:14
3026,Karen,Miller,karen.miller52@example.com,34,F,Poland,Warsaw,Email,2023-05-16 02:22:15
3027,Emily,Garcia,emily.garcia342@example.com,24,F,South Korea,Incheon,Search,2023-08-01 16:23:59
3028,Karen,Davis,karen.davis91@example.com,27,F,United States,Phoenix,Organic,2024-03-04 23:46:56
3029,Daniel,Anderson,daniel.anderson254@example.com,29,M,Spain,Madrid,Facebook,2022-08-20 15:27:28
3030,Melissa,Jones,melissa.jones643@example.com,33,F,Belgium,Antwerp,Email,2024-12-27 05:23:42
3031,Kevin,Hernandez,kevin.hernandez781@example.com,51,M,Germany,Frankfurt,Search,2023-09-02 00:51:28
3032,Donna,Johnson,donna.johnson939@example.com,46,F,Germany,Hamburg,Facebook,2022-05-20 02:28:05
3033,Mark,Williams,mark.williams987@example.com,46,M,China,Shanghai,Search,2024-11-11 10:23:10
3034,Elizabeth,Taylor,elizabeth.taylor134@example.com,37,F,France,Toulouse,Email,2024-12-27 06:38:03
3035,Joseph,Davis,joseph.davis918@example.com,21,M,United States,San Francisco,Facebook,2024-10-30 20:59:07
3036,Richard,Taylor,richard.taylor284@example.com,25,M,United States,Phoenix,Facebook,2024-02-04 21:22:14
3037,Steven,Thomas,steven.thomas883@example.com,35,M,South Korea,Seoul,Search,2022-11-16 07:05:30
3038,Jennifer,Lee,jennifer.lee865@example.com,20,F,Austria,Vienna,Facebook,2023-08-04 22:59:54
3039,Michelle,Williams,michelle.williams918@example.com,38,F,Colombia,Bogotá,Search,2023-08-11 10:55:08
3040,Joseph,Martin,joseph.martin505@example.com,44,M,United States,Denver,Organic,2023-07-12 12:48:41
3041,Karen,Jackson,karen.jackson749@example.com,41,F,United States,Houston,Display,2022-06-15 04:29:36
3042,Donna,Rodriguez,donna.rodriguez427@example.com,41,F,United States,Phoenix,Search,2022-12-07 14:11:21
3043,Daniel,Williams,daniel.williams78@example.com,18,M,South Korea,Daegu,Facebook,2023-05-29 14:15:25
3044,Jennifer,Williams,jennifer.williams473@example.com,51,F,Germany,Frankfurt,Search,2023-08-02 16:32:36
3045,Steven,Hernandez,steven.hernandez201@example.com,18,M,Austria,Vienna,Organic,2022-12-19 00:53:10
3046,Thomas,Smith,thomas.smith101@example.com,33,M,United States,Boston,Organic,2024-03-10 19:56:03
3047,Amanda,Johnson,amanda.johnson134@example.com,42,F,United Kingdom,Manchester,Organic,2024-10-14 18:49:01
3048,Charles,Hernandez,charles.hernandez220@example.com,39,M,Australia,Perth,Facebook,2023-05-27 02:58:22
3049,Jessica,Lopez,jessica.lopez795@example.com,19,F,United States,Denver,Display,2023-11-24 18:52:23
3050,Donna,Jackson,donna.jackson961@example.com,21,F,Austria,Linz,Email,2022-07-30 17:20:23
3051,Elizabeth,Lee,elizabeth.lee849@example.com,38,F,France,Paris,Display,2022-07-22 11:53:34
3052,Stephanie,Garcia,stephanie.garcia643@example.com,41,F,United States,San Francisco,Search,2022-03-21 20:20:11
3053,Elizabeth,Miller,elizabeth.miller881@example.com,21,F,United States,Chicago,Display,2024-12-22 14:40:12
3054,Melissa,Brown,melissa.brown286@example.com,39,F,Belgium,Charleroi,Organic,2022-11-27 08:19:17
3055,William,Jones,william.jones907@example.com,18,M,Germany,Frankfurt,Search,2024-01-31 02:55:52
3056,Anthony,Rodriguez,anthony.rodriguez946@example.com,42,M,Japan,Nagoya,Organic,2023-11-15 03:10:03
3057,Amanda,Lee,amanda.lee149@example.com,24,F,Australia,Adelaide,Search,2022-05-28 11:16:13
3058,Andrew,Jackson,andrew.jackson397@example.com,35,M,Brazil,São Paulo,Email,2022-07-02 08:38:57
3059,James,Martin,james.martin280@example.com,33,M,Australia,Sydney,Search,2024-05-25 12:13:06
3060,Thomas,Martinez,thomas.martinez141@example.com,48,M,Poland,Łódź,Organic,2024-05-21 04:41:25
3061,Elizabeth,Anderson,elizabeth.anderson173@example.com,37,F,United States,Seattle,Search,2023-09-03 12:38:04
3062,Anthony,Thomas,anthony.thomas964@example.com,27,M,Japan,Nagoya,Search,2023-01-13 01:25:00
3063,Richard,Jones,richard.jones182@example.com,39,M,United States,Seattle,Email,2023-03-15 06:51:57
3064,Joshua,Martinez,joshua.martinez665@example.com,60,M,United States,Denver,Organic,2024-05-16 00:42:34
3065,Michael,Lopez,michael.lopez871@example.com,43,M,Brazil,Rio de Janeiro,Organic,2022-08-03 23:12:59
3066,Mary,Davis,mary.davis752@example.com,34,F,Colombia,Bogotá,Facebook,2022-04-07 08:19:01
3067,Richard,Martinez,richard.martinez453@example.com,24,M,United States,New York,Email,2022-11-01 07:56:23
3068,Patricia,Rodriguez,patricia.rodriguez23@example.com,27,F,China,Shenzhen,Organic,2022-07-27 17:08:33
3069,Stephanie,Johnson,stephanie.johnson418@example.com,43,F,Germany,Berlin,Search,2022-07-03 03:31:56
3070,David,Taylor,david.taylor283@example.com,24,M,United States,San Francisco,Display,2023-05-23 21:01:04
3071,Rebecca,Martin,rebecca.martin863@example.com,35,F,Australia,Brisbane,Organic,2024-05-29 16:10:09
3072,Patricia,Taylor,patricia.taylor944@example.com,52,F,Austria,Graz,Search,2024-01-28 08:44:59
3073,Rebecca,Martin,rebecca.martin232@example.com,36,F,United States,San Francisco,Search,2022-10-26 21:46:57
3074,Andrew,Rodriguez,andrew.rodriguez156@example.com,22,M,United States,Seattle,Search,2023-04-10 11:02:57
3075,Matthew,Johnson,matthew.johnson819@example.com,61,M,Mexico,Mexico City,Display,2023-05-30 14:35:52
3076,Melissa,Garcia,melissa.garcia872@example.com,56,F,United States,Phoenix,Display,2023-03-03 08:46:19
3077,Susan,Jackson,susan.jackson982@example.com,41,F,United States,Boston,Organic,2024-11-25 20:47:16
3078,Donna,Williams,donna.williams769@example.com,50,F,Austria,Graz,Facebook,2024-11-06 04:27:15
3079,Ashley,Hernandez,ashley.hernandez463@example.com,31,F,Belgium,Charleroi,Email,2024-12-25 00:57:48
3080,Kevin,Smith,kevin.smith378@example.com,43,M,Germany,Munich,Facebook,2023-04-04 22:55:13
3081,Lisa,Miller,lisa.miller60@example.com,29,F,United Kingdom,Manchester,Facebook,2024-05-16 10:31:34
3082,Thomas,Williams,thomas.williams885@example.com,18,M,Poland,Wrocław,Display,2024-03-16 15:32:03
3083,Linda,Williams,linda.williams992@example.com,66,F,Germany,Munich,Search,2024-05-24 19:22:16
3084,Steven,Brown,steven.brown921@example.com,18,M,Germany,Cologne,Search,2022-06-26 20:31:41
3085,Kevin,Hernandez,kevin.hernandez573@example.com,38,M,South Korea,Daegu,Email,2024-10-31 14:34:36
3086,Margaret,Anderson,margaret.anderson866@example.com,38,F,Germany,Cologne,Facebook,2024-10-24 16:54:01
3087,Emily,Garcia,emily.garcia3@example.com,41,F,China,Chengdu,Search,2024-05-22 12:30:22
3088,Karen,Moore,karen.moore407@example.com,33,F,Brazil,Curitiba,Organic,2023-09-20 01:32:37
3089,Kevin,Davis,kevin.davis108@example.com,34,M,China,Shenzhen,Facebook,2023-05-09 19:00:02
3090,Paul,Thomas,paul.thomas586@example.com,36,M,United Kingdom,Edinburgh,Organic,2022-09-29 17:42:19
3091,Rebecca,Hernandez,rebecca.hernandez3@example.com,40,F,Brazil,São Paulo,Email,2022-03-08 00:58:14
3092,Michael,Thomas,michael.thomas306@example.com,34,M,China,Shenzhen,Email,2024-11-18 16:24:12
3093,Kevin,Lee,kevin.lee419@example.com,34,M,Australia,Melbourne,Organic,2022-08-17 03:57:39
3094,Karen,Lee,karen.lee130@example.com,19,F,Brazil,São Paulo,Facebook,2023-01-09 23:30:59
3095,Paul,Lopez,paul.lopez86@example.com,59,M,United States,Denver,Facebook,2023-05-02 18:45:17
3096,Jennifer,Lee,jennifer.lee901@example.com,41,F,United States,Denver,Search,2024-01-11 14:48:36
3097,Charles,Thomas,charles.thomas272@example.com,37,M,United States,Miami,Organic,2022-10-18 14:58:44
3098,Jennifer,Garcia,jennifer.garcia980@example.com,27,F,Australia,Perth,Organic,2022-08-25 00:51:26
3099,Amanda,Martin,amanda.martin370@example.com,22,F,China,Guangzhou,Email,2022-12-27 10:55:11
3100,Sarah,Williams,sarah.williams59@example.com,45,F,United States,Houston,Email,2022-12-28 05:52:55
3101,Susan,Martinez,susan.martinez104@example.com,33,F,Australia,Perth,Search,2022-03-06 12:42:02
3102,Andrew,Brown,andrew.brown687@example.com,42,M,United States,Boston,Email,2023-03-05 09:14:06
3103,Rebecca,Taylor,rebecca.taylor13@example.com,18,F,United States,Chicago,Facebook,2023-08-28 13:56:40
3104,Jessica,Jackson,jessica.jackson948@example.com,53,F,South Korea,Busan,Search,2023-05-05 15:01:13
3105,Donna,Moore,donna.moore256@example.com,45,F,United Kingdom,London,Organic,2023-01-20 23:31:18
3106,Emily,Williams,emily.williams607@example.com,34,F,Japan,Nagoya,Email,2024-10-01 09:53:29
3107,Lisa,Garcia,lisa.garcia443@example.com,40,F,South Korea,Incheon,Organic,2022-10-11 10:19:23
3108,Amanda,Miller,amanda.miller48@example.com,43,F,Austria,Linz,Facebook,2024-07-12 06:43:39
3109,Jennifer,Williams,jennifer.williams702@example.com,18,F,United States,Chicago,Facebook,2023-10-31 08:36:19
3110,Anthony,Hernandez,anthony.hernandez15@example.com,55,M,Australia,Sydney,Facebook,2023-12-16 03:24:15
3111,Karen,Smith,karen.smith796@example.com,40,F,Spain,Bilbao,Organic,2024-11-23 21:16:17
3112,Mary,Wilson,mary.wilson504@example.com,26,F,United States,Denver,Organic,2023-06-06 12:11:50
3113,Joseph,Lopez,joseph.lopez302@example.com,21,M,Poland,Kraków,Display,2023-07-10 03:30:44
3114,Michelle,Lopez,michelle.lopez939@example.com,46,F,Brazil,Salvador,Organic,2022-09-27 19:26:56
3115,Amanda,Martin,amanda.martin203@example.com,37,F,Belgium,Ghent,Search,2023-06-09 01:17:28
3116,Joshua,Taylor,joshua.taylor279@example.com,40,M,France,Toulouse,Organic,2024-01-16 03:54:43
3117,Michelle,Garcia,michelle.garcia645@example.com,35,F,United Kingdom,London,Facebook,2024-10-22 23:28:46
3118,Emily,Lopez,emily.lopez350@example.com,22,F,United States,Seattle,Organic,2024-07-24 07:08:20
3119,Stephanie,Moore,stephanie.moore486@example.com,41,F,Poland,Warsaw,Facebook,2022-06-21 10:18:22
3120,Joseph,Jackson,joseph.jackson795@example.com,32,M,United Kingdom,Manchester,Search,2022-03-31 11:21:15
3121,Stephanie,Wilson,stephanie.wilson912@example.com,34,F,United States,Houston,Facebook,2024-11-09 01:09:05
3122,Steven,Johnson,steven.johnson801@example.com,63,M,United States,Chicago,Email,2024-06-16 17:39:57
3123,Susan,Rodriguez,susan.rodriguez81@example.com,45,F,Japan,Nagoya,Organic,2022-06-15 18:17:25
3124,Daniel,Jackson,daniel.jackson942@example.com,46,M,United States,New York,Facebook,2024-07-21 14:37:39
3125,Stephanie,Johnson,stephanie.johnson420@example.com,67,F,France,Nice,Facebook,2024-04-14 02:04:01
3126,Ashley,Lopez,ashley.lopez837@example.com,39,F,Germany,Berlin,Facebook,2024-11-22 14:18:08
3127,Jennifer,Hernandez,jennifer.hernandez286@example.com,36,F,United States,Denver,Organic,2022-06-26 00:18:51
3128,Jennifer,Jones,jennifer.jones593@example.com,26,F,United Kingdom,Manchester,Facebook,2024-06-25 11:34:49
3129,Amanda,Miller,amanda.miller963@example.com,29,F,United States,Boston,Organic,2023-02-04 17:44:52
3130,Linda,Lee,linda.lee937@example.com,18,F,Austria,Linz,Organic,2023-08-28 20:49:51
3131,Richard,Lopez,richard.lopez653@example.com,44,M,Colombia,Medellín,Organic,2022-10-11 05:02:39
3132,Ashley,Martin,ashley.martin614@example.com,19,F,United States,Los Angeles,Organic,2022-03-18 22:16:38
3133,Melissa,Martinez,melissa.martinez30@example.com,45,F,United Kingdom,Birmingham,Search,2024-02-03 00:45:17
3134,Jessica,Moore,jessica.moore601@example.com,34,F,China,Shenzhen,Facebook,2022-03-23 12:30:47
3135,Emily,Wilson,emily.wilson420@example.com,36,F,Austria,Salzburg,Facebook,2023-05-25 14:37:20
3136,Donna,Martin,donna.martin16@example.com,34,F,Brazil,Rio de Janeiro,Search,2022-08-04 09:17:46
3137,Ashley,Miller,ashley.miller944@example.com,51,F,United Kingdom,London,Search,2024-10-04 01:16:14
3138,Emily,Davis,emily.davis455@example.com,49,F,Poland,Kraków,Facebook,2023-05-05 13:46:50
3139,Matthew,Smith,matthew.smith768@example.com,34,M,United States,Chicago,Organic,2022-07-23 10:52:17
3140,Ashley,Jones,ashley.jones43@example.com,24,F,United Kingdom,Edinburgh,Facebook,2024-11-12 04:57:13
3141,Mary,Williams,mary.williams245@example.com,46,F,United States,Los Angeles,Organic,2024-01-24 09:11:28
3142,Donna,Brown,donna.brown897@example.com,23,F,France,Nice,Email,2022-07-12 00:17:38
3143,Michelle,Miller,michelle.miller936@example.com,18,F,Brazil,São Paulo,Search,2023-01-24 07:59:56
3144,Joshua,Jackson,joshua.jackson11@example.com,40,M,Austria,Salzburg,Facebook,2023-08-13 23:35:37
3145,Kenneth,Davis,kenneth.davis891@example.com,49,M,Brazil,Brasília,Organic,2024-05-01 08:59:33
3146,Stephanie,Moore,stephanie.moore307@example.com,30,F,United States,New York,Organic,2024-12-28 21:18:10
3147,Richard,Moore,richard.moore216@example.com,39,M,South Korea,Daegu,Display,2024-07-09 16:20:55
3148,John,Lee,john.lee994@example.com,30,M,South Korea,Daegu,Email,2022-01-16 02:05:00
3149,Thomas,Hernandez,thomas.hernandez534@example.com,43,M,Spain,Bilbao,Search,2023-06-06 09:58:38
3150,Margaret,Moore,margaret.moore794@example.com,48,F,Japan,Tokyo,Search,2022-02-21 10:41:35
3151,Karen,Rodriguez,karen.rodriguez138@example.com,31,F,United States,Seattle,Email,2022-11-27 20:10:14
3152,Andrew,Wilson,andrew.wilson757@example.com,22,M,Germany,Hamburg,Search,2022-10-23 13:17:52
3153,Paul,Moore,paul.moore366@example.com,18,M,United States,Phoenix,Display,2022-10-19 09:17:48
3154,Mark,Williams,mark.williams712@example.com,46,M,United States,Denver,Search,2022-09-04 12:53:44
3155,Matthew,Johnson,matthew.johnson655@example.com,21,M,Poland,Kraków,Organic,2023-03-15 01:47:50
3156,Susan,Brown,susan.brown52@example.com,39,F,Spain,Barcelona,Search,2023-06-30 23:14:43
3157,Jennifer,Thomas,jennifer.thomas874@example.com,44,F,United States,San Francisco,Organic,2024-11-11 08:09:25
3158,Robert,Martinez,robert.martinez288@example.com,28,M,United States,Boston,Search,2023-04-06 09:28:43
3159,Stephanie,Garcia,stephanie.garcia365@example.com,33,F,Austria,Salzburg,Organic,2022-01-26 19:39:02
3160,Paul,Taylor,paul.taylor797@example.com,46,M,United States,Miami,Display,2023-10-02 02:08:53
3161,Thomas,Smith,thomas.smith876@example.com,25,M,United States,New York,Search,2022-11-26 02:49:35
3162,Sarah,Brown,sarah.brown894@example.com,24,F,United States,Houston,Facebook,2022-06-11 01:11:40
3163,Melissa,Martinez,melissa.martinez455@example.com,32,F,United States,New York,Search,2024-01-05 05:17:27
3164,Emily,Martin,emily.martin350@example.com,50,F,United States,New York,Facebook,2024-01-21 23:56:44
3165,Joseph,Thomas,joseph.thomas818@example.com,54,M,Mexico,Puebla,Search,2023-01-18 02:32:04
3166,Michael,Anderson,michael.anderson259@example.com,33,M,United States,Denver,Facebook,2022-08-24 02:09:02
3167,James,Thomas,james.thomas642@example.com,26,M,China,Shanghai,Email,2023-06-21 14:19:11
3168,Emily,Miller,emily.miller236@example.com,47,F,Japan,Kyoto,Email,2023-05-10 22:20:48
3169,Karen,Rodriguez,karen.rodriguez210@example.com,18,F,United Kingdom,Manchester,Display,2024-11-27 11:28:15
3170,William,Jackson,william.jackson547@example.com,37,M,Japan,Tokyo,Search,2022-02-06 12:26:28
3171,Mary,Thomas,mary.thomas864@example.com,34,F,Germany,Munich,Search,2022-07-16 10:49:09
3172,Michelle,Lopez,michelle.lopez291@example.com,50,F,France,Paris,Search,2024-05-23 15:46:33
3173,Stephanie,Johnson,stephanie.johnson725@example.com,51,F,Germany,Frankfurt,Facebook,2024-11-04 09:34:45
3174,Robert,Thomas,robert.thomas22@example.com,23,M,Australia,Adelaide,Search,2023-11-18 16:22:20
3175,Lisa,Davis,lisa.davis697@example.com,37,F,Spain,Valencia,Email,2022-12-13 05:28:41
3176,Steven,Davis,steven.davis390@example.com,28,M,Australia,Melbourne,Display,2022-08-17 14:32:48
3177,Ashley,Anderson,ashley.anderson75@example.com,31,F,United States,Phoenix,Search,2024-07-13 08:59:33
3178,Elizabeth,Davis,elizabeth.davis553@example.com,42,F,Germany,Cologne,Search,2023-10-21 22:01:50
3179,Ashley,Lopez,ashley.lopez239@example.com,30,F,Spain,Madrid,Organic,2023-03-23 19:51:45
3180,Jessica,Smith,jessica.smith633@example.com,37,F,United States,Seattle,Organic,2023-04-24 12:33:16
3181,Melissa,Brown,melissa.brown43@example.com,46,F,Colombia,Bogotá,Organic,2022-06-12 19:03:05
3182,Stephanie,Hernandez,stephanie.hernandez343@example.com,53,F,United States,Houston,Search,2024-06-23 18:18:59
3183,Elizabeth,Lee,elizabeth.lee236@example.com,38,F,United States,Phoenix,Email,2022-02-23 05:26:13
3184,Jessica,Taylor,jessica.taylor314@example.com,36,F,Colombia,Medellín,Facebook,2024-12-13 04:10:24
3185,Steven,Rodriguez,steven.rodriguez8@example.com,21,M,United States,Los Angeles,Search,2022-07-03 12:45:08
3186,Mary,Lee,mary.lee284@example.com,54,F,Brazil,Salvador,Search,2022-05-17 08:23:50
3187,Nancy,Garcia,nancy.garcia89@example.com,40,F,Brazil,Salvador,Email,2022-03-21 07:56:47
3188,Jennifer,Jackson,jennifer.jackson623@example.com,36,F,Belgium,Antwerp,Search,2023-06-21 16:00:06
3189,Karen,Rodriguez,karen.rodriguez459@example.com,36,F,China,Shenzhen,Email,2022-03-03 17:54:59
3190,Mary,Johnson,mary.johnson284@example.com,39,F,Spain,Madrid,Organic,2022-10-10 12:50:39
3191,John,Smith,john.smith616@example.com,44,M,Australia,Perth,Display,2024-05-24 20:31:14
3192,Karen,Lee,karen.lee916@example.com,45,F,France,Lyon,Email,2024-03-31 21:38:50
3193,Kevin,Wilson,kevin.wilson541@example.com,54,M,Austria,Graz,Email,2023-01-11 04:33:14
3194,William,Williams,william.williams282@example.com,37,M,Australia,Adelaide,Facebook,2022-02-07 17:41:46
3195,Michael,Lee,michael.lee403@example.com,56,M,Brazil,Salvador,Facebook,2022-06-23 06:29:20
3196,John,Smith,john.smith790@example.com,47,M,Austria,Linz,Search,2023-08-20 07:25:58
3197,Kevin,Miller,kevin.miller100@example.com,34,M,United Kingdom,Manchester,Facebook,2023-05-26 23:17:41
3198,Amanda,Thomas,amanda.thomas320@example.com,18,F,United States,San Francisco,Facebook,2024-07-27 12:27:46
3199,Paul,Johnson,paul.johnson469@example.com,36,M,United States,New York,Organic,2023-06-14 03:20:33
3200,Mary,Martin,mary.martin634@example.com,53,F,France,Lyon,Facebook,2023-03-03 06:26:41
3201,Anthony,Anderson,anthony.anderson576@example.com,25,M,United States,Denver,Search,2023-11-17 00:28:55
3202,Lisa,Martin,lisa.martin698@example.com,35,F,France,Marseille,Organic,2024-07-06 11:55:53
3203,Michelle,Moore,michelle.moore938@example.com,36,F,Brazil,Salvador,Search,2024-06-13 20:47:23
3204,Daniel,Moore,daniel.moore175@example.com,46,M,United Kingdom,Leeds,Organic,2022-06-10 20:16:48
3205,Donna,Jones,donna.jones479@example.com,30,F,United States,Boston,Organic,2023-04-04 11:19:28
3206,Emily,Jones,emily.jones380@example.com,24,F,South Korea,Seoul,Email,2024-10-02 13:35:54
3207,Elizabeth,Jones,elizabeth.jones88@example.com,41,F,Brazil,Brasília,Organic,2024-06-03 19:19:42
3208,Charles,Brown,charles.brown128@example.com,26,M,United States,Boston,Display,2024-05-16 15:22:12
3209,Donna,Anderson,donna.anderson628@example.com,18,F,China,Shanghai,Display,2022-05-07 05:59:19
3210,Susan,Johnson,susan.johnson510@example.com,57,F,China,Chengdu,Search,2023-03-05 06:04:05
3211,Thomas,Rodriguez,thomas.rodriguez293@example.com,46,M,France,Marseille,Facebook,2024-06-30 02:02:15
3212,Nancy,Lopez,nancy.lopez908@example.com,57,F,United Kingdom,Manchester,Search,2022-05-24 00:53:52
3213,Matthew,Hernandez,matthew.hernandez311@example.com,45,M,United States,Miami,Email,2024-02-25 21:27:53
3214,Emily,Martinez,emily.martinez596@example.com,43,F,Colombia,Barranquilla,Organic,2023-07-24 20:42:29
3215,David,Jones,david.jones987@example.com,39,M,China,Shanghai,Search,2024-03-08 18:47:33
3216,Robert,Williams,robert.williams701@example.com,32,M,United States,Seattle,Search,2024-01-05 02:48:09
3217,Sarah,Lee,sarah.lee727@example.com,41,F,Japan,Nagoya,Facebook,2022-04-14 18:58:55
3218,Amanda,Martinez,amanda.martinez283@example.com,28,F,Germany,Frankfurt,Search,2022-05-22 04:11:22
3219,Amanda,Lopez,amanda.lopez913@example.com,22,F,Germany,Hamburg,Organic,2023-01-04 16:54:49
3220,Jessica,Lopez,jessica.lopez468@example.com,31,F,Brazil,São Paulo,Email,2024-10-18 19:49:17
3221,Kenneth,Davis,kenneth.davis301@example.com,50,M,Brazil,Brasília,Search,2024-10-22 21:13:57
3222,Mark,Thomas,mark.thomas740@example.com,20,M,United Kingdom,Edinburgh,Facebook,2024-04-15 03:48:05
3223,Andrew,Davis,andrew.davis530@example.com,20,M,United States,Miami,Facebook,2022-09-20 12:13:39
3224,Michelle,Rodriguez,michelle.rodriguez132@example.com,42,F,United States,Phoenix,Organic,2024-11-08 00:52:18
3225,Mark,Moore,mark.moore20@example.com,30,M,Mexico,Guadalajara,Search,2024-02-25 12:59:05
3226,Donna,Miller,donna.miller122@example.com,40,F,Germany,Cologne,Search,2022-11-24 16:06:56
3227,Daniel,Anderson,daniel.anderson160@example.com,46,M,Brazil,Curitiba,Display,2024-02-18 17:28:50
3228,Joshua,Anderson,joshua.anderson224@example.com,40,M,United States,Chicago,Facebook,2023-04-20 14:32:49
3229,Mark,Smith,mark.smith345@example.com,27,M,Japan,Nagoya,Organic,2023-06-08 17:11:43
3230,Joseph,Anderson,joseph.anderson237@example.com,50,M,United States,Houston,Email,2022-09-20 22:04:16
3231,Michael,Moore,michael.moore902@example.com,43,M,United States,Denver,Search,2023-12-06 10:05:57
3232,Susan,Garcia,susan.garcia961@example.com,35,F,United States,Boston,Search,2022-10-27 19:01:48
3233,Joseph,Martin,joseph.martin971@example.com,34,M,Spain,Seville,Search,2024-10-07 20:00:39
3234,Ashley,Smith,ashley.smith159@example.com,39,F,Germany,Hamburg,Email,2022-06-09 02:08:03
3235,Elizabeth,Brown,elizabeth.brown533@example.com,31,F,United States,Houston,Organic,2022-10-03 14:06:54
3236,Rebecca,Martin,rebecca.martin105@example.com,18,F,United States,New York,Facebook,2022-05-18 03:12:05
3237,Linda,Jackson,linda.jackson708@example.com,44,F,France,Paris,Search,2022-09-21 17:11:22
3238,Thomas,Taylor,thomas.taylor138@example.com,43,M,United Kingdom,Edinburgh,Email,2024-01-05 12:12:54
3239,Joseph,Wilson,joseph.wilson290@example.com,18,M,Germany,Frankfurt,Email,2024-11-01 13:08:28
3240,Andrew,Jones,andrew.jones203@example.com,41,M,United States,Chicago,Organic,2022-06-21 20:28:14
3241,Patricia,Martinez,patricia.martinez480@example.com,56,F,Spain,Valencia,Search,2022-09-02 01:03:14
3242,Stephanie,Lopez,stephanie.lopez368@example.com,21,F,Poland,Wrocław,Facebook,2022-05-27 02:40:29
3243,Kenneth,Johnson,kenneth.johnson540@example.com,34,M,France,Toulouse,Search,2024-06-03 18:25:07
3244,Daniel,Lopez,daniel.lopez197@example.com,32,M,United States,Boston,Search,2023-08-09 08:54:46
3245,Nancy,Johnson,nancy.johnson508@example.com,54,F,Germany,Berlin,Facebook,2023-02-03 08:09:17
3246,Stephanie,Williams,stephanie.williams88@example.com,48,F,United States,New York,Organic,2024-02-10 21:04:10
3247,Mary,Brown,mary.brown42@example.com,24,F,United States,Seattle,Email,2022-04-03 18:52:30
3248,Lisa,Brown,lisa.brown137@example.com,39,F,United States,San Francisco,Search,2024-05-01 22:51:02
3249,Stephanie,Johnson,stephanie.johnson267@example.com,62,F,Belgium,Ghent,Search,2022-04-14 22:13:47
3250,Melissa,Lee,melissa.lee789@example.com,27,F,Brazil,Curitiba,Facebook,2023-09-28 08:40:54
3251,Charles,Moore,charles.moore330@example.com,34,M,Colombia,Bogotá,Facebook,2022-02-04 07:29:10
3252,Michael,Hernandez,michael.hernandez520@example.com,41,M,China,Chengdu,Organic,2022-08-09 17:02:02
3253,Amanda,Davis,amanda.davis677@example.com,27,F,United Kingdom,London,Organic,2023-11-16 02:32:25
3254,Emily,Brown,emily.brown745@example.com,56,F,United States,San Francisco,Search,2023-09-20 16:29:14
3255,Daniel,Martin,daniel.martin583@example.com,29,M,France,Nice,Organic,2023-05-06 06:49:47
3256,Michelle,Taylor,michelle.taylor177@example.com,18,F,United States,Seattle,Display,2023-11-17 05:57:14
3257,Joseph,Taylor,joseph.taylor662@example.com,28,M,China,Beijing,Search,2024-07-05 03:11:18
3258,Patricia,Martinez,patricia.martinez305@example.com,42,F,United States,Seattle,Facebook,2022-10-10 14:48:01
3259,John,Smith,john.smith591@example.com,25,M,Brazil,Curitiba,Search,2024-11-30 16:32:24
3260,Ashley,Wilson,ashley.wilson981@example.com,38,F,United Kingdom,Manchester,Organic,2022-06-08 05:04:25
3261,Melissa,Martinez,melissa.martinez73@example.com,41,F,United States,Boston,Email,2024-12-07 05:27:24
3262,Charles,Garcia,charles.garcia86@example.com,20,M,United States,Seattle,Facebook,2024-10-10 14:06:01
3263,Mark,Miller,mark.miller250@example.com,28,M,Mexico,Mexico City,Search,2023-04-14 14:56:21
3264,Rebecca,Johnson,rebecca.johnson438@example.com,39,F,United States,Houston,Organic,2022-04-16 01:29:29
3265,David,Jackson,david.jackson478@example.com,43,M,United States,Denver,Search,2023-03-22 11:21:03
3266,John,Brown,john.brown296@example.com,28,M,United States,Houston,Organic,2022-10-31 12:19:38
3267,Jennifer,Moore,jennifer.moore900@example.com,36,F,Brazil,Curitiba,Email,2023-09-27 11:09:36
3268,Joshua,Lee,joshua.lee8@example.com,31,M,Germany,Hamburg,Search,2022-09-11 10:27:40
3269,Matthew,Smith,matthew.smith544@example.com,43,M,United States,Houston,Organic,2022-03-16 00:54:21
3270,John,Wilson,john.wilson552@example.com,41,M,China,Chengdu,Organic,2024-09-03 17:20:52
3271,Rebecca,Johnson,rebecca.johnson769@example.com,30,F,Germany,Frankfurt,Email,2024-08-06 13:28:10
3272,Joseph,Moore,joseph.moore549@example.com,40,M,United States,Chicago,Search,2023-07-04 15:29:29
3273,Charles,Hernandez,charles.hernandez136@example.com,30,M,Austria,Salzburg,Facebook,2024-07-21 03:17:19
3274,John,Smith,john.smith320@example.com,40,M,Mexico,Guadalajara,Search,2024-11-13 10:54:30
3275,Richard,Taylor,richard.taylor173@example.com,40,M,United States,Denver,Search,2024-10-04 12:34:42
3276,Kevin,Taylor,kevin.taylor472@example.com,63,M,United States,New York,Search,2024-06-25 21:36:05
3277,James,Martin,james.martin913@example.com,30,M,United States,Seattle,Facebook,2022-02-18 00:29:47
3278,Kenneth,Martinez,kenneth.martinez392@example.com,33,M,United States,Los Angeles,Search,2024-04-06 14:00:48
3279,Daniel,Martin,daniel.martin364@example.com,27,M,China,Guangzhou,Display,2024-10-03 00:19:03
3280,Patricia,Anderson,patricia.anderson464@example.com,22,F,United Kingdom,Edinburgh,Organic,2022-07-13 13:45:53
3281,Kenneth,Hernandez,kenneth.hernandez166@example.com,29,M,Brazil,Salvador,Email,2022-03-14 14:50:52
3282,William,Davis,william.davis847@example.com,42,M,United States,Phoenix,Search,2023-01-13 01:37:00
3283,Melissa,Garcia,melissa.garcia664@example.com,43,F,United States,Denver,Organic,2024-06-20 16:28:20
3284,Jessica,Wilson,jessica.wilson713@example.com,38,F,Mexico,Mexico City,Facebook,2024-06-17 04:42:20
3285,Susan,Thomas,susan.thomas350@example.com,31,F,Poland,Łódź,Organic,2023-10-02 16:01:27
3286,Thomas,Smith,thomas.smith280@example.com,29,M,United States,Boston,Organic,2024-12-12 23:11:20
3287,Anthony,Rodriguez,anthony.rodriguez474@example.com,23,M,Germany,Munich,Email,2022-06-29 02:52:44
3288,Richard,Smith,richard.smith240@example.com,28,M,China,Shanghai,Facebook,2024-08-19 07:45:30
3289,Paul,Davis,paul.davis22@example.com,19,M,Germany,Hamburg,Email,2024-08-11 11:07:00
3290,James,Taylor,james.taylor724@example.com,51,M,France,Marseille,Search,2024-11-04 12:16:18
3291,Patricia,Anderson,patricia.anderson859@example.com,57,F,Belgium,Charleroi,Facebook,2022-11-16 19:23:04
3292,Mark,Williams,mark.williams225@example.com,18,M,United States,Denver,Facebook,2023-12-04 19:48:43
3293,Nancy,Thomas,nancy.thomas626@example.com,38,F,United States,Houston,Facebook,2022-10-30 01:07:35
3294,Anthony,Smith,anthony.smith906@example.com,38,M,Mexico,Puebla,Facebook,2023-06-13 16:26:15
3295,Steven,Smith,steven.smith739@example.com,37,M,United States,Los Angeles,Facebook,2024-11-17 17:11:31
3296,Stephanie,Martin,stephanie.martin832@example.com,27,F,United States,Los Angeles,Email,2023-07-18 14:52:54
3297,Emily,Smith,emily.smith890@example.com,47,F,Spain,Seville,Search,2024-04-21 23:14:29
3298,Charles,Garcia,charles.garcia253@example.com,39,M,Japan,Yokohama,Search,2023-05-18 01:09:52
3299,Susan,Williams,susan.williams74@example.com,47,F,Germany,Cologne,Search,2022-01-01 13:04:06
3300,Richard,Lopez,richard.lopez800@example.com,26,M,Japan,Yokohama,Search,2022-06-19 13:59:35
3301,Kevin,Hernandez,kevin.hernandez790@example.com,18,M,Spain,Madrid,Facebook,2024-01-07 03:23:52
3302,Linda,Moore,linda.moore191@example.com,40,F,United States,Seattle,Organic,2022-12-01 19:25:39
3303,Matthew,Lee,matthew.lee902@example.com,23,M,France,Marseille,Organic,2022-12-08 15:43:55
3304,Michael,Thomas,michael.thomas25@example.com,47,M,Japan,Osaka,Display,2022-04-09 23:01:51
3305,Susan,Martinez,susan.martinez377@example.com,18,F,Colombia,Medellín,Display,2024-06-18 00:32:28
3306,Anthony,Smith,anthony.smith960@example.com,29,M,United States,Denver,Organic,2022-04-07 23:21:39
3307,Thomas,Martin,thomas.martin352@example.com,27,M,United States,Los Angeles,Organic,2023-08-12 13:05:31
3308,Paul,Lopez,paul.lopez760@example.com,31,M,Australia,Brisbane,Search,2022-12-08 11:00:37
3309,Elizabeth,Jones,elizabeth.jones38@example.com,38,F,United States,New York,Organic,2024-09-19 11:04:16
3310,Susan,Hernandez,susan.hernandez489@example.com,39,F,United States,Miami,Organic,2023-12-31 09:47:14
3311,Richard,Davis,richard.davis781@example.com,42,M,South Korea,Seoul,Search,2022-03-16 20:09:07
3312,Richard,Davis,richard.davis842@example.com,44,M,China,Chengdu,Email,2023-11-04 00:18:02
3313,Jennifer,Martinez,jennifer.martinez436@example.com,32,F,United States,Denver,Organic,2022-07-01 07:38:27
3314,Joshua,Taylor,joshua.taylor76@example.com,60,M,United States,Denver,Search,2023-09-05 14:41:21
3315,Jessica,Brown,jessica.brown532@example.com,51,F,United States,Houston,Facebook,2022-09-24 14:01:56
3316,Sarah,Lee,sarah.lee739@example.com,31,F,Australia,Perth,Organic,2024-03-31 01:56:24
3317,David,Johnson,david.johnson450@example.com,33,M,China,Shanghai,Organic,2023-06-03 03:26:54
3318,Daniel,Williams,daniel.williams955@example.com,31,M,United States,Chicago,Search,2023-04-08 20:20:06
3319,Steven,Anderson,steven.anderson314@example.com,39,M,Brazil,São Paulo,Search,2024-08-19 17:53:34
3320,Steven,Williams,steven.williams817@example.com,23,M,United States,New York,Organic,2023-04-30 02:26:14
3321,Kevin,Taylor,kevin.taylor754@example.com,25,M,United States,Houston,Organic,2022-09-15 10:34:50
3322,Michelle,Thomas,michelle.thomas431@example.com,18,F,United States,San Francisco,Search,2023-07-22 05:31:25
3323,Richard,Rodriguez,richard.rodriguez98@example.com,30,M,United Kingdom,Edinburgh,Email,2024-06-05 18:52:21
3324,Michelle,Martinez,michelle.martinez346@example.com,47,F,United States,New York,Email,2022-03-14 21:59:57
3325,Susan,Lee,susan.lee766@example.com,33,F,United States,Phoenix,Organic,2022-11-06 05:49:04
3326,Andrew,Taylor,andrew.taylor891@example.com,33,M,China,Guangzhou,Email,2023-09-29 22:52:08
3327,Matthew,Wilson,matthew.wilson457@example.com,38,M,Brazil,Rio de Janeiro,Organic,2022-09-22 07:30:58
3328,Kenneth,Williams,kenneth.williams291@example.com,22,M,United States,Miami,Search,2024-04-01 12:17:26
3329,Donna,Lopez,donna.lopez764@example.com,35,F,United States,San Francisco,Organic,2022-03-04 04:04:40
3330,John,Smith,john.smith936@example.com,45,M,United States,San Francisco,Organic,2022-10-16 16:31:18
3331,Linda,Garcia,linda.garcia143@example.com,38,F,Brazil,São Paulo,Organic,2023-10-07 00:31:30
3332,Patricia,Anderson,patricia.anderson320@example.com,46,F,Spain,Madrid,Display,2024-07-25 00:30:31
3333,Rebecca,Rodriguez,rebecca.rodriguez794@example.com,50,F,United States,Denver,Organic,2022-10-19 12:09:57
3334,Margaret,Lee,margaret.lee125@example.com,42,F,Australia,Adelaide,Search,2024-10-12 12:09:10
3335,Donna,Martin,donna.martin973@example.com,26,F,Spain,Valencia,Search,2023-07-16 23:15:02
3336,Nancy,Johnson,nancy.johnson236@example.com,30,F,United States,San Francisco,Email,2022-08-10 19:04:26
3337,Nancy,Jackson,nancy.jackson486@example.com,58,F,United States,San Francisco,Search,2024-08-15 13:11:07
3338,Mary,Jackson,mary.jackson519@example.com,38,F,United States,San Francisco,Display,2022-02-01 07:33:10
3339,Susan,Williams,susan.williams374@example.com,37,F,United States,Miami,Search,2024-03-19 06:01:07
3340,Patricia,Davis,patricia.davis131@example.com,24,F,United Kingdom,Birmingham,Email,2024-09-18 22:05:40
3341,Matthew,Martin,matthew.martin31@example.com,33,M,United States,Los Angeles,Search,2023-09-23 20:37:43
3342,Mary,Smith,mary.smith380@example.com,43,F,Australia,Sydney,Search,2024-09-28 22:30:02
3343,Amanda,Johnson,amanda.johnson269@example.com,35,F,China,Chengdu,Search,2023-11-13 21:22:53
3344,Susan,Hernandez,susan.hernandez905@example.com,28,F,Spain,Seville,Search,2023-10-17 08:13:23
3345,Matthew,Lee,matthew.lee664@example.com,31,M,Japan,Tokyo,Search,2022-04-30 05:32:18
3346,Patricia,Garcia,patricia.garcia94@example.com,49,F,China,Shanghai,Search,2022-07-15 09:24:34
3347,Mary,Taylor,mary.taylor754@example.com,43,F,Poland,Warsaw,Facebook,2024-02-05 18:09:53
3348,Karen,Anderson,karen.anderson614@example.com,41,F,Mexico,Monterrey,Facebook,2024-01-17 13:27:50
3349,Michael,Williams,michael.williams126@example.com,40,M,Brazil,Brasília,Search,2023-11-02 01:24:33
3350,Amanda,Garcia,amanda.garcia403@example.com,20,F,United States,Los Angeles,Facebook,2022-08-17 23:10:54
3351,Nancy,Wilson,nancy.wilson736@example.com,38,F,Brazil,São Paulo,Email,2022-04-03 13:33:36
3352,Ashley,Martinez,ashley.martinez647@example.com,47,F,United States,Chicago,Display,2022-04-04 08:46:28
3353,Emily,Jones,emily.jones573@example.com,31,F,United Kingdom,Birmingham,Organic,2022-05-17 02:50:11
3354,Emily,Jones,emily.jones489@example.com,46,F,Brazil,Rio de Janeiro,Organic,2022-08-27 20:27:08
3355,Donna,Lopez,donna.lopez690@example.com,41,F,China,Shenzhen,Display,2024-11-29 06:01:27
3356,Joseph,Moore,joseph.moore875@example.com,44,M,Japan,Tokyo,Display,2024-05-03 23:08:49
3357,Karen,Rodriguez,karen.rodriguez172@example.com,35,F,United States,Boston,Display,2022-07-15 00:46:12
3358,Kenneth,Martin,kenneth.martin402@example.com,45,M,United Kingdom,Edinburgh,Facebook,2022-12-03 07:02:14
3359,Karen,Anderson,karen.anderson848@example.com,18,F,United States,Houston,Facebook,2024-09-07 20:54:54
3360,Jennifer,Rodriguez,jennifer.rodriguez508@example.com,35,F,Australia,Adelaide,Display,2023-05-08 06:37:36
3361,Charles,Thomas,charles.thomas176@example.com,43,M,France,Marseille,Organic,2022-10-30 00:54:51
3362,Daniel,Rodriguez,daniel.rodriguez130@example.com,38,M,United States,New York,Search,2022-12-26 11:44:31
3363,John,Taylor,john.taylor726@example.com,48,M,Germany,Munich,Display,2023-03-10 18:04:18
3364,Nancy,Lee,nancy.lee490@example.com,33,F,United States,New York,Email,2023-08-18 12:27:59
3365,Emily,Taylor,emily.taylor790@example.com,28,F,Spain,Seville,Search,2023-09-01 06:15:30
3366,Steven,Williams,steven.williams115@example.com,18,M,United Kingdom,Leeds,Search,2023-08-07 00:44:39
3367,Emily,Johnson,emily.johnson606@example.com,31,F,Brazil,Salvador,Email,2023-11-17 07:49:05
3368,Steven,Moore,steven.moore582@example.com,41,M,Spain,Madrid,Organic,2022-11-22 07:08:56
3369,Mary,Moore,mary.moore459@example.com,44,F,Colombia,Bogotá,Facebook,2023-06-30 01:38:04
3370,Paul,Lopez,paul.lopez427@example.com,18,M,Japan,Kyoto,Search,2024-06-27 05:31:04
3371,Robert,Jones,robert.jones271@example.com,49,M,United Kingdom,London,Search,2023-01-17 12:56:31
3372,Richard,Jackson,richard.jackson782@example.com,23,M,Spain,Madrid,Facebook,2024-12-11 19:29:05
3373,Patricia,Rodriguez,patricia.rodriguez331@example.com,33,F,Brazil,Rio de Janeiro,Display,2023-07-01 01:30:15
3374,Thomas,Garcia,thomas.garcia418@example.com,28,M,Australia,Brisbane,Organic,2023-02-16 14:29:16
3375,Mary,Davis,mary.davis858@example.com,40,F,South Korea,Seoul,Search,2024-02-07 06:03:49
3376,Michael,Garcia,michael.garcia630@example.com,36,M,United States,Boston,Search,2023-03-05 13:59:12
3377,Mark,Garcia,mark.garcia39@example.com,43,M,United States,Phoenix,Search,2023-03-11 03:34:30
3378,Kevin,Miller,kevin.miller59@example.com,57,M,United States,Los Angeles,Display,2023-02-15 04:28:18
3379,James,Anderson,james.anderson537@example.com,39,M,United States,New York,Organic,2023-08-21 01:03:47
3380,Susan,Smith,susan.smith709@example.com,28,F,Brazil,Curitiba,Display,2022-02-15 18:18:39
3381,Kevin,Davis,kevin.davis471@example.com,40,M,United States,San Francisco,Email,2023-02-20 04:40:22
3382,Rebecca,Brown,rebecca.brown956@example.com,58,F,France,Nice,Organic,2024-04-21 04:09:55
3383,Kenneth,Wilson,kenneth.wilson849@example.com,42,M,United States,Miami,Search,2022-12-28 06:28:31
3384,Steven,Lee,steven.lee447@example.com,46,M,United States,Boston,Display,2023-08-14 05:53:21
3385,Steven,Taylor,steven.taylor235@example.com,18,M,Germany,Cologne,Search,2022-11-24 04:57:10
3386,Michael,Jones,michael.jones10@example.com,39,M,Brazil,Salvador,Email,2024-10-27 22:09:22
3387,Stephanie,Hernandez,stephanie.hernandez34@example.com,31,F,Brazil,Curitiba,Organic,2022-09-03 05:30:38
3388,Elizabeth,Smith,elizabeth.smith603@example.com,26,F,Australia,Adelaide,Organic,2024-05-01 01:40:26
3389,Andrew,Rodriguez,andrew.rodriguez335@example.com,34,M,Mexico,Guadalajara,Organic,2024-04-13 01:02:13
3390,Elizabeth,Garcia,elizabeth.garcia145@example.com,36,F,United Kingdom,Birmingham,Organic,2023-03-21 10:02:26
3391,Jennifer,Hernandez,jennifer.hernandez74@example.com,27,F,United States,Boston,Facebook,2024-12-13 08:47:58
3392,Lisa,Rodriguez,lisa.rodriguez468@example.com,37,F,United States,Denver,Facebook,2024-12-16 05:47:37
3393,Jennifer,Anderson,jennifer.anderson584@example.com,32,F,Austria,Vienna,Search,2022-02-01 17:57:26
3394,Elizabeth,Hernandez,elizabeth.hernandez33@example.com,43,F,Germany,Berlin,Organic,2023-09-15 15:45:10
3395,Sarah,Martin,sarah.martin419@example.com,37,F,Japan,Osaka,Organic,2022-08-03 16:31:48
3396,Ashley,Johnson,ashley.johnson442@example.com,39,F,Germany,Frankfurt,Display,2024-12-29 06:54:53
3397,Melissa,Martin,melissa.martin57@example.com,46,F,United States,Houston,Email,2024-11-21 20:29:05
3398,Patricia,Taylor,patricia.taylor873@example.com,41,F,China,Guangzhou,Facebook,2023-04-09 06:43:06
3399,Michael,Thomas,michael.thomas230@example.com,34,M,Australia,Sydney,Display,2023-01-10 05:51:08
3400,Jennifer,Moore,jennifer.moore136@example.com,18,F,Colombia,Bogotá,Organic,2024-06-15 13:13:01
3401,Rebecca,Johnson,rebecca.johnson134@example.com,41,F,United States,Miami,Search,2023-03-02 22:15:02
3402,Joseph,Jones,joseph.jones498@example.com,24,M,France,Lyon,Search,2024-03-11 05:08:59
3403,Melissa,Smith,melissa.smith708@example.com,33,F,United States,New York,Email,2023-12-27 22:47:35
3404,Michelle,Taylor,michelle.taylor254@example.com,39,F,Austria,Vienna,Organic,2022-11-08 02:47:48
3405,David,Davis,david.davis765@example.com,50,M,United States,Houston,Email,2023-01-22 04:34:00
3406,Jessica,Davis,jessica.davis261@example.com,57,F,Spain,Valencia,Organic,2024-10-18 08:21:42
3407,Jessica,Wilson,jessica.wilson187@example.com,23,F,United States,Denver,Search,2023-06-24 12:10:04
3408,Lisa,Rodriguez,lisa.rodriguez643@example.com,19,F,France,Paris,Organic,2023-04-03 04:48:03
3409,James,Wilson,james.wilson773@example.com,38,M,Germany,Frankfurt,Facebook,2024-09-13 06:54:34
3410,Mark,Martin,mark.martin747@example.com,37,M,United States,Chicago,Organic,2023-09-19 14:31:36
3411,Lisa,Miller,lisa.miller557@example.com,20,F,Australia,Brisbane,Email,2023-09-11 10:31:06
3412,Joshua,Jackson,joshua.jackson872@example.com,34,M,Belgium,Antwerp,Facebook,2023-03-02 17:36:41
3413,Michael,Hernandez,michael.hernandez848@example.com,42,M,Colombia,Medellín,Organic,2024-01-01 05:36:59
3414,Paul,Davis,paul.davis278@example.com,20,M,United States,San Francisco,Facebook,2022-02-18 07:57:19
3415,Robert,Martin,robert.martin626@example.com,23,M,Japan,Kyoto,Organic,2022-08-26 16:57:41
3416,Donna,Martinez,donna.martinez71@example.com,27,F,United Kingdom,London,Email,2024-06-16 23:52:09
3417,Jennifer,Williams,jennifer.williams80@example.com,32,F,France,Paris,Search,2022-10-14 06:58:03
3418,Susan,Garcia,susan.garcia442@example.com,43,F,China,Beijing,Facebook,2024-12-13 17:34:45
3419,Jessica,Moore,jessica.moore703@example.com,31,F,France,Nice,Organic,2024-09-03 06:07:59
3420,John,Hernandez,john.hernandez584@example.com,35,M,United States,Houston,Search,2023-02-22 21:38:27
3421,Steven,Lopez,steven.lopez165@example.com,61,M,Brazil,Brasília,Facebook,2024-10-01 18:03:52
3422,Anthony,Anderson,anthony.anderson739@example.com,23,M,United States,Phoenix,Organic,2024-02-23 00:40:04
3423,Robert,Brown,robert.brown606@example.com,27,M,United States,Houston,Facebook,2024-06-02 15:24:43
3424,Daniel,Johnson,daniel.johnson755@example.com,43,M,United States,New York,Organic,2023-05-30 16:55:33
3425,Paul,Rodriguez,paul.rodriguez612@example.com,46,M,United States,Phoenix,Search,2022-05-14 15:52:33
3426,William,Martin,william.martin862@example.com,39,M,Australia,Adelaide,Search,2023-08-22 13:40:46
3427,Anthony,Williams,anthony.williams362@example.com,56,M,United Kingdom,Edinburgh,Facebook,2024-06-15 07:02:01
3428,Michelle,Thomas,michelle.thomas32@example.com,38,F,United States,Houston,Organic,2022-04-10 01:44:22
3429,Elizabeth,Lee,elizabeth.lee598@example.com,18,F,Australia,Brisbane,Organic,2022-01-22 01:18:16
3430,Stephanie,Johnson,stephanie.johnson980@example.com,36,F,Belgium,Antwerp,Search,2024-06-17 21:07:38
3431,Susan,Williams,susan.williams99@example.com,28,F,Belgium,Charleroi,Organic,2023-10-16 05:27:03
3432,Jennifer,Jackson,jennifer.jackson965@example.com,51,F,South Korea,Incheon,Facebook,2023-07-26 11:33:23
3433,William,Williams,william.williams769@example.com,46,M,Mexico,Puebla,Email,2024-01-10 09:53:40
3434,Emily,Thomas,emily.thomas36@example.com,18,F,France,Nice,Facebook,2024-01-20 07:28:08
3435,Anthony,Taylor,anthony.taylor542@example.com,51,M,Austria,Graz,Organic,2023-04-12 21:51:40
3436,Joseph,Miller,joseph.miller313@example.com,46,M,Austria,Graz,Organic,2023-10-31 16:03:22
3437,Mark,Garcia,mark.garcia653@example.com,31,M,United States,San Francisco,Facebook,2023-06-09 17:43:47
3438,Robert,Hernandez,robert.hernandez765@example.com,34,M,Colombia,Bogotá,Email,2022-08-15 13:41:54
3439,Robert,Hernandez,robert.hernandez374@example.com,51,M,Australia,Adelaide,Search,2024-03-23 07:47:59
3440,Nancy,Jackson,nancy.jackson478@example.com,18,F,Japan,Kyoto,Facebook,2023-02-16 16:13:47
3441,Margaret,Lopez,margaret.lopez40@example.com,40,F,Belgium,Brussels,Search,2024-09-06 21:21:30
3442,Donna,Lee,donna.lee5@example.com,48,F,Brazil,Brasília,Search,2023-03-11 21:14:08
3443,Stephanie,Jones,stephanie.jones758@example.com,33,F,Brazil,Curitiba,Search,2022-07-27 07:47:50
3444,Donna,Garcia,donna.garcia355@example.com,42,F,Germany,Hamburg,Search,2024-06-26 01:31:31
3445,Kevin,Jones,kevin.jones877@example.com,36,M,Spain,Seville,Search,2022-06-01 15:22:40
3446,Melissa,Anderson,melissa.anderson578@example.com,25,F,Colombia,Barranquilla,Search,2024-12-16 18:38:25
3447,Sarah,Smith,sarah.smith396@example.com,25,F,Colombia,Medellín,Search,2023-11-21 20:11:30
3448,Thomas,Jackson,thomas.jackson878@example.com,43,M,Spain,Bilbao,Search,2023-06-12 10:29:48
3449,Thomas,Taylor,thomas.taylor58@example.com,27,M,Austria,Graz,Search,2022-09-10 16:21:44
3450,Stephanie,Lee,stephanie.lee828@example.com,18,F,United States,San Francisco,Organic,2022-08-09 21:59:11
3451,Rebecca,Lee,rebecca.lee74@example.com,36,F,Austria,Salzburg,Email,2022-08-01 16:13:31
3452,Anthony,Johnson,anthony.johnson945@example.com,28,M,United States,New York,Facebook,2024-07-01 03:28:43
3453,Donna,Thomas,donna.thomas565@example.com,20,F,United Kingdom,Leeds,Search,2022-08-11 19:45:08
3454,Anthony,Hernandez,anthony.hernandez467@example.com,35,M,United States,San Francisco,Organic,2022-02-09 01:04:50
3455,John,Thomas,john.thomas654@example.com,44,M,United Kingdom,Leeds,Organic,2022-08-04 12:55:03
3456,Mark,Jackson,mark.jackson797@example.com,35,M,Brazil,Curitiba,Search,2023-10-31 03:55:02
3457,James,Lopez,james.lopez285@example.com,22,M,United States,Phoenix,Organic,2023-06-07 10:39:50
3458,Nancy,Smith,nancy.smith101@example.com,40,F,Germany,Cologne,Organic,2023-02-13 10:50:24
3459,David,Jackson,david.jackson966@example.com,47,M,Spain,Valencia,Organic,2024-11-22 00:10:03
3460,Donna,Rodriguez,donna.rodriguez518@example.com,61,F,United States,Chicago,Facebook,2023-01-12 01:59:43
3461,James,Martinez,james.martinez287@example.com,52,M,Spain,Seville,Organic,2024-06-25 17:40:45
3462,Rebecca,Lopez,rebecca.lopez915@example.com,22,F,United States,Los Angeles,Search,2022-05-16 23:19:47
3463,Michelle,Martin,michelle.martin40@example.com,45,F,United States,Denver,Search,2023-08-18 22:51:33
3464,Mary,Hernandez,mary.hernandez838@example.com,38,F,United States,Los Angeles,Email,2022-05-24 10:05:27
3465,Jessica,Jones,jessica.jones19@example.com,21,F,France,Marseille,Facebook,2022-03-30 21:01:22
3466,Jessica,Thomas,jessica.thomas655@example.com,38,F,Japan,Nagoya,Facebook,2024-01-15 12:21:43
3467,Ashley,Wilson,ashley.wilson38@example.com,58,F,France,Paris,Display,2024-01-07 20:38:19
3468,Jessica,Johnson,jessica.johnson149@example.com,49,F,Australia,Brisbane,Organic,2023-09-22 01:07:31
3469,Rebecca,Hernandez,rebecca.hernandez326@example.com,22,F,France,Marseille,Search,2023-05-10 00:01:25
3470,Michael,Taylor,michael.taylor182@example.com,35,M,Australia,Melbourne,Facebook,2022-10-24 09:35:05
3471,Kevin,Jackson,kevin.jackson45@example.com,40,M,Mexico,Monterrey,Search,2024-05-02 07:17:56
3472,Anthony,Garcia,anthony.garcia678@example.com,18,M,Brazil,Rio de Janeiro,Facebook,2022-07-27 09:16:50
3473,Kevin,Hernandez,kevin.hernandez760@example.com,18,M,United States,Houston,Organic,2023-06-25 21:11:56
3474,Richard,Moore,richard.moore325@example.com,36,M,United States,Chicago,Search,2024-10-29 05:54:09
3475,Robert,Lopez,robert.lopez697@example.com,37,M,France,Toulouse,Search,2024-01-02 18:14:01
3476,Sarah,Rodriguez,sarah.rodriguez329@example.com,18,F,United Kingdom,Edinburgh,Organic,2024-07-14 06:32:09
3477,Richard,Brown,richard.brown215@example.com,39,M,United States,Los Angeles,Facebook,2022-08-08 01:18:06
3478,Donna,Smith,donna.smith846@example.com,48,F,Belgium,Antwerp,Search,2022-01-29 01:53:22
3479,Steven,Anderson,steven.anderson525@example.com,32,M,Austria,Vienna,Search,2024-07-01 08:54:05
3480,Karen,Lee,karen.lee21@example.com,35,F,United States,Chicago,Organic,2023-09-09 08:27:23
3481,Matthew,Wilson,matthew.wilson698@example.com,41,M,United States,Boston,Email,2024-05-03 11:15:51
3482,Richard,Taylor,richard.taylor392@example.com,40,M,United States,Miami,Email,2024-07-11 14:14:48
3483,Anthony,Anderson,anthony.anderson73@example.com,18,M,Brazil,Curitiba,Facebook,2023-02-14 13:06:07
3484,Ashley,Miller,ashley.miller238@example.com,24,F,Colombia,Cali,Organic,2022-05-02 03:08:03
3485,Daniel,Hernandez,daniel.hernandez319@example.com,30,M,France,Toulouse,Organic,2024-11-21 04:34:06
3486,Nancy,Garcia,nancy.garcia28@example.com,24,F,United States,Miami,Search,2022-11-30 19:34:11
3487,David,Jones,david.jones727@example.com,52,M,China,Guangzhou,Search,2022-06-25 15:10:28
3488,Rebecca,Lopez,rebecca.lopez217@example.com,42,F,United States,Denver,Search,2023-09-18 03:14:09
3489,Steven,Wilson,steven.wilson157@example.com,21,M,Brazil,Rio de Janeiro,Email,2022-01-22 21:56:54
3490,Donna,Lee,donna.lee184@example.com,32,F,Brazil,São Paulo,Organic,2022-03-07 11:31:49
3491,Thomas,Jones,thomas.jones714@example.com,48,M,Germany,Hamburg,Search,2024-04-15 15:15:07
3492,Kevin,Garcia,kevin.garcia504@example.com,27,M,United Kingdom,London,Organic,2022-04-07 16:42:11
3493,Michael,Brown,michael.brown812@example.com,45,M,Colombia,Bogotá,Search,2023-10-20 14:54:21
3494,Andrew,Martin,andrew.martin435@example.com,51,M,United States,New York,Organic,2023-05-12 12:07:18
3495,Kevin,Taylor,kevin.taylor682@example.com,49,M,Japan,Tokyo,Facebook,2022-05-02 11:01:14
3496,Michelle,Miller,michelle.miller471@example.com,37,F,United States,Miami,Email,2024-10-29 13:30:21
3497,Robert,Lee,robert.lee592@example.com,50,M,United States,San Francisco,Facebook,2022-06-24 15:50:04
3498,Mark,Thomas,mark.thomas877@example.com,28,M,Colombia,Barranquilla,Email,2023-12-14 10:45:33
3499,Linda,Martinez,linda.martinez613@example.com,64,F,Spain,Barcelona,Search,2022-05-24 07:29:43
3500,John,Davis,john.davis494@example.com,37,M,United States,Houston,Facebook,2023-10-09 09:17:09
3501,Anthony,Lopez,anthony.lopez864@example.com,48,M,China,Shenzhen,Email,2022-07-02 16:54:03
3502,Lisa,Johnson,lisa.johnson638@example.com,30,F,Spain,Seville,Organic,2024-08-30 19:18:24
3503,Ashley,Brown,ashley.brown932@example.com,40,F,Poland,Wrocław,Email,2023-05-21 05:47:02
3504,Elizabeth,Martin,elizabeth.martin647@example.com,41,F,France,Toulouse,Display,2022-01-10 19:59:50
3505,John,Jones,john.jones686@example.com,23,M,United States,San Francisco,Facebook,2022-02-25 19:17:21
3506,Mary,Brown,mary.brown516@example.com,23,F,China,Chengdu,Search,2023-08-18 13:24:44
3507,Charles,Jackson,charles.jackson849@example.com,32,M,United States,Los Angeles,Search,2023-07-23 17:28:38
3508,Amanda,Martin,amanda.martin305@example.com,48,F,United States,Phoenix,Facebook,2022-12-29 02:12:43
3509,Emily,Moore,emily.moore544@example.com,18,F,France,Lyon,Email,2023-10-25 21:12:45
3510,Amanda,Williams,amanda.williams902@example.com,30,F,Japan,Tokyo,Search,2024-05-22 19:13:40
3511,William,Moore,william.moore213@example.com,50,M,United States,Houston,Organic,2024-03-07 11:14:07
3512,Joshua,Garcia,joshua.garcia438@example.com,20,M,Australia,Perth,Search,2024-03-31 13:35:27
3513,Nancy,Smith,nancy.smith26@example.com,50,F,Spain,Barcelona,Organic,2024-11-01 21:45:09
3514,Ashley,Martin,ashley.martin570@example.com,21,F,Japan,Nagoya,Email,2022-08-15 01:41:07
3515,Stephanie,Garcia,stephanie.garcia347@example.com,24,F,United States,Seattle,Organic,2022-04-01 07:29:55
3516,Donna,Anderson,donna.anderson559@example.com,33,F,Brazil,Salvador,Organic,2022-05-13 13:20:15
3517,Margaret,Johnson,margaret.johnson236@example.com,57,F,United States,Chicago,Facebook,2022-02-08 11:56:56
3518,Paul,Brown,paul.brown826@example.com,27,M,United States,Denver,Organic,2022-11-18 02:01:39
3519,James,Jackson,james.jackson984@example.com,18,M,United States,Chicago,Facebook,2022-06-02 08:33:46
3520,Andrew,Lopez,andrew.lopez534@example.com,18,M,United States,Houston,Search,2024-10-05 18:25:17
3521,Mark,Lee,mark.lee610@example.com,46,M,United States,Miami,Search,2023-01-05 08:37:49
3522,Paul,Brown,paul.brown456@example.com,18,M,United States,Seattle,Email,2022-08-27 23:21:18
3523,Melissa,Jackson,melissa.jackson298@example.com,49,F,Belgium,Antwerp,Organic,2023-07-30 06:30:21
3524,Ashley,Jackson,ashley.jackson460@example.com,35,F,Australia,Melbourne,Search,2023-04-17 09:50:11
3525,Jennifer,Martin,jennifer.martin494@example.com,34,F,United States,Phoenix,Organic,2022-01-05 16:37:59
3526,Anthony,Smith,anthony.smith779@example.com,38,M,Austria,Graz,Facebook,2024-11-16 20:51:07
3527,Lisa,Williams,lisa.williams690@example.com,25,F,United States,New York,Search,2024-01-29 03:28:29
3528,Emily,Hernandez,emily.hernandez330@example.com,36,F,Brazil,Rio de Janeiro,Organic,2024-06-22 10:05:53
3529,Karen,Williams,karen.williams616@example.com,20,F,Australia,Sydney,Search,2024-11-13 18:52:12
3530,Donna,Johnson,donna.johnson933@example.com,51,F,China,Shanghai,Email,2024-08-27 16:35:40
3531,Elizabeth,Moore,elizabeth.moore417@example.com,22,F,United States,Houston,Facebook,2022-10-01 12:11:24
3532,Jennifer,Anderson,jennifer.anderson845@example.com,40,F,Brazil,São Paulo,Email,2024-04-15 19:43:24
3533,Matthew,Moore,matthew.moore473@example.com,22,M,China,Guangzhou,Facebook,2022-01-10 15:11:10
3534,Stephanie,Martin,stephanie.martin139@example.com,28,F,France,Toulouse,Email,2023-01-31 17:45:19
3535,Robert,Williams,robert.williams182@example.com,30,M,Brazil,Rio de Janeiro,Organic,2024-04-04 19:17:15
3536,Thomas,Moore,thomas.moore317@example.com,70,M,China,Chengdu,Search,2024-02-06 06:01:04
3537,Steven,Smith,steven.smith582@example.com,34,M,United States,San Francisco,Email,2024-04-23 04:55:20
3538,Amanda,Davis,amanda.davis904@example.com,25,F,United Kingdom,Manchester,Email,2024-04-09 01:00:54
3539,Sarah,Garcia,sarah.garcia393@example.com,29,F,United States,Los Angeles,Email,2022-02-17 15:25:36
3540,Melissa,Jones,melissa.jones278@example.com,18,F,Colombia,Medellín,Display,2023-10-01 15:45:21
3541,William,Thomas,william.thomas654@example.com,33,M,Japan,Nagoya,Facebook,2023-11-07 23:13:47
3542,Daniel,Williams,daniel.williams318@example.com,57,M,Brazil,São Paulo,Organic,2022-06-20 03:12:24
3543,Jessica,Moore,jessica.moore435@example.com,39,F,Japan,Tokyo,Email,2022-09-23 21:49:40
3544,James,Jackson,james.jackson218@example.com,45,M,United States,Phoenix,Search,2023-06-18 17:21:10
3545,Emily,Anderson,emily.anderson294@example.com,24,F,United States,Boston,Email,2023-11-24 23:56:45
3546,Joshua,Johnson,joshua.johnson55@example.com,32,M,China,Beijing,Email,2024-07-19 20:19:17
3547,Amanda,Lopez,amanda.lopez568@example.com,37,F,China,Guangzhou,Facebook,2024-03-06 09:13:41
3548,Karen,Wilson,karen.wilson478@example.com,26,F,Japan,Kyoto,Organic,2024-12-04 06:34:07
3549,Amanda,Davis,amanda.davis172@example.com,39,F,Austria,Vienna,Facebook,2022-09-01 21:41:30
3550,Daniel,Davis,daniel.davis754@example.com,42,M,Brazil,Curitiba,Display,2023-03-06 18:12:43
3551,Melissa,Martinez,melissa.martinez202@example.com,41,F,Brazil,São Paulo,Search,2022-10-13 12:45:42
3552,Patricia,Lee,patricia.lee659@example.com,33,F,France,Marseille,Organic,2024-09-02 09:51:21
3553,Mary,Smith,mary.smith112@example.com,48,F,United States,Seattle,Facebook,2023-11-01 16:10:24
3554,Jennifer,Hernandez,jennifer.hernandez28@example.com,31,F,United States,Seattle,Email,2023-07-11 03:17:00
3555,David,Miller,david.miller124@example.com,30,M,Austria,Salzburg,Facebook,2023-09-30 13:51:41
3556,Rebecca,Hernandez,rebecca.hernandez523@example.com,52,F,Australia,Perth,Facebook,2022-12-24 20:24:37
3557,James,Smith,james.smith180@example.com,21,M,Austria,Linz,Search,2024-08-28 08:27:41
3558,Steven,Martin,steven.martin330@example.com,18,M,United States,Los Angeles,Organic,2023-11-05 05:47:00
3559,Susan,Martinez,susan.martinez537@example.com,24,F,United States,Houston,Email,2023-07-13 20:28:57
3560,Jessica,Lee,jessica.lee641@example.com,39,F,China,Beijing,Organic,2024-02-11 14:42:59
3561,Robert,Brown,robert.brown783@example.com,50,M,Poland,Kraków,Organic,2024-05-25 17:53:11
3562,Kevin,Lopez,kevin.lopez405@example.com,27,M,United States,Los Angeles,Organic,2023-03-09 21:57:50
3563,James,Anderson,james.anderson106@example.com,56,M,United States,New York,Organic,2024-03-12 13:08:45
3564,James,Taylor,james.taylor979@example.com,35,M,United States,Phoenix,Organic,2024-05-24 05:23:36
3565,Sarah,Smith,sarah.smith777@example.com,33,F,Japan,Yokohama,Email,2023-12-30 22:35:45
3566,Anthony,Wilson,anthony.wilson827@example.com,24,M,Australia,Adelaide,Organic,2022-05-08 18:10:46
3567,Emily,Williams,emily.williams921@example.com,58,F,Spain,Bilbao,Facebook,2022-07-29 23:47:37
3568,Michael,Rodriguez,michael.rodriguez699@example.com,33,M,United States,Phoenix,Organic,2022-02-04 03:06:59
3569,Paul,Johnson,paul.johnson992@example.com,19,M,Spain,Bilbao,Email,2022-10-30 14:45:08
3570,Nancy,Johnson,nancy.johnson515@example.com,64,F,China,Shenzhen,Search,2022-06-30 05:53:27
3571,William,Taylor,william.taylor560@example.com,39,M,United States,Phoenix,Search,2023-09-13 14:42:07
3572,John,Thomas,john.thomas590@example.com,44,M,United States,Chicago,Organic,2024-09-22 20:24:19
3573,Ashley,Jackson,ashley.jackson508@example.com,55,F,China,Guangzhou,Display,2022-03-14 04:59:58
3574,Lisa,Thomas,lisa.thomas442@example.com,42,F,United States,Houston,Facebook,2022-11-08 12:42:04
3575,Susan,Lopez,susan.lopez331@example.com,46,F,Austria,Graz,Facebook,2022-02-19 07:53:52
3576,Charles,Williams,charles.williams794@example.com,35,M,China,Chengdu,Organic,2022-04-02 13:54:56
3577,Stephanie,Taylor,stephanie.taylor328@example.com,43,F,Brazil,Brasília,Search,2022-02-24 13:11:27
3578,Amanda,Jones,amanda.jones907@example.com,34,F,Germany,Munich,Display,2023-10-27 07:35:56
3579,Stephanie,Williams,stephanie.williams749@example.com,34,F,Germany,Frankfurt,Organic,2024-10-05 19:57:58
3580,David,Thomas,david.thomas998@example.com,36,M,United States,Miami,Facebook,2024-03-04 13:13:38
3581,Richard,Lopez,richard.lopez645@example.com,30,M,France,Toulouse,Email,2024-01-25 07:43:42
3582,Anthony,Williams,anthony.williams598@example.com,41,M,United States,New York,Facebook,2022-06-21 14:09:18
3583,Michael,Hernandez,michael.hernandez335@example.com,41,M,Brazil,Rio de Janeiro,Search,2024-07-05 06:05:32
3584,Lisa,Anderson,lisa.anderson681@example.com,44,F,Spain,Madrid,Search,2023-09-27 08:12:05
3585,Paul,Martinez,paul.martinez580@example.com,42,M,United Kingdom,Edinburgh,Search,2024-11-20 22:35:39
3586,Andrew,Thomas,andrew.thomas400@example.com,59,M,Brazil,Rio de Janeiro,Display,2023-03-04 15:52:09
3587,John,Hernandez,john.hernandez68@example.com,47,M,United States,Phoenix,Email,2024-02-07 13:28:07
3588,Nancy,Davis,nancy.davis9@example.com,32,F,China,Chengdu,Organic,2023-06-11 05:24:37
3589,David,Jones,david.jones231@example.com,40,M,United States,Boston,Email,2023-07-19 06:38:36
3590,Matthew,Garcia,matthew.garcia702@example.com,51,M,Poland,Warsaw,Search,2022-04-27 06:01:11
3591,Michael,Moore,michael.moore917@example.com,23,M,United Kingdom,Edinburgh,Search,2023-06-09 12:35:26
3592,Rebecca,Davis,rebecca.davis933@example.com,59,F,Colombia,Cali,Search,2022-07-02 23:22:22
3593,Kenneth,Thomas,kenneth.thomas525@example.com,25,M,Brazil,Salvador,Email,2024-03-27 21:35:41
3594,Patricia,Davis,patricia.davis858@example.com,45,F,South Korea,Seoul,Search,2024-02-16 02:10:02
3595,Thomas,Hernandez,thomas.hernandez5@example.com,35,M,United States,Seattle,Search,2024-08-08 08:20:22
3596,Thomas,Wilson,thomas.wilson877@example.com,34,M,United States,Seattle,Search,2023-05-20 17:35:54
3597,James,Martinez,james.martinez962@example.com,19,M,United States,Phoenix,Organic,2024-06-27 10:18:42
3598,Joshua,Thomas,joshua.thomas402@example.com,45,M,United States,San Francisco,Organic,2024-09-01 18:54:32
3599,Paul,Martin,paul.martin46@example.com,19,M,Poland,Warsaw,Search,2023-06-24 18:36:10
3600,Jennifer,Jackson,jennifer.jackson713@example.com,18,F,Spain,Seville,Email,2024-11-02 19:52:55
3601,Melissa,Martin,melissa.martin14@example.com,48,F,France,Paris,Display,2024-04-26 23:49:02
3602,Joseph,Smith,joseph.smith638@example.com,56,M,United Kingdom,Manchester,Search,2022-11-14 19:32:35
3603,William,Taylor,william.taylor321@example.com,26,M,United Kingdom,Birmingham,Display,2023-06-06 20:41:30
3604,Melissa,Thomas,melissa.thomas540@example.com,47,F,France,Paris,Email,2022-04-21 13:09:58
3605,Robert,Rodriguez,robert.rodriguez919@example.com,44,M,South Korea,Daejeon,Email,2023-02-25 21:39:13
3606,Andrew,Miller,andrew.miller152@example.com,33,M,France,Nice,Search,2023-01-30 19:34:46
3607,Mark,Johnson,mark.johnson34@example.com,51,M,Japan,Kyoto,Email,2022-11-22 22:48:31
3608,Kenneth,Moore,kenneth.moore575@example.com,33,M,United States,San Francisco,Facebook,2023-01-25 06:17:35
3609,James,Moore,james.moore695@example.com,41,M,Mexico,Guadalajara,Search,2022-03-01 17:27:35
3610,Donna,Johnson,donna.johnson298@example.com,19,F,United States,Chicago,Email,2023-05-12 12:00:53
3611,Lisa,Lopez,lisa.lopez164@example.com,20,F,Brazil,Curitiba,Search,2022-08-09 06:33:05
3612,Sarah,Lopez,sarah.lopez703@example.com,49,F,Belgium,Antwerp,Email,2022-09-08 21:17:12
3613,Kevin,Brown,kevin.brown688@example.com,41,M,United States,Boston,Facebook,2024-03-10 08:35:07
3614,Joseph,Hernandez,joseph.hernandez943@example.com,33,M,United States,New York,Organic,2024-08-30 15:16:42
3615,Robert,Moore,robert.moore863@example.com,57,M,Brazil,São Paulo,Search,2022-07-08 00:33:37
3616,James,Miller,james.miller727@example.com,57,M,Brazil,Brasília,Email,2023-09-07 13:33:00
3617,Charles,Thomas,charles.thomas20@example.com,40,M,Poland,Wrocław,Search,2024-09-13 18:55:58
3618,Michael,Lee,michael.lee260@example.com,18,M,South Korea,Incheon,Email,2023-10-28 15:32:44
3619,Robert,Martinez,robert.martinez654@example.com,33,M,China,Chengdu,Facebook,2022-03-28 01:09:06
3620,Robert,Williams,robert.williams465@example.com,25,M,Mexico,Mexico City,Search,2024-04-28 14:02:44
3621,David,Garcia,david.garcia52@example.com,36,M,Germany,Cologne,Organic,2022-02-25 23:36:51
3622,Melissa,Williams,melissa.williams564@example.com,23,F,Colombia,Medellín,Display,2023-11-07 13:56:01
3623,Charles,Davis,charles.davis759@example.com,20,M,United States,Chicago,Display,2023-06-11 18:50:51
3624,Stephanie,Wilson,stephanie.wilson725@example.com,18,F,China,Guangzhou,Search,2023-08-01 20:20:09
3625,David,Jones,david.jones922@example.com,37,M,United States,Miami,Search,2022-09-01 19:36:30
3626,Patricia,Hernandez,patricia.hernandez148@example.com,18,F,United States,Boston,Search,2024-08-28 13:08:10
3627,Matthew,Lee,matthew.lee953@example.com,31,M,Spain,Madrid,Email,2022-04-23 17:36:11
3628,Donna,Garcia,donna.garcia525@example.com,43,F,United States,Miami,Search,2024-10-23 15:27:52
3629,Steven,Jackson,steven.jackson306@example.com,26,M,United Kingdom,Manchester,Search,2022-03-07 13:19:46
3630,Joseph,Miller,joseph.miller859@example.com,21,M,Spain,Valencia,Organic,2022-11-29 09:29:39
3631,Melissa,Wilson,melissa.wilson104@example.com,34,F,United States,Phoenix,Display,2023-08-01 09:21:10
3632,William,Brown,william.brown28@example.com,25,M,China,Guangzhou,Organic,2023-07-20 07:18:15
3633,David,Garcia,david.garcia729@example.com,37,M,Germany,Munich,Facebook,2022-10-12 02:43:09
3634,Donna,Jackson,donna.jackson727@example.com,22,F,Belgium,Antwerp,Search,2022-11-12 12:49:50
3635,Matthew,Lopez,matthew.lopez91@example.com,33,M,United States,Phoenix,Facebook,2023-09-01 13:32:29
3636,Linda,Lopez,linda.lopez879@example.com,30,F,Mexico,Monterrey,Facebook,2022-01-24 19:20:52
3637,Emily,Hernandez,emily.hernandez839@example.com,34,F,South Korea,Daejeon,Display,2022-06-12 09:15:56
3638,David,Jones,david.jones795@example.com,54,M,Germany,Berlin,Facebook,2023-03-10 02:05:10
3639,Matthew,Martin,matthew.martin391@example.com,37,M,Brazil,Brasília,Search,2022-01-27 17:51:48
3640,Daniel,Davis,daniel.davis930@example.com,41,M,Spain,Madrid,Organic,2022-04-05 17:47:26
3641,Jennifer,Smith,jennifer.smith131@example.com,27,F,Australia,Perth,Search,2022-01-30 20:22:20
3642,Paul,Martin,paul.martin782@example.com,37,M,United States,Seattle,Search,2024-06-14 03:00:54
3643,Matthew,Smith,matthew.smith840@example.com,31,M,Mexico,Puebla,Display,2022-05-04 09:02:32
3644,Joshua,Jackson,joshua.jackson517@example.com,35,M,Belgium,Brussels,Organic,2022-07-21 19:12:13
3645,Jennifer,Garcia,jennifer.garcia346@example.com,42,F,China,Guangzhou,Email,2024-05-21 15:59:41
3646,Emily,Johnson,emily.johnson476@example.com,28,F,Spain,Seville,Search,2023-04-19 17:36:42
3647,Nancy,Jones,nancy.jones48@example.com,30,F,United Kingdom,Leeds,Email,2023-05-07 02:56:53
3648,Margaret,Anderson,margaret.anderson32@example.com,29,F,Japan,Yokohama,Email,2023-12-20 23:26:19
3649,Patricia,Hernandez,patricia.hernandez338@example.com,28,F,South Korea,Incheon,Facebook,2023-11-15 03:03:08
3650,Mary,Brown,mary.brown19@example.com,37,F,United States,New York,Search,2023-03-29 15:12:58
3651,Ashley,Miller,ashley.miller635@example.com,30,F,United States,Denver,Email,2024-08-16 02:43:20
3652,Linda,Jones,linda.jones639@example.com,52,F,United States,Houston,Email,2022-09-07 11:00:12
3653,Michael,Anderson,michael.anderson853@example.com,67,M,Poland,Warsaw,Search,2022-08-21 19:15:21
3654,Mary,Jackson,mary.jackson275@example.com,28,F,Brazil,Salvador,Display,2023-07-18 13:13:34
3655,Amanda,Garcia,amanda.garcia814@example.com,38,F,Belgium,Charleroi,Email,2024-08-12 03:02:28
3656,Thomas,Jackson,thomas.jackson307@example.com,47,M,China,Guangzhou,Search,2024-09-09 01:04:05
3657,James,Rodriguez,james.rodriguez542@example.com,31,M,United States,Chicago,Organic,2024-03-27 11:18:00
3658,Richard,Johnson,richard.johnson806@example.com,23,M,Belgium,Charleroi,Organic,2022-01-04 19:43:33
3659,Karen,Miller,karen.miller355@example.com,55,F,United Kingdom,Edinburgh,Organic,2024-03-09 06:35:45
3660,Richard,Jackson,richard.jackson112@example.com,43,M,Brazil,Rio de Janeiro,Email,2022-06-29 11:43:52
3661,Ashley,Moore,ashley.moore814@example.com,38,F,United States,San Francisco,Email,2024-08-11 10:57:41
3662,Robert,Thomas,robert.thomas284@example.com,52,M,United States,Denver,Search,2022-05-05 06:52:40
3663,Rebecca,Davis,rebecca.davis217@example.com,44,F,United States,Los Angeles,Facebook,2022-05-18 20:03:56
3664,Paul,Taylor,paul.taylor684@example.com,34,M,Brazil,Rio de Janeiro,Organic,2023-07-19 07:47:12
3665,Melissa,Thomas,melissa.thomas534@example.com,23,F,France,Marseille,Organic,2023-08-15 20:22:11
3666,Ashley,Taylor,ashley.taylor31@example.com,29,F,United States,New York,Facebook,2023-01-07 18:52:48
3667,John,Lopez,john.lopez913@example.com,49,M,United States,Los Angeles,Facebook,2023-06-14 11:15:20
3668,Mark,Hernandez,mark.hernandez519@example.com,43,M,United States,Seattle,Search,2024-02-22 12:46:29
3669,Kenneth,Lee,kenneth.lee270@example.com,32,M,Brazil,Rio de Janeiro,Organic,2023-12-29 01:54:28
3670,Joshua,Martin,joshua.martin86@example.com,56,M,Mexico,Mexico City,Email,2024-02-19 22:14:38
3671,Linda,Hernandez,linda.hernandez684@example.com,33,F,Brazil,Rio de Janeiro,Organic,2022-09-18 14:20:50
3672,Emily,Jones,emily.jones761@example.com,46,F,United States,Los Angeles,Organic,2023-09-05 11:57:55
3673,Donna,Rodriguez,donna.rodriguez748@example.com,37,F,France,Toulouse,Display,2022-05-20 10:08:02
3674,Mary,Hernandez,mary.hernandez634@example.com,58,F,Poland,Kraków,Email,2022-09-23 16:45:07
3675,Paul,Anderson,paul.anderson875@example.com,44,M,Australia,Perth,Facebook,2024-12-01 22:06:33
3676,Nancy,Miller,nancy.miller608@example.com,35,F,South Korea,Daejeon,Organic,2022-02-16 20:02:14
3677,Rebecca,Smith,rebecca.smith242@example.com,32,F,Poland,Kraków,Facebook,2023-05-25 22:06:37
3678,Richard,Moore,richard.moore221@example.com,34,M,France,Nice,Facebook,2023-06-24 15:09:31
3679,Stephanie,Martin,stephanie.martin384@example.com,26,F,Mexico,Mexico City,Organic,2022-09-12 01:29:35
3680,Kevin,Johnson,kevin.johnson724@example.com,18,M,United States,Boston,Search,2022-02-25 03:12:13
3681,Michelle,Miller,michelle.miller23@example.com,38,F,South Korea,Busan,Organic,2022-05-21 21:04:58
3682,Jessica,Rodriguez,jessica.rodriguez302@example.com,28,F,Colombia,Medellín,Organic,2024-03-11 01:22:03
3683,Margaret,Taylor,margaret.taylor432@example.com,28,F,Poland,Wrocław,Display,2023-10-12 23:45:45
3684,Steven,Taylor,steven.taylor570@example.com,33,M,China,Shenzhen,Facebook,2023-09-03 13:28:57
3685,Melissa,Miller,melissa.miller147@example.com,35,F,Australia,Perth,Search,2022-06-11 19:11:32
3686,Daniel,Miller,daniel.miller92@example.com,35,M,United States,Denver,Organic,2023-08-20 03:57:27
3687,Elizabeth,Rodriguez,elizabeth.rodriguez909@example.com,55,F,France,Marseille,Organic,2022-07-20 10:21:37
3688,Steven,Jones,steven.jones96@example.com,42,M,Brazil,Rio de Janeiro,Organic,2022-12-08 22:26:11
3689,Melissa,Rodriguez,melissa.rodriguez80@example.com,60,F,France,Marseille,Search,2024-11-08 14:34:26
3690,Ashley,Garcia,ashley.garcia194@example.com,29,F,Germany,Munich,Display,2023-05-05 21:50:34
3691,Anthony,Johnson,anthony.johnson343@example.com,44,M,United States,Phoenix,Display,2023-10-13 18:26:35
3692,John,Thomas,john.thomas216@example.com,30,M,United States,Chicago,Display,2022-07-24 13:53:53
3693,Donna,Taylor,donna.taylor813@example.com,28,F,United States,Boston,Organic,2022-01-06 11:30:56
3694,William,Garcia,william.garcia127@example.com,60,M,Germany,Hamburg,Email,2024-01-05 23:38:07
3695,Charles,Rodriguez,charles.rodriguez139@example.com,25,M,Germany,Frankfurt,Facebook,2023-11-25 14:29:19
3696,James,Rodriguez,james.rodriguez119@example.com,18,M,Japan,Yokohama,Organic,2022-08-26 11:58:29
3697,Steven,Smith,steven.smith652@example.com,26,M,United States,Houston,Search,2024-03-22 09:38:30
3698,Jennifer,Hernandez,jennifer.hernandez878@example.com,18,F,Australia,Melbourne,Search,2022-07-19 05:22:59
3699,Michelle,Martinez,michelle.martinez163@example.com,23,F,Germany,Cologne,Search,2023-07-04 12:05:51
3700,Joshua,Martin,joshua.martin554@example.com,24,M,United States,New York,Email,2023-09-02 08:49:36
3701,Anthony,Davis,anthony.davis372@example.com,35,M,United States,Chicago,Facebook,2022-05-04 05:09:25
3702,Anthony,Taylor,anthony.taylor621@example.com,18,M,China,Guangzhou,Display,2024-02-02 01:44:04
3703,Robert,Davis,robert.davis649@example.com,49,M,Brazil,Brasília,Facebook,2023-07-06 13:05:14
3704,Donna,Brown,donna.brown288@example.com,18,F,United States,Seattle,Search,2023-04-17 13:01:42
3705,Steven,Miller,steven.miller604@example.com,33,M,United States,New York,Organic,2024-03-18 12:48:59
3706,Elizabeth,Jackson,elizabeth.jackson56@example.com,31,F,United States,Chicago,Search,2024-05-05 12:14:41
3707,Rebecca,Garcia,rebecca.garcia486@example.com,44,F,United States,San Francisco,Display,2023-06-25 06:39:49
3708,Jennifer,Moore,jennifer.moore967@example.com,39,F,United States,Houston,Search,2024-06-11 15:43:12
3709,Michelle,Anderson,michelle.anderson898@example.com,49,F,Australia,Brisbane,Search,2022-02-27 16:45:06
3710,John,Thomas,john.thomas54@example.com,30,M,United Kingdom,Edinburgh,Organic,2023-11-14 06:39:16
3711,Richard,Taylor,richard.taylor58@example.com,29,M,Brazil,Salvador,Email,2022-11-01 21:11:25
3712,Kenneth,Hernandez,kenneth.hernandez821@example.com,39,M,Germany,Frankfurt,Organic,2023-09-25 17:05:02
3713,Susan,Wilson,susan.wilson209@example.com,47,F,United Kingdom,London,Search,2023-11-16 04:51:40
3714,Susan,Johnson,susan.johnson664@example.com,44,F,United States,San Francisco,Facebook,2024-06-12 20:29:53
3715,Joseph,Anderson,joseph.anderson542@example.com,38,M,United States,Boston,Search,2023-09-03 21:50:59
3716,Mark,Thomas,mark.thomas407@example.com,37,M,United States,Seattle,Facebook,2022-01-17 10:59:12
3717,Steven,Williams,steven.williams308@example.com,34,M,France,Toulouse,Facebook,2024-12-07 02:31:51
3718,Nancy,Hernandez,nancy.hernandez746@example.com,39,F,China,Chengdu,Search,2023-07-14 03:28:59
3719,Michelle,Hernandez,michelle.hernandez258@example.com,59,F,Brazil,Curitiba,Organic,2022-05-14 23:19:33
3720,Jessica,Miller,jessica.miller764@example.com,32,F,United Kingdom,Manchester,Search,2022-05-21 23:05:31
3721,Margaret,Johnson,margaret.johnson233@example.com,30,F,Mexico,Guadalajara,Search,2022-02-04 17:38:02
3722,Paul,Smith,paul.smith877@example.com,29,M,United States,Chicago,Facebook,2022-08-31 14:30:42
3723,Karen,Jones,karen.jones700@example.com,39,F,United Kingdom,Leeds,Search,2022-10-20 18:52:39
3724,Ashley,Jones,ashley.jones544@example.com,18,F,China,Beijing,Search,2024-11-05 03:41:59
3725,Matthew,Jones,matthew.jones100@example.com,33,M,Spain,Bilbao,Facebook,2024-06-09 02:45:17
3726,Nancy,Wilson,nancy.wilson214@example.com,45,F,Spain,Bilbao,Facebook,2022-01-05 01:30:18
3727,John,Rodriguez,john.rodriguez631@example.com,28,M,Spain,Seville,Email,2023-01-05 03:18:39
3728,Michelle,Williams,michelle.williams572@example.com,37,F,United States,Los Angeles,Email,2022-12-03 04:19:42
3729,Jessica,Johnson,jessica.johnson103@example.com,60,F,China,Guangzhou,Organic,2023-05-08 18:16:00
3730,Nancy,Anderson,nancy.anderson100@example.com,38,F,Australia,Melbourne,Organic,2022-06-19 00:36:26
3731,Ashley,Martin,ashley.martin606@example.com,18,F,Brazil,Brasília,Facebook,2022-10-21 10:31:35
3732,Joshua,Moore,joshua.moore376@example.com,18,M,Mexico,Mexico City,Email,2023-09-17 14:33:24
3733,Amanda,Taylor,amanda.taylor473@example.com,31,F,Brazil,São Paulo,Organic,2023-07-23 22:31:24
3734,Amanda,Miller,amanda.miller610@example.com,25,F,China,Guangzhou,Display,2024-07-13 11:09:02
3735,Michelle,Thomas,michelle.thomas848@example.com,36,F,China,Shenzhen,Facebook,2024-10-10 01:34:09
3736,Sarah,Johnson,sarah.johnson252@example.com,31,F,China,Guangzhou,Organic,2023-03-05 00:33:26
3737,Daniel,Brown,daniel.brown693@example.com,48,M,South Korea,Incheon,Email,2024-06-11 14:45:25
3738,Lisa,Williams,lisa.williams864@example.com,21,F,United States,Houston,Search,2024-07-05 17:13:56
3739,Karen,Brown,karen.brown913@example.com,32,F,United Kingdom,London,Display,2023-01-14 19:33:56
3740,Daniel,Davis,daniel.davis975@example.com,37,M,France,Lyon,Organic,2023-04-28 01:24:50
3741,Melissa,Smith,melissa.smith5@example.com,39,F,Colombia,Barranquilla,Facebook,2023-11-18 23:08:43
3742,Melissa,Moore,melissa.moore76@example.com,36,F,France,Toulouse,Facebook,2024-09-22 09:40:30
3743,Ashley,Thomas,ashley.thomas867@example.com,18,F,Austria,Graz,Search,2024-04-27 21:14:30
3744,Linda,Wilson,linda.wilson206@example.com,35,F,Colombia,Bogotá,Facebook,2024-07-16 09:42:49
3745,Joshua,Brown,joshua.brown290@example.com,33,M,United States,Boston,Organic,2024-05-18 17:01:03
3746,Susan,Jackson,susan.jackson473@example.com,45,F,Colombia,Cali,Organic,2022-07-15 19:22:35
3747,Joshua,Smith,joshua.smith655@example.com,43,M,Austria,Vienna,Search,2022-08-23 05:36:41
3748,Sarah,Lee,sarah.lee38@example.com,37,F,United States,Chicago,Email,2024-08-27 03:28:57
3749,Kenneth,Thomas,kenneth.thomas648@example.com,38,M,France,Paris,Email,2023-05-07 02:21:21
3750,Melissa,Jones,melissa.jones93@example.com,51,F,United States,Boston,Search,2022-07-30 20:35:02
3751,Jessica,Brown,jessica.brown370@example.com,48,F,Germany,Cologne,Email,2022-11-23 18:23:59
3752,Stephanie,Anderson,stephanie.anderson899@example.com,38,F,United States,Phoenix,Email,2023-06-21 23:34:26
3753,Nancy,Moore,nancy.moore126@example.com,60,F,Spain,Madrid,Search,2023-09-01 12:07:03
3754,Kenneth,Martinez,kenneth.martinez46@example.com,27,M,Brazil,Salvador,Display,2022-08-03 14:58:57
3755,Patricia,Johnson,patricia.johnson475@example.com,20,F,France,Lyon,Search,2022-10-03 14:38:35
3756,Susan,Martinez,susan.martinez247@example.com,34,F,United States,Los Angeles,Email,2023-02-28 04:14:01
3757,Andrew,Martinez,andrew.martinez246@example.com,30,M,Spain,Barcelona,Facebook,2022-08-23 00:38:17
3758,Melissa,Miller,melissa.miller423@example.com,18,F,China,Beijing,Display,2024-12-15 05:40:50
3759,Margaret,Martin,margaret.martin171@example.com,27,F,France,Paris,Organic,2022-01-23 04:19:01
3760,Mary,Miller,mary.miller21@example.com,39,F,United States,Miami,Organic,2024-04-17 19:53:03
3761,Patricia,Jones,patricia.jones924@example.com,34,F,United States,Houston,Email,2022-11-17 20:02:27
3762,Paul,Anderson,paul.anderson809@example.com,25,M,China,Shenzhen,Facebook,2023-08-30 17:03:31
3763,Melissa,Wilson,melissa.wilson411@example.com,35,F,Austria,Linz,Facebook,2022-12-04 01:23:50
3764,Thomas,Wilson,thomas.wilson829@example.com,36,M,United States,Miami,Facebook,2024-10-21 08:22:32
3765,Anthony,Hernandez,anthony.hernandez994@example.com,43,M,Germany,Frankfurt,Facebook,2024-12-01 02:57:07
3766,Charles,Miller,charles.miller394@example.com,27,M,United States,San Francisco,Search,2023-01-29 21:00:30
3767,Anthony,Garcia,anthony.garcia156@example.com,45,M,Spain,Bilbao,Search,2022-02-01 07:22:51
3768,Charles,Williams,charles.williams202@example.com,21,M,United States,San Francisco,Search,2022-07-09 15:51:00
3769,Sarah,Brown,sarah.brown960@example.com,28,F,China,Shanghai,Search,2024-02-24 06:36:12
3770,William,Lopez,william.lopez891@example.com,55,M,Brazil,Curitiba,Email,2024-06-26 16:52:28
3771,Joseph,Rodriguez,joseph.rodriguez699@example.com,22,M,United States,Miami,Organic,2022-02-14 00:21:11
3772,Steven,Thomas,steven.thomas678@example.com,27,M,United States,Phoenix,Organic,2022-01-14 07:58:06
3773,Stephanie,Moore,stephanie.moore306@example.com,19,F,Brazil,Rio de Janeiro,Search,2023-06-22 23:44:26
3774,Robert,Lopez,robert.lopez523@example.com,25,M,United Kingdom,Edinburgh,Email,2024-05-31 00:46:01
3775,Michael,Williams,michael.williams368@example.com,36,M,Mexico,Guadalajara,Search,2024-04-19 16:28:54
3776,Patricia,Smith,patricia.smith392@example.com,43,F,China,Beijing,Search,2022-01-24 22:24:22
3777,Steven,Jones,steven.jones726@example.com,34,M,Poland,Łódź,Email,2024-12-18 06:46:44
3778,Lisa,Garcia,lisa.garcia539@example.com,31,F,China,Beijing,Search,2022-11-08 09:31:03
3779,Richard,Johnson,richard.johnson428@example.com,20,M,United States,Phoenix,Email,2022-09-08 22:00:08
3780,James,Taylor,james.taylor250@example.com,26,M,United States,Miami,Organic,2023-01-25 06:31:52
3781,John,Davis,john.davis654@example.com,18,M,Brazil,Rio de Janeiro,Email,2024-04-08 03:44:30
3782,Jessica,Thomas,jessica.thomas449@example.com,43,F,United States,New York,Search,2022-12-15 18:56:43
3783,Steven,Jones,steven.jones50@example.com,44,M,Colombia,Medellín,Organic,2023-12-10 10:47:37
3784,Susan,Smith,susan.smith685@example.com,34,F,Germany,Berlin,Organic,2022-09-24 13:23:38
3785,Charles,Williams,charles.williams335@example.com,40,M,United Kingdom,Manchester,Facebook,2022-05-10 01:01:30
3786,Donna,Martinez,donna.martinez411@example.com,45,F,China,Shanghai,Email,2022-04-29 10:55:47
3787,Kenneth,Martinez,kenneth.martinez987@example.com,36,M,Brazil,Brasília,Search,2023-04-26 20:40:28
3788,David,Rodriguez,david.rodriguez684@example.com,51,M,France,Marseille,Facebook,2022-01-04 11:34:20
3789,Michael,Lee,michael.lee68@example.com,22,M,United States,Chicago,Search,2023-09-05 05:11:36
3790,Susan,Anderson,susan.anderson738@example.com,30,F,United States,Seattle,Email,2024-04-28 07:25:38
3791,Joseph,Thomas,joseph.thomas292@example.com,29,M,United States,Los Angeles,Display,2023-09-09 14:41:53
3792,Amanda,Williams,amanda.williams753@example.com,42,F,United States,New York,Search,2023-05-16 07:44:45
3793,Rebecca,Martinez,rebecca.martinez349@example.com,18,F,Germany,Hamburg,Search,2022-07-06 10:56:21
3794,Patricia,Wilson,patricia.wilson569@example.com,52,F,United States,Los Angeles,Email,2022-06-27 07:53:25
3795,Richard,Lopez,richard.lopez694@example.com,41,M,United States,Denver,Email,2022-05-08 06:09:52
3796,Michelle,Martin,michelle.martin185@example.com,56,F,Belgium,Antwerp,Facebook,2022-03-31 23:36:44
3797,Sarah,Martinez,sarah.martinez136@example.com,34,F,Mexico,Guadalajara,Organic,2023-09-09 10:55:27
3798,Elizabeth,Davis,elizabeth.davis700@example.com,28,F,China,Beijing,Email,2022-11-01 21:20:43
3799,Susan,Martin,susan.martin72@example.com,42,F,China,Shenzhen,Search,2023-12-26 23:27:13
3800,Stephanie,Miller,stephanie.miller818@example.com,47,F,Japan,Tokyo,Display,2023-01-24 00:57:07
3801,Melissa,Lopez,melissa.lopez433@example.com,26,F,United States,Boston,Email,2022-12-19 16:47:36
3802,Mary,Smith,mary.smith95@example.com,18,F,Brazil,São Paulo,Email,2023-05-21 06:04:34
3803,Andrew,Brown,andrew.brown763@example.com,18,M,United States,Houston,Email,2023-02-02 09:34:48
3804,Margaret,Johnson,margaret.johnson895@example.com,38,F,Brazil,Curitiba,Display,2022-04-21 15:41:10
3805,Amanda,Rodriguez,amanda.rodriguez68@example.com,53,F,Mexico,Guadalajara,Search,2022-01-28 22:40:47
3806,Ashley,Martin,ashley.martin940@example.com,19,F,Japan,Yokohama,Display,2024-12-09 00:23:07
3807,Emily,Johnson,emily.johnson414@example.com,31,F,Mexico,Mexico City,Search,2022-04-28 17:50:30
3808,Kevin,Lee,kevin.lee667@example.com,30,M,Japan,Osaka,Organic,2022-10-22 06:39:10
3809,Matthew,Jackson,matthew.jackson266@example.com,58,M,France,Toulouse,Organic,2023-03-21 06:12:01
3810,David,Smith,david.smith111@example.com,62,M,Japan,Osaka,Search,2023-04-29 05:15:21
3811,Nancy,Smith,nancy.smith985@example.com,40,F,Germany,Hamburg,Organic,2024-03-31 20:18:27
3812,Anthony,Martin,anthony.martin653@example.com,45,M,China,Shanghai,Organic,2024-02-16 08:55:31
3813,Patricia,Lopez,patricia.lopez255@example.com,45,F,United States,San Francisco,Search,2023-10-26 22:54:47
3814,Karen,Brown,karen.brown356@example.com,19,F,United Kingdom,Manchester,Organic,2022-12-06 15:48:03
3815,Lisa,Lee,lisa.lee757@example.com,43,F,United States,Denver,Organic,2024-11-09 11:37:03
3816,Daniel,Lopez,daniel.lopez304@example.com,22,M,China,Beijing,Facebook,2022-04-01 08:01:12
3817,Mary,Wilson,mary.wilson687@example.com,32,F,United States,Denver,Facebook,2022-12-06 21:35:40
3818,Paul,Anderson,paul.anderson37@example.com,48,M,United Kingdom,Edinburgh,Facebook,2023-02-17 07:28:59
3819,Patricia,Jones,patricia.jones986@example.com,35,F,United States,Denver,Email,2023-01-18 23:18:44
3820,Kenneth,Davis,kenneth.davis724@example.com,48,M,United States,Miami,Facebook,2022-02-26 01:05:16
3821,Mark,Williams,mark.williams336@example.com,50,M,China,Shenzhen,Search,2024-07-10 17:17:34
3822,Richard,Hernandez,richard.hernandez566@example.com,18,M,United States,Phoenix,Organic,2022-06-25 08:34:43
3823,Mary,Lee,mary.lee174@example.com,18,F,Austria,Vienna,Organic,2023-02-07 21:05:50
3824,Mark,Wilson,mark.wilson450@example.com,48,M,China,Shanghai,Search,2023-09-29 05:30:44
3825,Jennifer,Anderson,jennifer.anderson353@example.com,49,F,Brazil,Rio de Janeiro,Email,2024-09-01 00:36:39
3826,Michelle,Brown,michelle.brown388@example.com,38,F,United States,Seattle,Search,2023-09-03 15:36:05
3827,Margaret,Hernandez,margaret.hernandez812@example.com,39,F,South Korea,Seoul,Display,2023-08-21 22:51:37
3828,William,Lee,william.lee412@example.com,45,M,France,Nice,Search,2022-09-28 08:53:24
3829,Joshua,Johnson,joshua.johnson7@example.com,45,M,Brazil,Curitiba,Facebook,2024-02-25 15:32:56
3830,Anthony,Jones,anthony.jones453@example.com,31,M,United States,New York,Search,2023-09-06 09:14:31
3831,Michael,Thomas,michael.thomas52@example.com,46,M,Japan,Tokyo,Display,2022-02-03 00:45:34
3832,Karen,Smith,karen.smith477@example.com,30,F,Austria,Salzburg,Email,2023-04-05 10:49:37
3833,Thomas,Jones,thomas.jones679@example.com,37,M,Brazil,São Paulo,Search,2024-09-07 19:42:50
3834,Paul,Martin,paul.martin98@example.com,37,M,United States,Los Angeles,Search,2024-07-28 13:17:04
3835,Charles,Smith,charles.smith64@example.com,24,M,United States,Los Angeles,Facebook,2022-08-22 17:23:21
3836,Lisa,Rodriguez,lisa.rodriguez380@example.com,26,F,United States,Miami,Search,2024-03-21 22:52:29
3837,Kenneth,Miller,kenneth.miller482@example.com,61,M,Japan,Tokyo,Search,2022-12-23 19:49:42
3838,Jennifer,Davis,jennifer.davis64@example.com,24,F,Mexico,Mexico City,Display,2024-04-13 14:39:42
3839,Thomas,Garcia,thomas.garcia325@example.com,39,M,Mexico,Guadalajara,Facebook,2023-07-28 09:39:38
3840,Amanda,Garcia,amanda.garcia775@example.com,41,F,Australia,Perth,Search,2022-12-18 07:08:05
3841,Rebecca,Taylor,rebecca.taylor570@example.com,34,F,United States,Boston,Organic,2024-11-17 00:19:45
3842,Robert,Smith,robert.smith522@example.com,43,M,Mexico,Mexico City,Search,2022-09-22 16:19:19
3843,Daniel,Williams,daniel.williams105@example.com,38,M,United States,Chicago,Email,2023-01-14 12:20:30
3844,Michael,Garcia,michael.garcia798@example.com,24,M,United States,San Francisco,Search,2024-10-18 19:13:59
3845,Anthony,Moore,anthony.moore591@example.com,41,M,Germany,Hamburg,Organic,2022-08-30 10:47:08
3846,Charles,Davis,charles.davis429@example.com,28,M,United States,Seattle,Search,2022-08-05 07:37:05
3847,Ashley,Smith,ashley.smith614@example.com,55,F,South Korea,Busan,Display,2024-11-17 23:54:38
3848,Susan,Hernandez,susan.hernandez153@example.com,40,F,Mexico,Monterrey,Search,2023-06-14 09:28:30
3849,Anthony,Wilson,anthony.wilson677@example.com,26,M,Japan,Nagoya,Facebook,2024-06-04 06:26:34
3850,Patricia,Martinez,patricia.martinez299@example.com,39,F,Australia,Perth,Organic,2022-04-08 07:36:36
3851,Steven,Johnson,steven.johnson41@example.com,23,M,Brazil,Salvador,Email,2023-12-28 10:41:00
3852,Ashley,Jackson,ashley.jackson234@example.com,38,F,United States,New York,Search,2022-04-24 17:57:05
3853,Robert,Jackson,robert.jackson365@example.com,32,M,Australia,Adelaide,Email,2023-03-25 13:14:36
3854,Donna,Martin,donna.martin440@example.com,25,F,France,Toulouse,Display,2022-08-11 09:05:03
3855,Amanda,Lee,amanda.lee229@example.com,24,F,Belgium,Ghent,Search,2023-04-06 09:33:24
3856,Richard,Miller,richard.miller788@example.com,64,M,United States,Los Angeles,Search,2023-03-05 23:47:23
3857,James,Rodriguez,james.rodriguez264@example.com,36,M,United States,San Francisco,Display,2024-11-06 23:37:09
3858,Andrew,Lee,andrew.lee117@example.com,29,M,Brazil,Salvador,Organic,2023-12-27 09:24:51
3859,Michelle,Rodriguez,michelle.rodriguez223@example.com,27,F,Germany,Frankfurt,Email,2022-03-17 12:13:45
3860,Margaret,Jackson,margaret.jackson400@example.com,40,F,Australia,Sydney,Email,2024-04-09 11:06:19
3861,Jessica,Wilson,jessica.wilson45@example.com,27,F,Austria,Vienna,Organic,2023-06-24 08:34:19
3862,Mary,Martin,mary.martin92@example.com,21,F,United States,Phoenix,Search,2023-10-21 06:14:04
3863,Amanda,Smith,amanda.smith157@example.com,34,F,China,Guangzhou,Organic,2023-07-16 12:45:10
3864,Kenneth,Thomas,kenneth.thomas391@example.com,34,M,United States,Houston,Facebook,2024-11-26 10:28:41
3865,Lisa,Moore,lisa.moore951@example.com,29,F,United States,Seattle,Organic,2023-12-21 06:31:08
3866,Susan,Brown,susan.brown582@example.com,24,F,Brazil,Curitiba,Facebook,2023-09-04 10:53:29
3867,Richard,Thomas,richard.thomas82@example.com,30,M,France,Nice,Organic,2024-10-28 19:51:31
3868,Melissa,Brown,melissa.brown69@example.com,29,F,China,Guangzhou,Email,2022-11-04 04:35:31
3869,James,Martin,james.martin104@example.com,27,M,Brazil,Salvador,Search,2024-04-06 03:40:48
3870,Charles,Martin,charles.martin67@example.com,38,M,France,Paris,Organic,2024-05-04 00:15:55
3871,Linda,Smith,linda.smith505@example.com,61,F,South Korea,Seoul,Search,2023-02-10 04:29:37
3872,Mark,Hernandez,mark.hernandez730@example.com,50,M,United States,Miami,Search,2024-12-15 06:19:08
3873,Andrew,Davis,andrew.davis434@example.com,58,M,United States,Denver,Organic,2022-11-20 09:45:52
3874,Joseph,Jackson,joseph.jackson407@example.com,28,M,Spain,Madrid,Display,2024-09-20 15:52:55
3875,Nancy,Miller,nancy.miller594@example.com,55,F,Japan,Kyoto,Organic,2022-01-21 13:38:54
3876,Michelle,Thomas,michelle.thomas351@example.com,37,F,South Korea,Busan,Search,2022-11-19 17:44:47
3877,Paul,Williams,paul.williams808@example.com,46,M,United States,Los Angeles,Facebook,2022-12-01 11:35:59
3878,Daniel,Jones,daniel.jones685@example.com,40,M,United Kingdom,Manchester,Facebook,2023-01-15 06:05:08
3879,James,Lee,james.lee982@example.com,30,M,Belgium,Antwerp,Organic,2023-04-23 22:44:22
3880,Nancy,Davis,nancy.davis85@example.com,43,F,Brazil,Salvador,Search,2024-04-06 12:40:28
3881,Anthony,Taylor,anthony.taylor433@example.com,40,M,Brazil,Curitiba,Organic,2023-04-16 21:13:19
3882,Sarah,Lee,sarah.lee858@example.com,18,F,Mexico,Puebla,Search,2023-10-18 00:26:45
3883,Amanda,Lee,amanda.lee672@example.com,33,F,United States,Los Angeles,Organic,2022-05-06 08:53:03
3884,Charles,Smith,charles.smith774@example.com,45,M,Spain,Bilbao,Search,2022-01-13 17:11:00
3885,Lisa,Jones,lisa.jones468@example.com,38,F,Colombia,Cali,Facebook,2023-03-08 18:52:31
3886,Margaret,Thomas,margaret.thomas389@example.com,40,F,United States,Los Angeles,Email,2022-06-05 08:07:26
3887,Margaret,Martin,margaret.martin752@example.com,25,F,Spain,Seville,Search,2022-04-30 12:13:00
3888,Robert,Lee,robert.lee468@example.com,38,M,China,Shanghai,Search,2022-04-04 14:43:52
3889,Sarah,Thomas,sarah.thomas407@example.com,33,F,Colombia,Medellín,Email,2022-10-26 16:28:51
3890,Stephanie,Williams,stephanie.williams397@example.com,32,F,Belgium,Charleroi,Facebook,2022-07-15 16:59:26
3891,Elizabeth,Thomas,elizabeth.thomas124@example.com,26,F,Colombia,Barranquilla,Facebook,2022-06-08 14:20:16
3892,Lisa,Garcia,lisa.garcia784@example.com,45,F,United States,Chicago,Email,2022-11-30 21:01:42
3893,Kevin,Moore,kevin.moore850@example.com,39,M,Japan,Tokyo,Facebook,2022-10-06 19:19:24
3894,Michelle,Hernandez,michelle.hernandez29@example.com,37,F,Poland,Łódź,Facebook,2024-11-25 02:00:14
3895,Amanda,Brown,amanda.brown402@example.com,59,F,France,Paris,Organic,2023-12-01 21:42:13
3896,Matthew,Moore,matthew.moore671@example.com,40,M,France,Nice,Display,2024-01-11 17:36:50
3897,Andrew,Lee,andrew.lee150@example.com,49,M,United States,Houston,Facebook,2024-01-22 10:53:58
3898,Robert,Hernandez,robert.hernandez302@example.com,38,M,Colombia,Bogotá,Search,2022-03-01 23:07:35
3899,Sarah,Moore,sarah.moore960@example.com,30,F,United States,Chicago,Facebook,2023-06-25 14:57:35
3900,William,Johnson,william.johnson778@example.com,22,M,United States,Houston,Search,2023-10-28 01:33:20
3901,Patricia,Garcia,patricia.garcia876@example.com,37,F,Poland,Łódź,Organic,2024-10-25 05:25:16
3902,Matthew,Williams,matthew.williams982@example.com,18,M,Austria,Salzburg,Search,2023-04-24 03:32:15
3903,Mark,Garcia,mark.garcia681@example.com,38,M,Mexico,Monterrey,Facebook,2022-10-27 20:43:00
3904,Karen,Davis,karen.davis279@example.com,38,F,China,Guangzhou,Organic,2024-04-05 16:09:42
3905,David,Rodriguez,david.rodriguez952@example.com,32,M,United States,Chicago,Facebook,2022-07-22 05:12:51
3906,Margaret,Miller,margaret.miller445@example.com,33,F,China,Chengdu,Facebook,2024-08-25 21:37:45
3907,Joseph,Hernandez,joseph.hernandez538@example.com,19,M,United States,Boston,Search,2023-01-26 14:17:16
3908,Melissa,Jones,melissa.jones547@example.com,51,F,Colombia,Cali,Organic,2022-03-13 09:48:12
3909,Michael,Miller,michael.miller548@example.com,30,M,United Kingdom,Leeds,Organic,2023-01-21 20:17:38
3910,Elizabeth,Moore,elizabeth.moore550@example.com,23,F,Brazil,Rio de Janeiro,Facebook,2024-12-09 00:37:35
3911,Karen,Lopez,karen.lopez776@example.com,41,F,United States,Phoenix,Display,2023-04-19 17:52:37
3912,John,Smith,john.smith157@example.com,36,M,Brazil,Curitiba,Organic,2022-03-05 09:45:00
3913,David,Miller,david.miller441@example.com,30,M,Colombia,Medellín,Facebook,2023-02-13 03:28:44
3914,Charles,Moore,charles.moore583@example.com,29,M,Spain,Seville,Display,2024-03-12 22:46:17
3915,Mary,Brown,mary.brown557@example.com,34,F,United States,Denver,Facebook,2022-03-01 10:59:28
3916,Margaret,Martin,margaret.martin723@example.com,51,F,United States,Boston,Organic,2024-09-15 22:18:30
3917,Joshua,Garcia,joshua.garcia334@example.com,40,M,Brazil,Rio de Janeiro,Organic,2024-04-04 11:29:19
3918,Daniel,Wilson,daniel.wilson943@example.com,34,M,United States,Phoenix,Email,2024-04-03 03:10:47
3919,Rebecca,Martinez,rebecca.martinez15@example.com,45,F,Poland,Kraków,Organic,2024-04-04 10:18:29
3920,Nancy,Wilson,nancy.wilson724@example.com,35,F,Germany,Hamburg,Search,2022-06-15 02:44:43
3921,Jennifer,Taylor,jennifer.taylor170@example.com,39,F,United States,Miami,Organic,2024-05-27 18:17:34
3922,Anthony,Williams,anthony.williams603@example.com,36,M,Australia,Melbourne,Search,2022-08-16 18:02:55
3923,Sarah,Davis,sarah.davis24@example.com,42,F,Brazil,Rio de Janeiro,Facebook,2022-06-18 06:51:49
3924,Patricia,Lopez,patricia.lopez233@example.com,29,F,United States,Chicago,Display,2022-02-15 02:11:09
3925,Joshua,Garcia,joshua.garcia391@example.com,21,M,United Kingdom,Leeds,Display,2022-05-24 12:34:12
3926,Kenneth,Davis,kenneth.davis98@example.com,45,M,United States,Boston,Facebook,2024-08-26 03:39:36
3927,Daniel,Jackson,daniel.jackson328@example.com,53,M,China,Shanghai,Email,2022-03-08 19:30:47
3928,Jessica,Jones,jessica.jones634@example.com,21,F,South Korea,Daejeon,Email,2023-12-10 18:33:57
3929,Anthony,Brown,anthony.brown162@example.com,37,M,Poland,Warsaw,Display,2022-02-28 17:37:35
3930,Ashley,Lopez,ashley.lopez624@example.com,29,F,United States,San Francisco,Email,2024-11-18 13:39:14
3931,Ashley,Johnson,ashley.johnson467@example.com,45,F,Germany,Berlin,Email,2023-09-08 12:17:59
3932,Mary,Smith,mary.smith838@example.com,37,F,United States,Boston,Search,2023-07-18 13:43:16
3933,Patricia,Jackson,patricia.jackson637@example.com,74,F,United Kingdom,Leeds,Search,2022-03-25 23:40:50
3934,Thomas,Garcia,thomas.garcia446@example.com,31,M,United States,Houston,Search,2024-08-08 14:55:15
3935,Michelle,Williams,michelle.williams824@example.com,53,F,United Kingdom,Leeds,Facebook,2023-04-11 10:37:11
3936,Michael,Anderson,michael.anderson172@example.com,54,M,United States,Denver,Display,2022-06-03 08:03:26
3937,Rebecca,Martinez,rebecca.martinez567@example.com,41,F,Austria,Vienna,Display,2024-02-17 01:56:34
3938,Karen,Martinez,karen.martinez225@example.com,35,F,Belgium,Ghent,Email,2024-10-30 17:15:19
3939,Stephanie,Rodriguez,stephanie.rodriguez450@example.com,36,F,United States,Chicago,Email,2022-01-17 13:44:29
3940,Elizabeth,Williams,elizabeth.williams476@example.com,35,F,Japan,Yokohama,Organic,2022-08-10 00:32:51
3941,Kevin,Jackson,kevin.jackson598@example.com,48,M,United States,San Francisco,Organic,2023-12-01 13:42:11
3942,Jennifer,Smith,jennifer.smith312@example.com,24,F,Japan,Yokohama,Facebook,2022-03-10 03:19:17
3943,Amanda,Martinez,amanda.martinez661@example.com,33,F,United States,Seattle,Search,2024-04-09 02:47:31
3944,Margaret,Garcia,margaret.garcia180@example.com,31,F,United States,Seattle,Email,2023-10-31 03:10:44
3945,Andrew,Wilson,andrew.wilson167@example.com,18,M,Germany,Berlin,Facebook,2023-08-11 15:41:24
3946,Daniel,Hernandez,daniel.hernandez108@example.com,45,M,China,Chengdu,Search,2022-12-26 03:49:15
3947,Melissa,Davis,melissa.davis480@example.com,47,F,United Kingdom,London,Facebook,2023-06-05 18:33:03
3948,Charles,Hernandez,charles.hernandez412@example.com,27,M,United Kingdom,Manchester,Facebook,2022-04-01 10:53:05
3949,Amanda,Jones,amanda.jones824@example.com,47,F,United States,San Francisco,Email,2024-03-11 06:29:52
3950,Susan,Williams,susan.williams337@example.com,18,F,United States,Denver,Email,2023-11-04 10:56:37
3951,Karen,Martin,karen.martin580@example.com,35,F,France,Toulouse,Search,2023-08-04 01:22:23
3952,William,Wilson,william.wilson964@example.com,33,M,France,Paris,Email,2024-05-07 21:35:46
3953,Ashley,Anderson,ashley.anderson615@example.com,36,F,United States,Chicago,Search,2023-07-12 15:57:29
3954,Thomas,Lee,thomas.lee855@example.com,35,M,Brazil,São Paulo,Organic,2023-03-18 09:18:02
3955,Charles,Martin,charles.martin509@example.com,34,M,France,Marseille,Organic,2024-05-27 23:44:03
3956,Ashley,Lopez,ashley.lopez184@example.com,30,F,Germany,Frankfurt,Email,2024-10-20 16:07:54
3957,James,Taylor,james.taylor449@example.com,33,M,South Korea,Daegu,Display,2024-07-06 02:56:20
3958,William,Hernandez,william.hernandez752@example.com,51,M,Brazil,Salvador,Search,2023-07-14 15:14:40
3959,Kenneth,Jones,kenneth.jones116@example.com,28,M,United Kingdom,Leeds,Facebook,2023-02-08 10:01:53
3960,Elizabeth,Wilson,elizabeth.wilson480@example.com,62,F,United Kingdom,Edinburgh,Email,2022-05-24 04:05:23
3961,Emily,Martin,emily.martin517@example.com,27,F,United States,Boston,Display,2023-03-31 22:47:26
3962,Kevin,Jackson,kevin.jackson925@example.com,37,M,United States,Chicago,Search,2024-06-29 15:42:34
3963,William,Hernandez,william.hernandez976@example.com,41,M,United States,Houston,Search,2024-05-26 19:58:43
3964,Elizabeth,Martin,elizabeth.martin607@example.com,31,F,South Korea,Seoul,Organic,2022-05-21 11:34:22
3965,Richard,Brown,richard.brown212@example.com,51,M,United States,Chicago,Display,2023-08-20 15:08:00
3966,Emily,Smith,emily.smith204@example.com,41,F,France,Marseille,Organic,2024-01-03 16:10:21
3967,Linda,Rodriguez,linda.rodriguez598@example.com,32,F,United Kingdom,Leeds,Organic,2024-01-23 01:27:24
3968,Jessica,Jones,jessica.jones196@example.com,51,F,Brazil,Curitiba,Display,2024-08-16 12:43:00
3969,Rebecca,Lee,rebecca.lee673@example.com,22,F,South Korea,Incheon,Organic,2022-03-24 07:35:59
3970,Linda,Williams,linda.williams966@example.com,28,F,Spain,Bilbao,Facebook,2023-05-24 22:53:02
3971,Margaret,Hernandez,margaret.hernandez187@example.com,41,F,United States,San Francisco,Display,2022-04-15 10:17:25
3972,Kevin,Taylor,kevin.taylor917@example.com,44,M,Japan,Nagoya,Organic,2024-03-04 19:51:24
3973,William,Williams,william.williams39@example.com,38,M,China,Chengdu,Search,2023-08-06 07:44:30
3974,Jennifer,Smith,jennifer.smith482@example.com,33,F,United States,Phoenix,Search,2023-04-19 14:32:43
3975,Joseph,Lopez,joseph.lopez386@example.com,31,M,Spain,Bilbao,Facebook,2024-06-16 01:17:59
3976,Karen,Martin,karen.martin563@example.com,48,F,Germany,Cologne,Search,2024-07-15 15:11:15
3977,Emily,Smith,emily.smith483@example.com,37,F,United States,Houston,Search,2022-12-13 14:43:34
3978,Mary,Smith,mary.smith547@example.com,24,F,Mexico,Mexico City,Search,2024-06-12 02:56:24
3979,William,Martin,william.martin121@example.com,23,M,Germany,Berlin,Organic,2024-11-17 21:24:57
3980,Nancy,Wilson,nancy.wilson762@example.com,53,F,France,Nice,Email,2022-02-26 20:10:18
3981,Elizabeth,Thomas,elizabeth.thomas943@example.com,26,F,United States,Phoenix,Organic,2024-04-12 13:20:58
3982,William,Garcia,william.garcia474@example.com,38,M,United States,San Francisco,Email,2022-05-07 13:55:24
3983,Donna,Miller,donna.miller856@example.com,51,F,China,Beijing,Display,2024-05-05 23:22:56
3984,Margaret,Martinez,margaret.martinez123@example.com,41,F,France,Lyon,Facebook,2024-01-15 07:47:06
3985,Margaret,Jones,margaret.jones731@example.com,25,F,United Kingdom,Birmingham,Facebook,2024-07-02 06:24:43
3986,Stephanie,Rodriguez,stephanie.rodriguez324@example.com,22,F,Japan,Kyoto,Search,2023-09-21 15:57:26
3987,Steven,Lee,steven.lee669@example.com,57,M,United States,Los Angeles,Organic,2022-10-06 15:56:59
3988,Michael,Thomas,michael.thomas568@example.com,22,M,Spain,Seville,Search,2024-02-01 14:37:09
3989,Rebecca,Jackson,rebecca.jackson44@example.com,28,F,Australia,Melbourne,Organic,2022-12-28 16:57:24
3990,James,Martinez,james.martinez351@example.com,39,M,Japan,Osaka,Display,2022-02-04 02:59:43
3991,Anthony,Taylor,anthony.taylor434@example.com,32,M,Japan,Tokyo,Organic,2022-05-10 16:23:15
3992,Michael,Rodriguez,michael.rodriguez812@example.com,41,M,Belgium,Brussels,Search,2024-08-11 01:42:28
3993,William,Wilson,william.wilson110@example.com,18,M,United States,Chicago,Email,2023-02-21 11:45:03
3994,Emily,Thomas,emily.thomas947@example.com,32,F,Spain,Seville,Display,2022-06-07 15:13:00
3995,Michael,Moore,michael.moore48@example.com,43,M,Austria,Salzburg,Email,2022-02-09 05:40:09
3996,Stephanie,Martin,stephanie.martin242@example.com,43,F,United Kingdom,Edinburgh,Search,2022-02-15 02:01:41
3997,Matthew,Williams,matthew.williams143@example.com,28,M,United States,Chicago,Facebook,2024-04-02 21:05:28
3998,Lisa,Taylor,lisa.taylor888@example.com,22,F,Mexico,Monterrey,Organic,2022-05-23 21:40:10
3999,Richard,Thomas,richard.thomas567@example.com,37,M,United States,Chicago,Facebook,2024-05-28 19:12:03
4000,Patricia,Thomas,patricia.thomas715@example.com,19,F,United States,Los Angeles,Facebook,2023-09-05 06:30:25
4001,Daniel,Smith,daniel.smith687@example.com,50,M,United States,San Francisco,Email,2022-08-22 21:59:55
4002,Michelle,Martinez,michelle.martinez586@example.com,36,F,China,Guangzhou,Search,2024-09-13 09:15:44
4003,John,Lee,john.lee299@example.com,26,M,Brazil,Salvador,Display,2023-06-21 10:32:47
4004,Paul,Martin,paul.martin131@example.com,22,M,China,Shanghai,Search,2023-03-08 17:56:07
4005,James,Jones,james.jones436@example.com,27,M,Poland,Łódź,Search,2024-01-06 19:58:12
4006,Michelle,Martinez,michelle.martinez411@example.com,18,F,China,Beijing,Email,2023-12-22 08:13:22
4007,Margaret,Jackson,margaret.jackson436@example.com,40,F,United Kingdom,Manchester,Organic,2024-03-24 01:57:54
4008,Paul,Martin,paul.martin994@example.com,25,M,Belgium,Brussels,Organic,2023-11-04 21:57:45
4009,Kevin,Miller,kevin.miller129@example.com,39,M,Australia,Melbourne,Organic,2024-11-27 12:50:20
4010,Jennifer,Moore,jennifer.moore648@example.com,41,F,United States,Phoenix,Search,2023-04-01 11:36:31
4011,Michelle,Moore,michelle.moore156@example.com,46,F,United States,Los Angeles,Search,2022-08-08 17:10:06
4012,Matthew,Brown,matthew.brown591@example.com,38,M,France,Lyon,Email,2022-05-20 00:36:37
4013,Karen,Smith,karen.smith675@example.com,48,F,South Korea,Incheon,Search,2022-09-28 03:54:15
4014,Emily,Smith,emily.smith36@example.com,51,F,United Kingdom,London,Display,2024-04-26 16:28:02
4015,Mary,Williams,mary.williams460@example.com,38,F,United States,Denver,Email,2024-07-23 23:56:36
4016,Michael,Thomas,michael.thomas321@example.com,38,M,Japan,Osaka,Email,2022-11-16 10:45:35
4017,David,Davis,david.davis487@example.com,28,M,Germany,Frankfurt,Email,2022-04-17 10:45:47
4018,Matthew,Anderson,matthew.anderson488@example.com,23,M,United Kingdom,Leeds,Facebook,2024-02-28 14:36:38
4019,Lisa,Johnson,lisa.johnson472@example.com,50,F,Colombia,Barranquilla,Organic,2024-05-10 12:59:09
4020,Paul,Wilson,paul.wilson641@example.com,42,M,Australia,Melbourne,Display,2022-03-02 08:14:51
4021,Margaret,Thomas,margaret.thomas201@example.com,43,F,Germany,Berlin,Organic,2023-01-03 02:46:46
4022,Lisa,Lee,lisa.lee856@example.com,27,F,Germany,Berlin,Search,2023-05-24 14:17:25
4023,Stephanie,Miller,stephanie.miller840@example.com,54,F,Germany,Munich,Facebook,2022-05-01 23:57:55
4024,Joseph,Hernandez,joseph.hernandez458@example.com,32,M,United Kingdom,Birmingham,Search,2023-10-11 12:09:00
4025,Joseph,Martinez,joseph.martinez907@example.com,25,M,China,Guangzhou,Facebook,2023-06-28 21:29:25
4026,Daniel,Miller,daniel.miller274@example.com,28,M,Spain,Seville,Display,2024-04-20 19:49:21
4027,Ashley,Wilson,ashley.wilson206@example.com,53,F,France,Nice,Facebook,2024-11-09 11:06:08
4028,Linda,Lopez,linda.lopez281@example.com,21,F,China,Chengdu,Search,2022-05-06 09:50:23
4029,Michael,Moore,michael.moore780@example.com,25,M,United States,Houston,Search,2023-05-11 05:06:16
4030,Amanda,Smith,amanda.smith138@example.com,69,F,Spain,Valencia,Organic,2024-06-21 08:14:47
4031,Charles,Jones,charles.jones304@example.com,46,M,Germany,Cologne,Search,2022-01-11 03:39:39
4032,John,Lopez,john.lopez146@example.com,26,M,United States,Miami,Facebook,2024-07-20 08:39:08
4033,Michael,Lopez,michael.lopez444@example.com,22,M,Brazil,Brasília,Email,2023-03-11 06:51:23
4034,Melissa,Martin,melissa.martin305@example.com,18,F,United States,Denver,Facebook,2024-05-18 21:09:57
4035,James,Anderson,james.anderson816@example.com,36,M,Austria,Vienna,Facebook,2023-10-21 08:28:36
4036,William,Smith,william.smith766@example.com,43,M,Colombia,Cali,Organic,2024-10-23 08:32:22
4037,Patricia,Martinez,patricia.martinez884@example.com,53,F,United Kingdom,Edinburgh,Search,2022-06-14 15:27:05
4038,Jennifer,Moore,jennifer.moore413@example.com,18,F,Brazil,Brasília,Facebook,2024-08-13 02:04:36
4039,Joshua,Jackson,joshua.jackson531@example.com,19,M,Spain,Seville,Organic,2023-09-13 03:19:42
4040,John,Moore,john.moore858@example.com,33,M,United Kingdom,London,Organic,2024-04-20 22:28:51
4041,Jessica,Martinez,jessica.martinez712@example.com,68,F,Mexico,Monterrey,Facebook,2024-04-26 09:47:51
4042,Matthew,Williams,matthew.williams948@example.com,45,M,United States,Chicago,Organic,2023-09-27 08:56:43
4043,Anthony,Jones,anthony.jones979@example.com,39,M,United States,Boston,Search,2023-05-11 16:42:42
4044,Amanda,Moore,amanda.moore76@example.com,20,F,United Kingdom,Manchester,Organic,2024-06-04 10:39:14
4045,John,Miller,john.miller235@example.com,18,M,United States,Houston,Search,2023-07-09 01:14:51
4046,Karen,Taylor,karen.taylor710@example.com,35,F,France,Lyon,Facebook,2024-12-03 23:44:52
4047,Richard,Smith,richard.smith99@example.com,33,M,Australia,Perth,Search,2024-01-01 02:19:52
4048,Mark,Martinez,mark.martinez86@example.com,31,M,United States,Boston,Email,2023-11-29 20:44:59
4049,David,Lee,david.lee138@example.com,30,M,China,Beijing,Organic,2023-09-30 23:47:26
4050,Joseph,Jones,joseph.jones72@example.com,26,M,Germany,Munich,Search,2022-09-23 15:39:45
4051,Steven,Smith,steven.smith665@example.com,23,M,South Korea,Daegu,Search,2024-03-30 21:08:03
4052,Kenneth,Garcia,kenneth.garcia276@example.com,51,M,China,Shenzhen,Display,2022-09-29 09:23:22
4053,Michelle,Johnson,michelle.johnson941@example.com,24,F,United States,Phoenix,Organic,2023-11-05 16:33:32
4054,Ashley,Wilson,ashley.wilson102@example.com,31,F,France,Nice,Email,2024-05-21 14:32:41
4055,Daniel,Brown,daniel.brown456@example.com,34,M,China,Shenzhen,Email,2023-05-09 22:22:41
4056,Emily,Jones,emily.jones662@example.com,43,F,Japan,Yokohama,Organic,2024-12-19 10:44:41
4057,Jessica,Lopez,jessica.lopez360@example.com,24,F,United Kingdom,Edinburgh,Organic,2022-06-29 05:15:40
4058,Jennifer,Miller,jennifer.miller715@example.com,46,F,United States,Chicago,Facebook,2022-08-19 06:59:42
4059,Kevin,Anderson,kevin.anderson839@example.com,28,M,Japan,Nagoya,Email,2022-11-29 01:10:51
4060,Anthony,Martin,anthony.martin638@example.com,33,M,United Kingdom,Edinburgh,Organic,2024-11-28 05:49:32
4061,Anthony,Martin,anthony.martin606@example.com,54,M,United States,Phoenix,Display,2023-08-08 19:36:52
4062,Matthew,Thomas,matthew.thomas575@example.com,23,M,United Kingdom,Manchester,Facebook,2022-10-21 18:38:20
4063,Andrew,Lee,andrew.lee992@example.com,43,M,Austria,Vienna,Email,2024-11-23 08:38:49
4064,Susan,Thomas,susan.thomas780@example.com,47,F,Spain,Madrid,Search,2023-03-29 00:27:39
4065,Lisa,Johnson,lisa.johnson61@example.com,38,F,United States,Boston,Organic,2022-10-19 19:49:10
4066,Paul,Lee,paul.lee772@example.com,33,M,Spain,Valencia,Search,2024-09-21 10:16:05
4067,Steven,Lopez,steven.lopez165@example.com,60,M,United States,Seattle,Display,2022-06-19 05:32:59
4068,Kenneth,Smith,kenneth.smith869@example.com,34,M,United Kingdom,Manchester,Search,2024-11-19 04:29:03
4069,Sarah,Wilson,sarah.wilson324@example.com,37,F,United Kingdom,Manchester,Facebook,2022-02-19 21:53:34
4070,Karen,Jones,karen.jones692@example.com,30,F,United States,Denver,Search,2023-09-13 19:33:42
4071,James,Hernandez,james.hernandez738@example.com,36,M,United States,Seattle,Search,2023-09-30 15:23:21
4072,Mary,Anderson,mary.anderson356@example.com,46,F,Austria,Vienna,Organic,2024-11-06 08:22:39
4073,Stephanie,Smith,stephanie.smith962@example.com,31,F,United States,New York,Email,2024-10-15 00:38:23
4074,Elizabeth,Rodriguez,elizabeth.rodriguez524@example.com,18,F,Australia,Adelaide,Search,2024-07-11 10:46:24
4075,Emily,Johnson,emily.johnson422@example.com,41,F,Germany,Berlin,Email,2024-09-29 20:45:14
4076,Michelle,Williams,michelle.williams490@example.com,22,F,United Kingdom,London,Email,2024-08-06 16:52:28
4077,Joshua,Jones,joshua.jones308@example.com,43,M,United States,Houston,Display,2023-07-16 16:40:52
4078,James,Taylor,james.taylor108@example.com,34,M,United States,Boston,Facebook,2024-08-08 17:33:58
4079,Karen,Rodriguez,karen.rodriguez980@example.com,46,F,United States,Seattle,Facebook,2024-04-24 12:36:51
4080,Anthony,Smith,anthony.smith811@example.com,23,M,France,Paris,Facebook,2023-02-27 22:37:07
4081,Ashley,Thomas,ashley.thomas813@example.com,28,F,Mexico,Puebla,Search,2024-08-22 00:12:48
4082,Michael,Hernandez,michael.hernandez912@example.com,30,M,Colombia,Barranquilla,Organic,2022-02-03 13:54:15
4083,Kenneth,Williams,kenneth.williams611@example.com,18,M,United States,Seattle,Email,2022-04-23 14:07:04
4084,David,Lopez,david.lopez983@example.com,48,M,United States,New York,Search,2022-06-30 07:03:41
4085,Melissa,Jones,melissa.jones984@example.com,18,F,United States,New York,Search,2023-08-09 15:05:05
4086,David,Wilson,david.wilson248@example.com,48,M,Mexico,Puebla,Facebook,2022-03-23 13:01:43
4087,Kevin,Martin,kevin.martin440@example.com,40,M,United States,Denver,Email,2022-09-04 07:29:44
4088,Charles,Miller,charles.miller96@example.com,32,M,United States,Denver,Organic,2022-09-23 10:13:28
4089,Mary,Thomas,mary.thomas701@example.com,39,F,France,Marseille,Email,2022-09-23 14:22:21
4090,Elizabeth,Smith,elizabeth.smith111@example.com,38,F,United Kingdom,Birmingham,Organic,2022-03-02 13:07:25
4091,Kevin,Rodriguez,kevin.rodriguez762@example.com,30,M,United States,Los Angeles,Organic,2022-09-03 15:12:42
4092,Jennifer,Jackson,jennifer.jackson803@example.com,38,F,Germany,Berlin,Display,2022-10-31 06:00:09
4093,Paul,Johnson,paul.johnson411@example.com,43,M,United States,Chicago,Organic,2024-04-10 17:12:17
4094,Emily,Martin,emily.martin631@example.com,23,F,United States,Seattle,Facebook,2023-10-07 21:52:14
4095,Joshua,Johnson,joshua.johnson948@example.com,39,M,United States,Phoenix,Display,2022-12-11 13:50:11
4096,Lisa,Martinez,lisa.martinez755@example.com,18,F,Brazil,Salvador,Search,2022-06-04 11:03:12
4097,Michelle,Brown,michelle.brown440@example.com,18,F,Mexico,Guadalajara,Search,2023-07-17 06:14:18
4098,Amanda,Smith,amanda.smith904@example.com,41,F,United Kingdom,Birmingham,Display,2022-12-12 17:43:16
4099,David,Miller,david.miller40@example.com,29,M,Japan,Nagoya,Facebook,2024-02-03 08:24:45
4100,Lisa,Lopez,lisa.lopez226@example.com,24,F,United States,Seattle,Display,2022-09-03 10:17:39
4101,Ashley,Thomas,ashley.thomas327@example.com,34,F,Spain,Bilbao,Email,2024-12-27 13:55:24
4102,Thomas,Miller,thomas.miller364@example.com,30,M,Austria,Salzburg,Facebook,2022-04-15 03:17:09
4103,Karen,Martinez,karen.martinez671@example.com,23,F,Brazil,Salvador,Organic,2024-07-03 04:53:24
4104,Susan,Brown,susan.brown791@example.com,18,F,Mexico,Puebla,Organic,2024-01-11 07:52:15
4105,John,Thomas,john.thomas54@example.com,18,M,France,Lyon,Search,2024-01-08 01:22:52
4106,Linda,Brown,linda.brown259@example.com,43,F,Japan,Kyoto,Organic,2024-09-04 20:43:55
4107,Robert,Jackson,robert.jackson817@example.com,29,M,United States,New York,Email,2023-05-10 10:32:27
4108,Amanda,Brown,amanda.brown506@example.com,46,F,Germany,Berlin,Display,2024-02-24 00:17:39
4109,Robert,Anderson,robert.anderson310@example.com,29,M,United Kingdom,London,Display,2023-08-02 12:52:05
4110,Kevin,Miller,kevin.miller443@example.com,39,M,Austria,Vienna,Display,2024-01-20 05:09:03
4111,Ashley,Lee,ashley.lee605@example.com,33,F,Belgium,Antwerp,Search,2023-08-29 09:41:22
4112,Stephanie,Garcia,stephanie.garcia595@example.com,35,F,Brazil,Salvador,Organic,2024-12-12 09:43:10
4113,Nancy,Martin,nancy.martin828@example.com,36,F,Austria,Salzburg,Search,2022-12-21 00:03:56
4114,Mary,Moore,mary.moore987@example.com,29,F,Belgium,Charleroi,Facebook,2024-03-11 17:54:35
4115,Kenneth,Martinez,kenneth.martinez807@example.com,20,M,France,Paris,Display,2022-07-02 00:39:47
4116,John,Martinez,john.martinez104@example.com,44,M,United States,Phoenix,Email,2022-02-21 13:51:23
4117,Paul,Davis,paul.davis421@example.com,54,M,United States,Phoenix,Email,2024-02-10 03:25:29
4118,James,Rodriguez,james.rodriguez484@example.com,54,M,United States,New York,Organic,2022-08-27 23:31:00
4119,Michelle,Martinez,michelle.martinez629@example.com,28,F,United States,New York,Organic,2022-01-18 03:44:15
4120,Michelle,Williams,michelle.williams958@example.com,26,F,Mexico,Guadalajara,Search,2023-11-30 00:30:15
4121,Patricia,Miller,patricia.miller447@example.com,28,F,United States,Denver,Facebook,2023-11-01 23:10:29
4122,Thomas,Jackson,thomas.jackson348@example.com,32,M,Spain,Barcelona,Organic,2023-12-01 18:05:06
4123,Paul,Lee,paul.lee899@example.com,34,M,France,Lyon,Email,2023-05-13 04:18:15
4124,Margaret,Johnson,margaret.johnson740@example.com,23,F,France,Nice,Organic,2024-06-30 16:41:11
4125,Richard,Thomas,richard.thomas458@example.com,18,M,United States,Houston,Facebook,2022-01-15 00:58:20
4126,Anthony,Jones,anthony.jones928@example.com,35,M,United Kingdom,Leeds,Email,2023-02-17 06:11:02
4127,Charles,Anderson,charles.anderson303@example.com,18,M,France,Nice,Search,2024-12-10 10:22:40
4128,Thomas,Wilson,thomas.wilson241@example.com,33,M,United Kingdom,London,Facebook,2024-02-29 01:20:41
4129,Paul,Jackson,paul.jackson22@example.com,23,M,United States,San Francisco,Email,2023-07-20 08:07:36
4130,Linda,Thomas,linda.thomas82@example.com,44,F,Spain,Barcelona,Display,2024-11-05 09:11:18
4131,Robert,Moore,robert.moore863@example.com,47,M,United States,Los Angeles,Search,2024-10-04 20:26:20
4132,Michelle,Moore,michelle.moore76@example.com,47,F,France,Paris,Facebook,2022-04-26 04:11:32
4133,Patricia,Wilson,patricia.wilson764@example.com,30,F,China,Guangzhou,Organic,2023-08-03 15:08:04
4134,Karen,Rodriguez,karen.rodriguez73@example.com,21,F,United States,Seattle,Search,2024-11-07 17:07:09
4135,Richard,Miller,richard.miller230@example.com,25,M,Australia,Brisbane,Search,2022-07-24 16:07:15
4136,Mark,Miller,mark.miller350@example.com,38,M,United States,Seattle,Facebook,2022-06-22 21:32:32
4137,Charles,Davis,charles.davis215@example.com,18,M,Poland,Łódź,Organic,2023-01-20 08:46:29
4138,Anthony,Garcia,anthony.garcia126@example.com,51,M,Belgium,Brussels,Facebook,2024-11-27 01:19:17
4139,Daniel,Miller,daniel.miller987@example.com,31,M,Brazil,São Paulo,Search,2022-08-31 04:15:03
4140,Amanda,Lopez,amanda.lopez405@example.com,41,F,United States,Houston,Search,2023-11-27 20:54:11
4141,Joshua,Garcia,joshua.garcia423@example.com,18,M,United States,San Francisco,Email,2022-10-17 07:50:47
4142,Thomas,Miller,thomas.miller753@example.com,23,M,Poland,Wrocław,Search,2024-03-17 21:35:24
4143,Thomas,Thomas,thomas.thomas913@example.com,18,M,France,Nice,Search,2024-09-01 22:36:14
4144,Michelle,Miller,michelle.miller298@example.com,47,F,United States,Denver,Search,2022-02-14 12:59:00
4145,Margaret,Williams,margaret.williams453@example.com,33,F,United Kingdom,Manchester,Organic,2023-02-18 05:55:47
4146,Donna,Smith,donna.smith479@example.com,41,F,United States,San Francisco,Organic,2023-09-26 21:21:52
4147,Jennifer,Taylor,jennifer.taylor261@example.com,35,F,United Kingdom,London,Email,2022-07-20 00:35:33
4148,Lisa,Martin,lisa.martin128@example.com,40,F,China,Shenzhen,Facebook,2023-11-27 06:35:56
4149,Patricia,Anderson,patricia.anderson920@example.com,30,F,United States,New York,Search,2023-02-04 04:10:21
4150,Steven,Johnson,steven.johnson697@example.com,32,M,Australia,Adelaide,Search,2022-02-08 14:16:05
4151,Stephanie,Lopez,stephanie.lopez678@example.com,33,F,United States,Phoenix,Email,2023-11-07 21:31:51
4152,Donna,Garcia,donna.garcia318@example.com,39,F,United Kingdom,Leeds,Search,2022-02-11 17:41:57
4153,Kenneth,Miller,kenneth.miller660@example.com,40,M,France,Paris,Search,2022-08-08 23:17:14
4154,Sarah,Martin,sarah.martin135@example.com,68,F,Austria,Salzburg,Search,2022-06-29 06:44:59
4155,Melissa,Moore,melissa.moore118@example.com,55,F,China,Shenzhen,Email,2022-02-25 19:46:55
4156,Linda,Thomas,linda.thomas953@example.com,18,F,Poland,Warsaw,Facebook,2023-03-27 07:55:20
4157,Kevin,Hernandez,kevin.hernandez229@example.com,33,M,Brazil,Rio de Janeiro,Organic,2024-08-12 23:18:52
4158,Jessica,Lopez,jessica.lopez769@example.com,30,F,Colombia,Bogotá,Search,2022-12-01 13:47:08
4159,Lisa,Martin,lisa.martin278@example.com,50,F,United States,New York,Email,2022-09-19 22:42:36
4160,Paul,Anderson,paul.anderson652@example.com,31,M,Spain,Madrid,Search,2024-06-02 15:27:03
4161,Anthony,Lopez,anthony.lopez611@example.com,40,M,United States,Miami,Organic,2024-10-22 07:36:57
4162,Robert,Johnson,robert.johnson722@example.com,18,M,Mexico,Puebla,Email,2022-11-26 21:09:15
4163,John,Lee,john.lee952@example.com,18,M,Austria,Linz,Search,2022-02-21 14:56:43
4164,Elizabeth,Moore,elizabeth.moore425@example.com,60,F,China,Guangzhou,Organic,2024-04-12 18:51:43
4165,Karen,Davis,karen.davis865@example.com,35,F,United Kingdom,London,Facebook,2023-12-14 16:01:41
4166,Joseph,Garcia,joseph.garcia298@example.com,23,M,France,Paris,Facebook,2024-12-28 06:05:32
4167,Joshua,Lee,joshua.lee962@example.com,37,M,United States,New York,Organic,2023-12-30 10:34:25
4168,Patricia,Lee,patricia.lee499@example.com,22,F,Germany,Cologne,Organic,2024-10-15 03:28:46
4169,Joshua,Rodriguez,joshua.rodriguez843@example.com,31,M,Spain,Seville,Organic,2022-06-20 20:25:14
4170,Rebecca,Jones,rebecca.jones824@example.com,18,F,United Kingdom,Edinburgh,Organic,2022-06-30 12:42:15
4171,Anthony,Taylor,anthony.taylor634@example.com,25,M,United States,Boston,Organic,2023-12-30 10:17:53
4172,Andrew,Wilson,andrew.wilson962@example.com,30,M,Poland,Warsaw,Search,2024-03-29 22:32:26
4173,Patricia,Martin,patricia.martin674@example.com,48,F,United States,San Francisco,Organic,2023-03-01 11:06:55
4174,Paul,Hernandez,paul.hernandez605@example.com,40,M,France,Toulouse,Organic,2023-04-17 21:24:12
4175,Rebecca,Lopez,rebecca.lopez253@example.com,42,F,United States,Miami,Organic,2023-02-23 00:53:19
4176,David,Williams,david.williams376@example.com,34,M,United States,Seattle,Facebook,2022-02-22 10:53:36
4177,Jennifer,Wilson,jennifer.wilson7@example.com,44,F,United States,Phoenix,Facebook,2024-08-18 20:09:41
4178,Sarah,Davis,sarah.davis717@example.com,24,F,Brazil,São Paulo,Display,2024-09-20 11:53:43
4179,Donna,Jones,donna.jones606@example.com,26,F,France,Nice,Facebook,2024-11-08 21:27:16
4180,William,Taylor,william.taylor696@example.com,39,M,United Kingdom,Leeds,Facebook,2023-07-07 07:25:54
4181,Karen,Miller,karen.miller628@example.com,31,F,Germany,Cologne,Search,2022-07-06 06:35:38
4182,Rebecca,Jones,rebecca.jones247@example.com,34,F,Germany,Munich,Email,2023-03-19 11:57:10
4183,Michael,Lee,michael.lee998@example.com,33,M,United States,Los Angeles,Organic,2024-01-20 02:07:17
4184,Steven,Lee,steven.lee435@example.com,50,M,United States,Boston,Email,2022-07-09 18:43:57
4185,Lisa,Martinez,lisa.martinez699@example.com,50,F,France,Nice,Display,2022-06-19 09:46:58
4186,William,Garcia,william.garcia134@example.com,27,M,Germany,Cologne,Search,2024-12-22 16:47:39
4187,Margaret,Brown,margaret.brown596@example.com,18,F,United Kingdom,Birmingham,Display,2022-02-08 07:48:48
4188,Karen,Wilson,karen.wilson402@example.com,26,F,United States,Boston,Facebook,2023-10-18 01:10:11
4189,Paul,Wilson,paul.wilson926@example.com,24,M,Australia,Melbourne,Facebook,2022-06-13 17:40:14
4190,Amanda,Wilson,amanda.wilson762@example.com,44,F,United States,Miami,Organic,2022-01-24 23:57:51
4191,Amanda,Taylor,amanda.taylor933@example.com,46,F,France,Marseille,Organic,2023-11-26 22:45:20
4192,Matthew,Martinez,matthew.martinez314@example.com,22,M,United States,Los Angeles,Email,2022-07-21 10:46:25
4193,Karen,Anderson,karen.anderson659@example.com,25,F,Germany,Frankfurt,Search,2024-03-06 10:46:27
4194,Mark,Anderson,mark.anderson632@example.com,18,M,Brazil,Rio de Janeiro,Organic,2024-06-21 22:16:08
4195,Joseph,Taylor,joseph.taylor251@example.com,36,M,Spain,Madrid,Search,2023-07-10 04:55:24
4196,Sarah,Thomas,sarah.thomas327@example.com,34,F,United States,Miami,Search,2022-07-02 18:41:47
4197,William,Smith,william.smith674@example.com,44,M,United Kingdom,Leeds,Facebook,2024-11-08 01:46:23
4198,Margaret,Wilson,margaret.wilson147@example.com,40,F,United States,Houston,Email,2023-02-12 16:00:02
4199,Paul,Lee,paul.lee400@example.com,42,M,Germany,Cologne,Email,2024-04-16 18:27:47
4200,Melissa,Lopez,melissa.lopez740@example.com,18,F,United States,Miami,Facebook,2022-07-31 05:10:53
4201,Joseph,Hernandez,joseph.hernandez840@example.com,27,M,United States,New York,Facebook,2022-06-26 23:19:36
4202,Ashley,Wilson,ashley.wilson589@example.com,46,F,Spain,Barcelona,Display,2024-01-09 09:25:50
4203,Susan,Lopez,susan.lopez669@example.com,28,F,United States,Boston,Organic,2022-08-16 16:36:01
4204,Mary,Rodriguez,mary.rodriguez824@example.com,18,F,United States,Los Angeles,Facebook,2023-08-07 11:03:42
4205,Lisa,Lee,lisa.lee231@example.com,44,F,South Korea,Daejeon,Email,2023-10-15 17:02:01
4206,Donna,Johnson,donna.johnson678@example.com,28,F,Australia,Brisbane,Email,2022-05-14 20:04:58
4207,Jessica,Moore,jessica.moore735@example.com,47,F,Colombia,Cali,Email,2022-12-31 23:08:23
4208,Stephanie,Brown,stephanie.brown816@example.com,34,F,United States,Seattle,Organic,2022-07-31 15:29:59
4209,Michelle,Jones,michelle.jones607@example.com,31,F,United Kingdom,Birmingham,Organic,2022-01-01 23:28:12
4210,Ashley,Wilson,ashley.wilson155@example.com,51,F,Japan,Kyoto,Facebook,2024-11-05 06:40:58
4211,Amanda,Wilson,amanda.wilson51@example.com,19,F,United States,San Francisco,Facebook,2022-01-27 14:27:14
4212,Matthew,Martin,matthew.martin614@example.com,52,M,Spain,Seville,Organic,2024-06-27 05:20:44
4213,Donna,Garcia,donna.garcia277@example.com,27,F,United States,Miami,Search,2023-03-23 20:50:28
4214,Amanda,Smith,amanda.smith367@example.com,36,F,Poland,Kraków,Search,2022-10-31 06:47:39
4215,Andrew,Garcia,andrew.garcia461@example.com,37,M,France,Marseille,Organic,2023-07-28 08:36:40
4216,Michael,Hernandez,michael.hernandez746@example.com,29,M,China,Guangzhou,Search,2024-09-29 23:40:16
4217,Jennifer,Davis,jennifer.davis354@example.com,25,F,China,Guangzhou,Organic,2023-12-17 09:12:59
4218,Thomas,Garcia,thomas.garcia579@example.com,30,M,United States,Seattle,Search,2022-03-30 05:30:39
4219,Joshua,Martin,joshua.martin497@example.com,22,M,United States,Phoenix,Search,2024-04-15 15:18:52
4220,Joshua,Lopez,joshua.lopez55@example.com,58,M,Spain,Valencia,Email,2024-04-15 22:10:27
4221,Andrew,Anderson,andrew.anderson691@example.com,29,M,United Kingdom,Birmingham,Organic,2024-11-26 18:58:59
4222,Amanda,Thomas,amanda.thomas533@example.com,48,F,United Kingdom,Birmingham,Email,2022-08-10 05:10:33
4223,Emily,Rodriguez,emily.rodriguez221@example.com,47,F,United States,Los Angeles,Search,2024-07-07 13:22:49
4224,Stephanie,Thomas,stephanie.thomas743@example.com,39,F,Spain,Valencia,Search,2023-02-10 05:56:31
4225,Mary,Lee,mary.lee100@example.com,33,F,Brazil,Brasília,Search,2023-01-25 18:06:46
4226,Jennifer,Thomas,jennifer.thomas263@example.com,37,F,United States,New York,Search,2023-11-25 07:46:37
4227,Anthony,Garcia,anthony.garcia239@example.com,41,M,Austria,Salzburg,Search,2023-08-09 11:45:14
4228,Linda,Taylor,linda.taylor654@example.com,36,F,China,Guangzhou,Organic,2022-09-09 12:14:33
4229,Kenneth,Jones,kenneth.jones988@example.com,18,M,United Kingdom,London,Search,2022-08-25 10:22:40
4230,Andrew,Johnson,andrew.johnson840@example.com,18,M,Mexico,Mexico City,Email,2023-12-14 00:30:34
4231,Elizabeth,Rodriguez,elizabeth.rodriguez139@example.com,53,F,Brazil,Brasília,Organic,2024-11-26 18:49:56
4232,Michelle,Hernandez,michelle.hernandez66@example.com,18,F,Austria,Salzburg,Search,2022-09-09 07:19:44
4233,Robert,Martinez,robert.martinez788@example.com,37,M,Spain,Valencia,Email,2023-08-10 07:26:24
4234,Melissa,Garcia,melissa.garcia577@example.com,32,F,France,Nice,Organic,2022-12-02 22:55:56
4235,John,Garcia,john.garcia358@example.com,36,M,United States,Los Angeles,Organic,2022-10-01 09:20:03
4236,Charles,Martin,charles.martin886@example.com,21,M,United States,San Francisco,Facebook,2024-05-20 18:00:22
4237,Joseph,Garcia,joseph.garcia179@example.com,39,M,China,Chengdu,Facebook,2024-03-03 19:52:12
4238,Joseph,Taylor,joseph.taylor127@example.com,37,M,United States,Denver,Facebook,2023-06-09 23:48:08
4239,Stephanie,Garcia,stephanie.garcia499@example.com,68,F,United States,Chicago,Display,2023-06-19 05:45:27
4240,William,Williams,william.williams269@example.com,36,M,France,Toulouse,Organic,2023-04-11 20:28:37
4241,Donna,Johnson,donna.johnson232@example.com,51,F,Spain,Madrid,Organic,2024-12-27 09:56:05
4242,William,Jones,william.jones625@example.com,18,M,United States,Los Angeles,Email,2024-11-01 22:08:29
4243,Elizabeth,Moore,elizabeth.moore305@example.com,47,F,Spain,Bilbao,Facebook,2022-03-23 19:23:39
4244,Jessica,Martinez,jessica.martinez585@example.com,37,F,Austria,Linz,Display,2024-06-12 13:19:32
4245,Melissa,Anderson,melissa.anderson566@example.com,38,F,Japan,Osaka,Email,2023-01-03 08:12:31
4246,John,Lee,john.lee792@example.com,38,M,Australia,Adelaide,Organic,2023-12-17 00:58:14
4247,Jennifer,Smith,jennifer.smith975@example.com,55,F,Spain,Bilbao,Facebook,2024-10-28 07:52:04
4248,Jessica,Williams,jessica.williams628@example.com,38,F,United States,New York,Organic,2023-04-07 14:01:25
4249,Thomas,Martin,thomas.martin287@example.com,25,M,Brazil,São Paulo,Search,2023-05-21 00:20:03
4250,Joshua,Lopez,joshua.lopez575@example.com,27,M,Austria,Vienna,Organic,2023-11-17 15:58:22
4251,Robert,Wilson,robert.wilson482@example.com,44,M,Germany,Frankfurt,Search,2022-12-08 09:57:35
4252,Matthew,Miller,matthew.miller451@example.com,40,M,Australia,Brisbane,Facebook,2022-10-16 17:07:46
4253,Richard,Moore,richard.moore345@example.com,18,M,Austria,Linz,Facebook,2023-10-25 08:02:30
4254,James,Wilson,james.wilson79@example.com,41,M,United States,Phoenix,Display,2022-08-16 09:46:51
4255,Anthony,Garcia,anthony.garcia247@example.com,22,M,United States,Phoenix,Search,2023-12-29 14:53:25
4256,Jessica,Wilson,jessica.wilson590@example.com,40,F,Germany,Frankfurt,Organic,2022-10-01 06:05:10
4257,Kevin,Smith,kevin.smith71@example.com,25,M,United States,New York,Organic,2022-04-12 14:58:50
4258,Daniel,Jones,daniel.jones157@example.com,31,M,United Kingdom,Birmingham,Organic,2022-04-21 17:11:22
4259,Ashley,Jones,ashley.jones570@example.com,28,F,Australia,Melbourne,Search,2022-10-12 00:41:59
4260,Joshua,Taylor,joshua.taylor994@example.com,53,M,France,Toulouse,Organic,2022-04-22 20:36:54
4261,William,Thomas,william.thomas167@example.com,39,M,United States,Los Angeles,Facebook,2022-12-05 07:52:15
4262,Mark,Johnson,mark.johnson79@example.com,50,M,Spain,Madrid,Organic,2023-04-03 16:31:07
4263,Kenneth,Martin,kenneth.martin349@example.com,69,M,United States,Phoenix,Facebook,2022-09-27 03:54:02
4264,James,Moore,james.moore76@example.com,35,M,Belgium,Antwerp,Search,2023-08-08 22:22:04
4265,Kenneth,Rodriguez,kenneth.rodriguez895@example.com,53,M,United States,San Francisco,Organic,2023-02-24 06:01:25
4266,William,Jones,william.jones786@example.com,26,M,Colombia,Barranquilla,Display,2022-03-29 15:28:02
4267,Lisa,Rodriguez,lisa.rodriguez117@example.com,50,F,China,Guangzhou,Search,2023-01-02 12:08:21
4268,Amanda,Lopez,amanda.lopez101@example.com,25,F,Brazil,Rio de Janeiro,Search,2022-01-14 05:25:26
4269,Robert,Wilson,robert.wilson540@example.com,34,M,China,Guangzhou,Display,2024-03-11 21:45:39
4270,Steven,Miller,steven.miller405@example.com,41,M,United States,San Francisco,Search,2023-04-30 23:11:31
4271,Charles,Williams,charles.williams693@example.com,43,M,China,Beijing,Organic,2023-10-18 19:59:55
4272,Karen,Wilson,karen.wilson926@example.com,19,F,South Korea,Seoul,Organic,2022-06-05 22:46:00
4273,Rebecca,Thomas,rebecca.thomas334@example.com,24,F,Australia,Sydney,Facebook,2023-04-15 23:13:35
4274,Steven,Garcia,steven.garcia787@example.com,42,M,United States,Chicago,Facebook,2024-06-05 00:52:44
4275,Kevin,Wilson,kevin.wilson333@example.com,30,M,Germany,Cologne,Facebook,2022-08-08 00:06:20
4276,Daniel,Lopez,daniel.lopez233@example.com,18,M,Colombia,Medellín,Display,2024-12-13 12:25:01
4277,Jessica,Hernandez,jessica.hernandez969@example.com,34,F,Australia,Brisbane,Organic,2023-04-06 14:24:15
4278,Melissa,Smith,melissa.smith251@example.com,33,F,Brazil,Rio de Janeiro,Organic,2022-05-30 08:36:17
4279,Charles,Miller,charles.miller143@example.com,37,M,United States,Chicago,Display,2022-07-17 15:07:12
4280,Mary,Davis,mary.davis592@example.com,41,F,Poland,Łódź,Search,2023-05-21 21:43:29
4281,William,Moore,william.moore595@example.com,40,M,Brazil,São Paulo,Display,2024-11-08 14:23:35
4282,Jessica,Moore,jessica.moore486@example.com,25,F,Brazil,Salvador,Display,2023-06-01 15:35:08
4283,Stephanie,Jackson,stephanie.jackson88@example.com,30,F,Japan,Nagoya,Display,2022-07-10 06:46:15
4284,Thomas,Martinez,thomas.martinez117@example.com,46,M,United States,Denver,Search,2023-03-01 21:12:59
4285,Joshua,Miller,joshua.miller757@example.com,28,M,South Korea,Busan,Facebook,2024-07-29 06:02:28
4286,Stephanie,Martinez,stephanie.martinez159@example.com,30,F,United States,Denver,Email,2024-12-13 20:24:40
4287,Daniel,Taylor,daniel.taylor276@example.com,18,M,Japan,Osaka,Organic,2023-11-06 01:27:44
4288,Michelle,Wilson,michelle.wilson802@example.com,34,F,Austria,Vienna,Facebook,2024-08-06 04:07:44
4289,Mark,Wilson,mark.wilson338@example.com,39,M,Mexico,Guadalajara,Search,2024-06-06 20:17:34
4290,Emily,Rodriguez,emily.rodriguez345@example.com,18,F,Poland,Warsaw,Search,2023-04-10 14:06:01
4291,David,Anderson,david.anderson915@example.com,22,M,Colombia,Medellín,Email,2024-08-30 23:23:33
4292,Mark,Jackson,mark.jackson798@example.com,18,M,United States,Denver,Display,2022-03-24 10:38:03
4293,James,Anderson,james.anderson707@example.com,44,M,Austria,Salzburg,Search,2024-05-30 08:43:27
4294,Michael,Rodriguez,michael.rodriguez190@example.com,18,M,Poland,Kraków,Search,2023-09-29 11:39:32
4295,John,Moore,john.moore284@example.com,34,M,United Kingdom,Manchester,Facebook,2023-10-08 06:40:11
4296,Susan,Martin,susan.martin599@example.com,43,F,Brazil,Rio de Janeiro,Search,2024-10-21 00:29:54
4297,Thomas,Taylor,thomas.taylor838@example.com,37,M,United States,Los Angeles,Facebook,2022-10-20 08:35:55
4298,James,Jackson,james.jackson505@example.com,29,M,France,Paris,Facebook,2022-08-05 11:43:19
4299,Steven,Garcia,steven.garcia743@example.com,39,M,Spain,Bilbao,Organic,2023-12-24 16:57:14
4300,Mark,Rodriguez,mark.rodriguez326@example.com,47,M,Brazil,Salvador,Email,2024-03-23 01:40:32
4301,Jessica,Jones,jessica.jones365@example.com,33,F,Brazil,Salvador,Search,2022-01-06 07:17:18
4302,Margaret,Davis,margaret.davis608@example.com,18,F,United Kingdom,Manchester,Organic,2023-07-02 08:06:46
4303,Joshua,Thomas,joshua.thomas566@example.com,48,M,United States,Denver,Email,2023-02-18 07:48:51
4304,Melissa,Anderson,melissa.anderson125@example.com,39,F,Austria,Vienna,Search,2024-06-16 08:51:31
4305,Melissa,Smith,melissa.smith388@example.com,34,F,United States,Boston,Search,2024-07-28 11:17:08
4306,Lisa,Taylor,lisa.taylor855@example.com,18,F,United States,San Francisco,Facebook,2022-06-02 01:07:17
4307,William,Brown,william.brown533@example.com,31,M,United States,Houston,Search,2023-09-28 16:29:28
4308,Joseph,Brown,joseph.brown742@example.com,24,M,Colombia,Barranquilla,Organic,2024-03-01 18:22:52
4309,John,Hernandez,john.hernandez825@example.com,20,M,Colombia,Medellín,Email,2022-10-13 09:11:26
4310,Elizabeth,Jones,elizabeth.jones287@example.com,33,F,United States,Chicago,Search,2024-10-19 10:42:39
4311,Melissa,Lee,melissa.lee235@example.com,28,F,United States,Seattle,Organic,2024-09-03 22:30:44
4312,Richard,Williams,richard.williams579@example.com,29,M,China,Guangzhou,Search,2022-07-08 12:44:49
4313,Daniel,Brown,daniel.brown479@example.com,43,M,United States,Seattle,Facebook,2022-01-17 17:16:15
4314,Mary,Taylor,mary.taylor901@example.com,38,F,Spain,Valencia,Organic,2023-09-25 22:41:27
4315,Donna,Garcia,donna.garcia183@example.com,29,F,United States,Houston,Email,2024-08-24 19:16:15
4316,David,Thomas,david.thomas422@example.com,27,M,United Kingdom,Birmingham,Search,2024-01-18 10:26:18
4317,Donna,Anderson,donna.anderson49@example.com,29,F,Brazil,Curitiba,Email,2024-04-11 14:27:26
4318,Daniel,Brown,daniel.brown363@example.com,32,M,China,Beijing,Email,2024-02-28 07:21:08
4319,William,Lopez,william.lopez587@example.com,42,M,Brazil,Curitiba,Email,2022-06-10 06:46:03
4320,Sarah,Hernandez,sarah.hernandez798@example.com,22,F,United States,Los Angeles,Facebook,2022-03-15 16:35:57
4321,Stephanie,Johnson,stephanie.johnson843@example.com,52,F,United States,Los Angeles,Search,2022-03-10 21:07:32
4322,Amanda,Taylor,amanda.taylor2@example.com,42,F,United States,Houston,Organic,2024-12-13 04:40:15
4323,Michael,Jackson,michael.jackson871@example.com,18,M,United States,New York,Organic,2024-11-07 14:27:56
4324,Richard,Martin,richard.martin686@example.com,36,M,Mexico,Puebla,Search,2024-07-02 01:40:15
4325,Michael,Johnson,michael.johnson202@example.com,47,M,United States,Houston,Organic,2022-03-15 09:37:55
4326,Matthew,Brown,matthew.brown216@example.com,39,M,United States,Los Angeles,Facebook,2024-08-31 02:12:16
4327,James,Moore,james.moore776@example.com,30,M,United States,Seattle,Organic,2024-12-02 06:27:19
4328,John,Miller,john.miller693@example.com,34,M,Japan,Nagoya,Display,2024-05-09 07:00:55
4329,Daniel,Wilson,daniel.wilson206@example.com,37,M,Poland,Wrocław,Facebook,2023-04-06 14:07:52
4330,Daniel,Miller,daniel.miller438@example.com,44,M,Australia,Sydney,Organic,2022-04-12 20:31:18
4331,Richard,Jones,richard.jones857@example.com,18,M,France,Toulouse,Organic,2023-01-23 02:05:37
4332,Margaret,Wilson,margaret.wilson21@example.com,27,F,Australia,Melbourne,Facebook,2022-08-12 10:35:04
4333,Thomas,Jones,thomas.jones511@example.com,54,M,Brazil,Curitiba,Organic,2023-12-13 19:09:24
4334,Melissa,Williams,melissa.williams873@example.com,35,F,Colombia,Cali,Search,2024-08-24 15:43:37
4335,Karen,Hernandez,karen.hernandez4@example.com,53,F,Australia,Perth,Organic,2023-06-28 04:06:30
4336,Patricia,Brown,patricia.brown546@example.com,70,F,United States,Denver,Facebook,2022-02-22 17:34:53
4337,William,Brown,william.brown558@example.com,29,M,China,Chengdu,Organic,2023-03-04 02:27:22
4338,Michael,Taylor,michael.taylor313@example.com,20,M,United States,Los Angeles,Search,2024-05-25 17:04:40
4339,Susan,Hernandez,susan.hernandez539@example.com,31,F,United States,Miami,Search,2023-12-02 23:27:01
4340,Emily,Hernandez,emily.hernandez702@example.com,48,F,South Korea,Seoul,Organic,2022-02-14 15:36:46
4341,Mark,Williams,mark.williams284@example.com,49,M,United States,Boston,Search,2023-01-19 07:44:54
4342,Joseph,Brown,joseph.brown495@example.com,62,M,Spain,Seville,Email,2023-01-21 07:38:39
4343,Karen,Davis,karen.davis536@example.com,34,F,Mexico,Mexico City,Facebook,2022-02-07 14:48:54
4344,Daniel,Davis,daniel.davis35@example.com,40,M,China,Beijing,Search,2023-01-18 21:45:17
4345,Elizabeth,Martinez,elizabeth.martinez213@example.com,26,F,Brazil,Curitiba,Display,2024-06-21 23:31:23
4346,Joseph,Williams,joseph.williams649@example.com,18,M,France,Toulouse,Facebook,2022-05-23 09:55:34
4347,Kevin,Jackson,kevin.jackson489@example.com,34,M,Australia,Melbourne,Search,2023-07-18 12:43:19
4348,Nancy,Davis,nancy.davis968@example.com,21,F,United States,Denver,Email,2023-12-21 02:50:36
4349,Matthew,Moore,matthew.moore849@example.com,42,M,United States,Miami,Email,2024-01-22 22:04:07
4350,Margaret,Rodriguez,margaret.rodriguez222@example.com,18,F,France,Paris,Organic,2022-12-28 03:14:22
4351,Charles,Martinez,charles.martinez996@example.com,26,M,Poland,Kraków,Search,2023-09-22 19:34:10
4352,Kenneth,Williams,kenneth.williams862@example.com,38,M,United States,Denver,Email,2024-03-02 13:42:26
4353,Donna,Anderson,donna.anderson420@example.com,39,F,Brazil,Rio de Janeiro,Search,2023-11-04 12:58:29
4354,Thomas,Johnson,thomas.johnson620@example.com,34,M,Mexico,Mexico City,Organic,2024-07-06 14:26:10
4355,Kenneth,Thomas,kenneth.thomas280@example.com,57,M,United States,Seattle,Email,2022-08-28 17:44:10
4356,Amanda,Jackson,amanda.jackson78@example.com,53,F,United States,Denver,Email,2022-04-29 02:45:04
4357,Sarah,Davis,sarah.davis237@example.com,26,F,France,Marseille,Facebook,2024-10-20 10:52:52
4358,Amanda,Jackson,amanda.jackson729@example.com,54,F,United States,Boston,Search,2024-03-15 01:39:13
4359,Mark,Anderson,mark.anderson570@example.com,56,M,United States,Los Angeles,Organic,2023-05-06 06:09:11
4360,Anthony,Smith,anthony.smith441@example.com,33,M,France,Toulouse,Email,2023-09-17 18:20:29
4361,Stephanie,Jones,stephanie.jones480@example.com,35,F,Germany,Frankfurt,Facebook,2024-10-04 12:08:36
4362,David,Wilson,david.wilson793@example.com,34,M,United Kingdom,Edinburgh,Email,2024-08-07 04:36:52
4363,Daniel,Thomas,daniel.thomas695@example.com,27,M,Brazil,Brasília,Search,2024-06-02 13:48:20
4364,Susan,Johnson,susan.johnson635@example.com,28,F,United Kingdom,Edinburgh,Display,2023-10-10 00:53:00
4365,Charles,Anderson,charles.anderson501@example.com,50,M,Germany,Berlin,Search,2024-02-28 11:45:03
4366,Richard,Moore,richard.moore3@example.com,40,M,Australia,Sydney,Organic,2023-09-28 11:42:23
4367,Joshua,Johnson,joshua.johnson333@example.com,28,M,Australia,Perth,Email,2023-05-19 19:53:50
4368,Steven,Jackson,steven.jackson127@example.com,23,M,Germany,Berlin,Organic,2024-01-08 19:17:43
4369,Amanda,Hernandez,amanda.hernandez773@example.com,25,F,Belgium,Charleroi,Facebook,2022-01-25 19:04:29
4370,Linda,Wilson,linda.wilson352@example.com,33,F,South Korea,Seoul,Facebook,2024-06-23 23:01:08
4371,Mark,Johnson,mark.johnson245@example.com,45,M,United States,Seattle,Email,2022-12-12 03:46:31
4372,Joseph,Wilson,joseph.wilson481@example.com,24,M,Austria,Graz,Search,2023-08-20 23:14:27
4373,Elizabeth,Martinez,elizabeth.martinez479@example.com,45,F,Belgium,Ghent,Search,2023-12-30 00:27:27
4374,Michael,Davis,michael.davis931@example.com,37,M,United States,Seattle,Facebook,2022-12-25 21:42:14
4375,Amanda,Taylor,amanda.taylor179@example.com,36,F,United States,Phoenix,Email,2022-12-29 01:34:11
4376,Amanda,Jones,amanda.jones821@example.com,47,F,France,Marseille,Display,2022-07-13 17:07:25
4377,Amanda,Johnson,amanda.johnson216@example.com,45,F,China,Shenzhen,Organic,2022-04-19 13:04:02
4378,Joseph,Martinez,joseph.martinez801@example.com,18,M,Japan,Yokohama,Facebook,2024-08-23 08:53:36
4379,Lisa,Thomas,lisa.thomas538@example.com,21,F,United Kingdom,Leeds,Organic,2024-01-14 17:01:08
4380,Kevin,Williams,kevin.williams539@example.com,32,M,United States,Phoenix,Organic,2022-06-19 03:43:20
4381,Rebecca,Lee,rebecca.lee704@example.com,39,F,United States,Houston,Search,2024-07-22 17:52:04
4382,Lisa,Anderson,lisa.anderson93@example.com,51,F,Belgium,Brussels,Search,2022-12-02 07:28:30
4383,Ashley,Martin,ashley.martin796@example.com,35,F,United States,Miami,Search,2023-05-20 01:40:24
4384,Mary,Martinez,mary.martinez745@example.com,55,F,Spain,Barcelona,Search,2023-07-04 14:16:27
4385,Melissa,Williams,melissa.williams199@example.com,26,F,United States,Phoenix,Search,2024-03-25 10:31:46
4386,Kenneth,Brown,kenneth.brown87@example.com,28,M,China,Chengdu,Email,2022-05-08 07:50:02
4387,Kenneth,Hernandez,kenneth.hernandez722@example.com,31,M,United Kingdom,Leeds,Search,2024-09-20 06:43:19
4388,Linda,Lopez,linda.lopez92@example.com,25,F,United States,Houston,Email,2022-05-04 05:14:59
4389,Amanda,Thomas,amanda.thomas579@example.com,48,F,Germany,Hamburg,Email,2023-11-29 20:49:25
4390,William,Taylor,william.taylor255@example.com,18,M,Spain,Barcelona,Organic,2022-08-19 01:08:03
4391,Jennifer,Taylor,jennifer.taylor717@example.com,28,F,United States,Seattle,Facebook,2024-10-08 02:08:32
4392,Margaret,Lopez,margaret.lopez921@example.com,48,F,Brazil,São Paulo,Organic,2023-10-11 00:39:11
4393,Thomas,Smith,thomas.smith840@example.com,31,M,Japan,Nagoya,Search,2024-10-31 22:37:55
4394,Thomas,Hernandez,thomas.hernandez749@example.com,47,M,Spain,Bilbao,Facebook,2024-10-18 20:26:25
4395,Steven,Moore,steven.moore642@example.com,61,M,United Kingdom,Manchester,Facebook,2022-10-21 03:49:53
4396,Thomas,Moore,thomas.moore77@example.com,35,M,Japan,Osaka,Organic,2022-09-19 17:52:59
4397,Michael,Moore,michael.moore949@example.com,49,M,United States,San Francisco,Email,2022-05-04 05:02:28
4398,Kevin,Smith,kevin.smith918@example.com,64,M,United States,Seattle,Facebook,2024-02-28 04:58:01
4399,Richard,Rodriguez,richard.rodriguez63@example.com,39,M,Germany,Frankfurt,Organic,2022-01-27 23:18:49
4400,David,Wilson,david.wilson782@example.com,34,M,Spain,Madrid,Search,2022-07-27 08:52:01
4401,Donna,Jones,donna.jones107@example.com,45,F,Australia,Perth,Email,2024-09-22 07:20:37
4402,Charles,Rodriguez,charles.rodriguez603@example.com,49,M,United States,New York,Display,2023-11-27 21:20:01
4403,Michelle,Johnson,michelle.johnson250@example.com,34,F,United Kingdom,Manchester,Facebook,2023-05-09 13:26:51
4404,Sarah,Brown,sarah.brown127@example.com,29,F,Germany,Frankfurt,Email,2022-05-31 19:15:55
4405,Nancy,Smith,nancy.smith230@example.com,55,F,United States,Denver,Organic,2024-07-14 08:56:06
4406,Nancy,Lee,nancy.lee320@example.com,31,F,United Kingdom,Leeds,Search,2024-07-14 16:36:53
4407,Rebecca,Jackson,rebecca.jackson349@example.com,49,F,France,Paris,Display,2022-02-20 13:42:36
4408,Anthony,Rodriguez,anthony.rodriguez301@example.com,38,M,United States,Seattle,Facebook,2024-03-24 01:08:10
4409,Sarah,Smith,sarah.smith462@example.com,56,F,Brazil,São Paulo,Organic,2022-12-27 07:44:09
4410,Paul,Miller,paul.miller639@example.com,24,M,United States,Chicago,Facebook,2024-01-16 09:29:27
4411,Ashley,Rodriguez,ashley.rodriguez464@example.com,24,F,Belgium,Brussels,Organic,2022-11-19 20:02:14
4412,Jessica,Brown,jessica.brown587@example.com,45,F,United States,Boston,Search,2022-01-17 01:18:41
4413,John,Anderson,john.anderson385@example.com,21,M,United States,Houston,Facebook,2024-04-05 14:22:21
4414,Richard,Lee,richard.lee277@example.com,36,M,United States,San Francisco,Search,2024-07-04 20:51:03
4415,Amanda,Moore,amanda.moore148@example.com,53,F,United States,Miami,Search,2024-01-19 21:45:31
4416,John,Jackson,john.jackson311@example.com,18,M,United States,Boston,Search,2022-06-15 04:21:05
4417,Thomas,Moore,thomas.moore192@example.com,39,M,France,Nice,Organic,2023-05-08 21:13:14
4418,Charles,Johnson,charles.johnson518@example.com,49,M,United States,Los Angeles,Display,2023-08-08 04:05:28
4419,Thomas,Lopez,thomas.lopez654@example.com,34,M,United States,Houston,Search,2024-05-18 21:29:19
4420,Linda,Lopez,linda.lopez844@example.com,23,F,United States,Phoenix,Organic,2024-04-30 10:40:04
4421,Linda,Williams,linda.williams295@example.com,31,F,Brazil,Salvador,Email,2024-08-30 07:09:26
4422,Paul,Williams,paul.williams126@example.com,24,M,United States,Houston,Email,2023-11-23 16:18:04
4423,James,Lopez,james.lopez814@example.com,35,M,France,Lyon,Facebook,2024-10-26 02:30:00
4424,Anthony,Thomas,anthony.thomas725@example.com,31,M,Germany,Frankfurt,Display,2024-06-15 19:58:11
4425,Kenneth,Jones,kenneth.jones316@example.com,28,M,Spain,Valencia,Facebook,2022-08-08 03:42:04
4426,Ashley,Martinez,ashley.martinez994@example.com,40,F,United States,Miami,Facebook,2024-02-16 04:38:02
4427,Amanda,Johnson,amanda.johnson641@example.com,53,F,Colombia,Medellín,Organic,2022-04-04 06:29:35
4428,Paul,Williams,paul.williams749@example.com,38,M,Spain,Valencia,Organic,2024-04-07 21:40:50
4429,Emily,Lopez,emily.lopez351@example.com,51,F,United States,New York,Organic,2022-08-31 09:46:26
4430,Joseph,Lopez,joseph.lopez441@example.com,53,M,China,Shanghai,Email,2022-11-24 03:38:40
4431,Margaret,Taylor,margaret.taylor349@example.com,27,F,Japan,Tokyo,Facebook,2023-09-21 14:08:17
4432,Margaret,Martin,margaret.martin731@example.com,38,F,United States,Los Angeles,Email,2023-02-20 02:54:02
4433,Linda,Brown,linda.brown814@example.com,29,F,Brazil,Rio de Janeiro,Facebook,2023-12-11 02:22:51
4434,Rebecca,Miller,rebecca.miller859@example.com,18,F,France,Paris,Facebook,2023-07-04 02:10:58
4435,Rebecca,Jackson,rebecca.jackson332@example.com,39,F,United States,Los Angeles,Search,2023-11-28 10:28:26
4436,Kevin,Johnson,kevin.johnson767@example.com,22,M,Austria,Salzburg,Organic,2023-10-04 20:18:15
4437,Joshua,Moore,joshua.moore683@example.com,40,M,United States,Denver,Facebook,2022-08-14 14:06:07
4438,Thomas,Martin,thomas.martin13@example.com,18,M,United States,Chicago,Search,2024-01-28 09:06:51
4439,Emily,Johnson,emily.johnson794@example.com,37,F,United States,Boston,Display,2024-11-15 17:46:55
4440,Amanda,Williams,amanda.williams132@example.com,18,F,Brazil,São Paulo,Search,2023-09-01 08:30:14
4441,Mary,Anderson,mary.anderson129@example.com,43,F,Belgium,Brussels,Search,2023-10-27 21:26:29
4442,Elizabeth,Martinez,elizabeth.martinez107@example.com,30,F,Australia,Melbourne,Facebook,2024-02-17 22:48:57
4443,Richard,Lee,richard.lee549@example.com,29,M,Poland,Kraków,Search,2022-04-03 15:50:21
4444,Ashley,Hernandez,ashley.hernandez32@example.com,48,F,United Kingdom,London,Facebook,2022-06-15 01:43:04
4445,Elizabeth,Anderson,elizabeth.anderson504@example.com,31,F,China,Chengdu,Search,2023-03-09 03:18:46
4446,Kenneth,Jones,kenneth.jones714@example.com,36,M,Brazil,Curitiba,Search,2024-01-28 16:35:19
4447,Robert,Miller,robert.miller535@example.com,32,M,United States,Chicago,Facebook,2024-09-27 01:40:01
4448,Kenneth,Brown,kenneth.brown267@example.com,41,M,Belgium,Antwerp,Organic,2024-05-06 15:41:36
4449,Paul,Williams,paul.williams334@example.com,47,M,China,Guangzhou,Facebook,2022-08-26 13:37:55
4450,Mary,Williams,mary.williams721@example.com,45,F,China,Chengdu,Search,2022-12-03 09:58:38
4451,Emily,Jackson,emily.jackson339@example.com,29,F,United Kingdom,Manchester,Facebook,2022-06-07 07:24:27
4452,Karen,Johnson,karen.johnson665@example.com,49,F,Australia,Perth,Organic,2022-04-17 21:21:25
4453,Kenneth,Hernandez,kenneth.hernandez687@example.com,24,M,United States,New York,Search,2024-03-26 13:32:59
4454,Emily,Hernandez,emily.hernandez523@example.com,26,F,Spain,Valencia,Facebook,2024-01-28 17:59:38
4455,Susan,Johnson,susan.johnson372@example.com,33,F,Spain,Bilbao,Facebook,2022-08-01 21:35:52
4456,Anthony,Moore,anthony.moore60@example.com,47,M,South Korea,Incheon,Display,2024-02-11 18:41:10
4457,Rebecca,Hernandez,rebecca.hernandez743@example.com,20,F,United States,Seattle,Email,2023-05-17 01:58:41
4458,Kenneth,Williams,kenneth.williams305@example.com,45,M,United States,Seattle,Facebook,2024-08-17 07:40:07
4459,Michael,Williams,michael.williams454@example.com,34,M,China,Guangzhou,Search,2024-02-19 10:56:13
4460,Richard,Thomas,richard.thomas28@example.com,29,M,Colombia,Cali,Email,2022-10-24 07:27:02
4461,William,Wilson,william.wilson741@example.com,48,M,Austria,Salzburg,Organic,2023-06-15 21:51:36
4462,Amanda,Rodriguez,amanda.rodriguez909@example.com,25,F,France,Paris,Email,2022-09-13 15:00:18
4463,Daniel,Rodriguez,daniel.rodriguez877@example.com,62,M,United States,Denver,Facebook,2024-09-14 03:42:30
4464,Mark,Smith,mark.smith309@example.com,32,M,United States,Boston,Search,2023-07-18 06:49:13
4465,Kenneth,Smith,kenneth.smith89@example.com,36,M,France,Nice,Email,2024-08-19 13:44:28
4466,Michael,Hernandez,michael.hernandez95@example.com,53,M,United States,Houston,Email,2023-07-14 16:56:33
4467,Kevin,Davis,kevin.davis380@example.com,37,M,United Kingdom,Birmingham,Search,2023-07-05 17:32:27
4468,Robert,Garcia,robert.garcia3@example.com,49,M,South Korea,Busan,Facebook,2022-07-22 11:58:28
4469,Ashley,Davis,ashley.davis179@example.com,18,F,Brazil,Curitiba,Organic,2024-11-18 03:07:16
4470,Steven,Wilson,steven.wilson611@example.com,29,M,Brazil,Brasília,Facebook,2024-01-07 14:27:41
4471,Nancy,Garcia,nancy.garcia42@example.com,39,F,United States,Houston,Email,2022-11-16 11:49:02
4472,Michael,Miller,michael.miller620@example.com,47,M,United States,Seattle,Search,2024-07-08 10:27:00
4473,Melissa,Garcia,melissa.garcia867@example.com,44,F,Spain,Madrid,Search,2022-09-14 02:40:48
4474,Nancy,Anderson,nancy.anderson993@example.com,43,F,Brazil,Rio de Janeiro,Search,2022-04-17 02:17:29
4475,Robert,Johnson,robert.johnson970@example.com,47,M,United States,Chicago,Display,2024-01-04 22:02:10
4476,Matthew,Martin,matthew.martin289@example.com,40,M,United States,Houston,Search,2024-03-30 08:54:21
4477,Donna,Lopez,donna.lopez645@example.com,18,F,United States,Phoenix,Facebook,2023-09-20 04:42:46
4478,Charles,Jones,charles.jones47@example.com,52,M,Germany,Berlin,Email,2024-02-21 07:06:32
4479,Emily,Taylor,emily.taylor238@example.com,24,F,France,Nice,Email,2022-10-02 23:05:22
4480,David,Martin,david.martin778@example.com,38,M,United Kingdom,Birmingham,Search,2022-11-01 01:41:55
4481,Daniel,Johnson,daniel.johnson205@example.com,37,M,China,Beijing,Search,2023-02-11 09:20:05
4482,Karen,Jones,karen.jones304@example.com,35,F,United States,Los Angeles,Display,2022-08-16 06:44:33
4483,Jessica,Williams,jessica.williams410@example.com,21,F,China,Chengdu,Organic,2022-09-13 03:56:59
4484,Steven,Johnson,steven.johnson330@example.com,18,M,United States,Denver,Search,2022-02-22 03:15:14
4485,Jennifer,Thomas,jennifer.thomas738@example.com,22,F,Poland,Kraków,Search,2022-09-17 11:45:33
4486,Margaret,Brown,margaret.brown906@example.com,44,F,United States,Houston,Email,2023-08-23 10:33:59
4487,Thomas,Davis,thomas.davis538@example.com,18,M,Brazil,Brasília,Display,2023-02-07 11:45:49
4488,Paul,Moore,paul.moore575@example.com,24,M,United States,Boston,Organic,2023-04-15 23:38:45
4489,Richard,Wilson,richard.wilson731@example.com,40,M,Australia,Melbourne,Organic,2024-10-09 00:29:35
4490,Matthew,Anderson,matthew.anderson400@example.com,22,M,United States,Seattle,Facebook,2022-01-08 00:16:51
4491,Margaret,Johnson,margaret.johnson454@example.com,28,F,Poland,Wrocław,Search,2024-07-03 05:06:57
4492,Kenneth,Lee,kenneth.lee949@example.com,35,M,United States,Miami,Email,2022-02-06 06:38:59
4493,Steven,Johnson,steven.johnson385@example.com,38,M,South Korea,Daejeon,Search,2023-07-16 02:20:59
4494,Margaret,Thomas,margaret.thomas265@example.com,22,F,Germany,Cologne,Search,2022-05-23 12:10:54
4495,Lisa,Wilson,lisa.wilson22@example.com,36,F,United States,New York,Organic,2023-06-08 03:46:58
4496,Amanda,Rodriguez,amanda.rodriguez22@example.com,39,F,United States,Chicago,Search,2024-09-06 14:55:32
4497,Donna,Moore,donna.moore768@example.com,19,F,Brazil,São Paulo,Organic,2022-02-04 11:15:19
4498,David,Jackson,david.jackson231@example.com,37,M,South Korea,Incheon,Facebook,2023-07-09 21:36:52
4499,Amanda,Johnson,amanda.johnson739@example.com,26,F,Colombia,Medellín,Organic,2023-05-22 05:08:35
4500,David,Lee,david.lee45@example.com,36,M,United States,New York,Facebook,2023-05-10 03:17:58
4501,Robert,Jones,robert.jones794@example.com,43,M,Brazil,Brasília,Search,2023-11-15 00:51:20
4502,Steven,Taylor,steven.taylor407@example.com,32,M,United States,Los Angeles,Organic,2022-12-24 06:56:42
4503,Sarah,Moore,sarah.moore815@example.com,45,F,United States,Phoenix,Organic,2024-05-02 13:21:02
4504,Michelle,Lopez,michelle.lopez830@example.com,44,F,Germany,Munich,Facebook,2022-09-18 17:11:55
4505,Anthony,Jackson,anthony.jackson570@example.com,45,M,United States,Denver,Search,2023-01-25 19:08:46
4506,Patricia,Moore,patricia.moore974@example.com,39,F,United States,Seattle,Email,2023-05-28 22:47:22
4507,Lisa,Hernandez,lisa.hernandez944@example.com,48,F,Colombia,Cali,Search,2024-10-03 17:32:12
4508,Kevin,Brown,kevin.brown699@example.com,39,M,Japan,Nagoya,Search,2023-08-08 05:34:45
4509,Donna,Rodriguez,donna.rodriguez492@example.com,18,F,Japan,Tokyo,Search,2024-07-09 00:15:58
4510,Thomas,Martin,thomas.martin925@example.com,25,M,United States,Chicago,Facebook,2022-06-02 22:41:26
4511,Ashley,Jones,ashley.jones968@example.com,32,F,Poland,Wrocław,Search,2022-04-01 01:05:41
4512,John,Lee,john.lee408@example.com,33,M,United Kingdom,Leeds,Search,2023-07-04 05:32:59
4513,Matthew,Brown,matthew.brown324@example.com,39,M,China,Shanghai,Organic,2024-09-15 17:28:29
4514,Mark,Anderson,mark.anderson303@example.com,25,M,United States,Chicago,Organic,2022-09-14 07:16:14
4515,Mark,Wilson,mark.wilson934@example.com,59,M,Belgium,Brussels,Search,2022-09-01 23:57:12
4516,Patricia,Brown,patricia.brown154@example.com,33,F,United Kingdom,London,Facebook,2022-06-12 05:20:02
4517,Emily,Martinez,emily.martinez4@example.com,34,F,South Korea,Daegu,Facebook,2024-10-08 00:47:52
4518,Paul,Williams,paul.williams500@example.com,26,M,Germany,Berlin,Search,2022-04-11 19:55:49
4519,Mary,Davis,mary.davis950@example.com,22,F,Australia,Adelaide,Search,2023-11-22 14:15:56
4520,Michelle,Lee,michelle.lee327@example.com,33,F,Spain,Valencia,Organic,2023-02-21 09:38:23
4521,Sarah,Johnson,sarah.johnson504@example.com,35,F,Poland,Wrocław,Display,2023-03-28 01:15:50
4522,Karen,Jackson,karen.jackson108@example.com,33,F,United States,Phoenix,Email,2024-02-18 07:20:49
4523,Anthony,Anderson,anthony.anderson819@example.com,54,M,United States,Boston,Organic,2023-04-23 21:56:07
4524,Matthew,Thomas,matthew.thomas931@example.com,33,M,Spain,Barcelona,Display,2022-01-26 05:55:19
4525,Ashley,Garcia,ashley.garcia633@example.com,33,F,China,Shenzhen,Organic,2023-09-09 06:05:08
4526,Stephanie,Martin,stephanie.martin124@example.com,44,F,France,Paris,Organic,2022-01-29 03:29:33
4527,Emily,Garcia,emily.garcia98@example.com,32,F,Spain,Bilbao,Display,2024-07-13 00:58:44
4528,Mary,Hernandez,mary.hernandez739@example.com,41,F,United Kingdom,Birmingham,Facebook,2024-11-01 12:09:40
4529,Anthony,Smith,anthony.smith129@example.com,19,M,Australia,Sydney,Organic,2024-07-05 10:19:25
4530,Karen,Jackson,karen.jackson68@example.com,19,F,United States,Denver,Facebook,2023-03-29 22:27:07
4531,Charles,Thomas,charles.thomas889@example.com,36,M,Colombia,Barranquilla,Display,2023-03-31 07:39:08
4532,Thomas,Brown,thomas.brown527@example.com,32,M,United States,New York,Search,2023-10-03 15:06:39
4533,Steven,Anderson,steven.anderson594@example.com,25,M,France,Nice,Organic,2024-07-18 16:26:09
4534,Joshua,Brown,joshua.brown674@example.com,36,M,Belgium,Ghent,Organic,2024-04-04 18:49:44
4535,Jennifer,Rodriguez,jennifer.rodriguez344@example.com,37,F,United States,Houston,Display,2023-06-01 18:57:13
4536,Robert,Hernandez,robert.hernandez235@example.com,26,M,United States,Seattle,Search,2024-06-07 12:07:37
4537,Sarah,Martin,sarah.martin519@example.com,28,F,United States,Miami,Search,2023-04-03 05:14:18
4538,Rebecca,Miller,rebecca.miller76@example.com,37,F,United Kingdom,Birmingham,Organic,2024-04-22 20:01:15
4539,Jessica,Smith,jessica.smith295@example.com,22,F,Brazil,Salvador,Search,2022-09-24 08:42:00
4540,Jessica,Rodriguez,jessica.rodriguez593@example.com,27,F,United States,New York,Facebook,2023-05-12 14:31:29
4541,Kevin,Martin,kevin.martin942@example.com,41,M,Belgium,Charleroi,Organic,2024-06-25 14:00:03
4542,Thomas,Taylor,thomas.taylor602@example.com,34,M,United States,Boston,Email,2022-09-27 18:36:13
4543,William,Johnson,william.johnson750@example.com,29,M,United Kingdom,Manchester,Facebook,2023-11-10 23:16:11
4544,Robert,Johnson,robert.johnson312@example.com,24,M,France,Marseille,Organic,2022-11-03 23:28:43
4545,Susan,Taylor,susan.taylor57@example.com,22,F,United States,Chicago,Email,2023-04-18 01:46:33
4546,Paul,Thomas,paul.thomas376@example.com,33,M,United States,Houston,Search,2022-12-22 02:12:42
4547,Joseph,Lopez,joseph.lopez690@example.com,59,M,Mexico,Guadalajara,Facebook,2023-12-27 07:15:30
4548,Robert,Johnson,robert.johnson46@example.com,41,M,Germany,Cologne,Facebook,2024-04-07 03:38:11
4549,Stephanie,Garcia,stephanie.garcia865@example.com,19,F,United States,Seattle,Search,2024-07-31 19:23:42
4550,Elizabeth,Moore,elizabeth.moore296@example.com,43,F,Australia,Adelaide,Search,2023-01-25 16:11:17
4551,Robert,Williams,robert.williams687@example.com,25,M,China,Guangzhou,Organic,2022-08-05 14:48:37
4552,Margaret,Jones,margaret.jones881@example.com,34,F,United States,Miami,Organic,2024-10-16 09:00:45
4553,Michelle,Martinez,michelle.martinez611@example.com,27,F,Germany,Berlin,Facebook,2023-03-06 17:22:39
4554,Michelle,Thomas,michelle.thomas171@example.com,59,F,China,Chengdu,Search,2023-12-16 10:43:21
4555,Michael,Moore,michael.moore256@example.com,21,M,United States,Miami,Search,2023-02-21 10:17:39
4556,Jessica,Lopez,jessica.lopez468@example.com,38,F,Colombia,Bogotá,Display,2024-07-02 13:34:32
4557,Robert,Martinez,robert.martinez978@example.com,26,M,United States,New York,Search,2022-03-25 05:51:16
4558,Steven,Davis,steven.davis676@example.com,43,M,United States,Miami,Display,2022-02-13 17:12:26
4559,Elizabeth,Smith,elizabeth.smith616@example.com,38,F,United States,Houston,Facebook,2023-01-01 19:18:49
4560,Ashley,Garcia,ashley.garcia802@example.com,50,F,Japan,Osaka,Facebook,2023-03-31 09:32:29
4561,Joseph,Jones,joseph.jones142@example.com,43,M,Spain,Barcelona,Organic,2024-04-14 03:55:12
4562,Jennifer,Johnson,jennifer.johnson81@example.com,26,F,Belgium,Charleroi,Email,2023-05-31 00:24:53
4563,William,Thomas,william.thomas583@example.com,69,M,United States,Houston,Display,2022-10-05 09:46:43
4564,Jennifer,Davis,jennifer.davis591@example.com,41,F,Australia,Melbourne,Facebook,2022-03-25 02:30:04
4565,Melissa,Hernandez,melissa.hernandez257@example.com,28,F,United Kingdom,Manchester,Facebook,2024-06-06 22:50:49
4566,Elizabeth,Jones,elizabeth.jones627@example.com,37,F,United States,New York,Organic,2023-07-12 08:25:49
4567,Jennifer,Lopez,jennifer.lopez153@example.com,42,F,United States,New York,Search,2024-11-12 00:03:49
4568,Donna,Williams,donna.williams197@example.com,42,F,Australia,Brisbane,Display,2022-12-29 08:22:12
4569,Linda,Anderson,linda.anderson893@example.com,40,F,United States,New York,Search,2022-09-03 05:56:37
4570,Sarah,Thomas,sarah.thomas31@example.com,46,F,France,Toulouse,Organic,2022-10-25 06:23:06
4571,Sarah,Miller,sarah.miller557@example.com,45,F,United Kingdom,Birmingham,Organic,2023-03-25 14:01:48
4572,Michael,Jones,michael.jones843@example.com,24,M,United States,San Francisco,Email,2022-06-04 12:52:39
4573,Lisa,Taylor,lisa.taylor712@example.com,60,F,Mexico,Guadalajara,Facebook,2022-05-24 19:27:30
4574,Thomas,Jones,thomas.jones440@example.com,58,M,Australia,Perth,Facebook,2024-05-18 08:08:22
4575,Elizabeth,Brown,elizabeth.brown314@example.com,44,F,China,Shenzhen,Search,2024-01-28 21:32:47
4576,John,Miller,john.miller61@example.com,35,M,Germany,Berlin,Search,2023-07-04 06:42:11
4577,Matthew,Lee,matthew.lee125@example.com,35,M,China,Shenzhen,Search,2023-06-13 00:12:55
4578,Emily,Martinez,emily.martinez577@example.com,31,F,Japan,Tokyo,Display,2023-06-29 02:17:47
4579,William,Garcia,william.garcia528@example.com,32,M,United States,San Francisco,Search,2023-10-07 15:19:56
4580,Thomas,Hernandez,thomas.hernandez377@example.com,18,M,China,Shenzhen,Display,2022-11-10 00:33:31
4581,Jessica,Miller,jessica.miller292@example.com,53,F,United States,Phoenix,Search,2024-05-02 16:03:39
4582,Joshua,Anderson,joshua.anderson81@example.com,49,M,China,Beijing,Email,2022-01-09 20:27:34
4583,Paul,Rodriguez,paul.rodriguez123@example.com,18,M,China,Shenzhen,Facebook,2024-04-29 21:59:13
4584,Karen,Lopez,karen.lopez287@example.com,45,F,United States,Seattle,Email,2024-05-18 11:05:03
4585,Daniel,Rodriguez,daniel.rodriguez922@example.com,34,M,Mexico,Puebla,Facebook,2023-07-19 23:50:23
4586,Kenneth,Martinez,kenneth.martinez327@example.com,32,M,United States,Boston,Email,2022-11-20 07:16:46
4587,Richard,Rodriguez,richard.rodriguez116@example.com,40,M,United States,New York,Facebook,2024-08-24 03:23:27
4588,Robert,Davis,robert.davis574@example.com,18,M,Brazil,Salvador,Search,2024-06-15 09:34:11
4589,David,Lee,david.lee127@example.com,34,M,France,Paris,Display,2024-10-17 11:09:14
4590,Anthony,Garcia,anthony.garcia403@example.com,35,M,United States,Phoenix,Facebook,2022-01-18 21:14:11
4591,Melissa,Moore,melissa.moore727@example.com,35,F,United Kingdom,Leeds,Search,2023-11-22 15:08:44
4592,Patricia,Thomas,patricia.thomas107@example.com,18,F,Spain,Valencia,Organic,2022-01-08 21:46:51
4593,John,Hernandez,john.hernandez922@example.com,40,M,United States,Denver,Organic,2022-02-12 01:19:12
4594,Michael,Miller,michael.miller635@example.com,47,M,Mexico,Puebla,Email,2022-03-10 08:29:49
4595,Stephanie,Martinez,stephanie.martinez913@example.com,39,F,United States,Boston,Email,2024-04-29 16:22:43
4596,Susan,Moore,susan.moore728@example.com,32,F,Germany,Frankfurt,Organic,2024-03-07 06:31:31
4597,James,Brown,james.brown964@example.com,67,M,United States,Seattle,Facebook,2024-09-03 15:35:03
4598,Mark,Lopez,mark.lopez507@example.com,23,M,Spain,Bilbao,Search,2023-11-27 01:46:44
4599,Andrew,Taylor,andrew.taylor17@example.com,44,M,South Korea,Busan,Organic,2023-09-02 12:27:48
4600,Margaret,Wilson,margaret.wilson64@example.com,37,F,United States,Houston,Email,2022-07-18 23:39:43
4601,Elizabeth,Williams,elizabeth.williams183@example.com,59,F,United States,Houston,Search,2024-02-06 21:24:16
4602,Elizabeth,Hernandez,elizabeth.hernandez104@example.com,39,F,United States,Miami,Organic,2024-09-24 11:41:07
4603,Mark,Brown,mark.brown807@example.com,42,M,United States,Houston,Search,2023-01-25 20:50:33
4604,Kevin,Martin,kevin.martin943@example.com,41,M,Mexico,Mexico City,Search,2024-02-02 14:35:10
4605,Joshua,Davis,joshua.davis621@example.com,22,M,France,Toulouse,Search,2023-07-04 19:18:13
4606,Richard,Rodriguez,richard.rodriguez189@example.com,24,M,France,Toulouse,Search,2023-07-25 21:48:16
4607,Kevin,Jackson,kevin.jackson978@example.com,31,M,Austria,Linz,Organic,2024-05-23 22:14:08
4608,Michelle,Rodriguez,michelle.rodriguez307@example.com,46,F,South Korea,Daejeon,Display,2022-11-15 17:04:10
4609,Kevin,Brown,kevin.brown881@example.com,37,M,Australia,Perth,Search,2024-08-17 04:15:33
4610,Ashley,Jackson,ashley.jackson687@example.com,32,F,United States,Boston,Email,2024-12-14 21:46:04
4611,Robert,Wilson,robert.wilson437@example.com,51,M,United States,Chicago,Facebook,2022-05-07 03:53:00
4612,Robert,Wilson,robert.wilson791@example.com,18,M,United States,Los Angeles,Search,2023-07-14 20:32:18
4613,Margaret,Johnson,margaret.johnson663@example.com,19,F,United States,Houston,Search,2022-01-19 19:38:46
4614,Lisa,Rodriguez,lisa.rodriguez910@example.com,18,F,Brazil,Curitiba,Search,2023-01-06 13:03:00
4615,Anthony,Martinez,anthony.martinez607@example.com,49,M,United States,Boston,Email,2023-02-14 01:59:40
4616,Mary,Garcia,mary.garcia395@example.com,33,F,Brazil,São Paulo,Facebook,2023-12-28 20:43:28
4617,James,Lopez,james.lopez95@example.com,46,M,China,Chengdu,Organic,2023-03-05 01:18:53
4618,David,Jones,david.jones991@example.com,33,M,United States,Phoenix,Search,2023-02-01 18:25:40
4619,Robert,Martinez,robert.martinez779@example.com,47,M,United States,Denver,Search,2024-04-26 19:07:20
4620,Robert,Moore,robert.moore104@example.com,33,M,Brazil,Salvador,Facebook,2024-04-10 09:41:14
4621,Stephanie,Thomas,stephanie.thomas606@example.com,39,F,China,Shanghai,Search,2022-01-10 09:56:06
4622,Anthony,Garcia,anthony.garcia825@example.com,38,M,Spain,Valencia,Organic,2023-01-05 02:44:07
4623,Elizabeth,Jones,elizabeth.jones699@example.com,39,F,Spain,Madrid,Facebook,2024-04-16 14:00:19
4624,Patricia,Smith,patricia.smith272@example.com,55,F,United States,Houston,Facebook,2022-04-23 15:17:54
4625,Kenneth,Miller,kenneth.miller138@example.com,18,M,United States,Miami,Search,2023-08-11 06:39:32
4626,Matthew,Smith,matthew.smith936@example.com,34,M,United States,Seattle,Organic,2023-06-23 19:05:02
4627,William,Williams,william.williams370@example.com,37,M,United States,Miami,Organic,2024-02-04 02:51:04
4628,Jessica,Lee,jessica.lee868@example.com,35,F,Brazil,Salvador,Email,2024-01-11 10:54:45
4629,Rebecca,Jackson,rebecca.jackson465@example.com,30,F,Mexico,Mexico City,Organic,2023-07-12 15:18:56
4630,Jessica,Lopez,jessica.lopez761@example.com,28,F,United States,San Francisco,Organic,2023-03-29 11:52:02
4631,Mark,Taylor,mark.taylor243@example.com,53,M,United States,Phoenix,Search,2024-05-15 20:15:01
4632,Daniel,Martinez,daniel.martinez603@example.com,34,M,Spain,Valencia,Facebook,2023-02-23 07:37:39
4633,Amanda,Wilson,amanda.wilson560@example.com,64,F,China,Beijing,Facebook,2023-04-24 14:11:00
4634,Andrew,Martin,andrew.martin215@example.com,41,M,United States,Miami,Facebook,2023-04-05 07:54:29
4635,Melissa,Johnson,melissa.johnson680@example.com,31,F,United States,Seattle,Facebook,2023-01-14 16:41:52
4636,Mark,Davis,mark.davis462@example.com,41,M,Poland,Kraków,Email,2023-11-21 12:01:13
4637,Richard,Williams,richard.williams653@example.com,36,M,United States,New York,Email,2023-11-28 23:43:14
4638,Patricia,Taylor,patricia.taylor35@example.com,51,F,France,Paris,Organic,2024-09-11 20:25:11
4639,Karen,Moore,karen.moore123@example.com,20,F,Australia,Melbourne,Search,2023-05-02 16:00:48
4640,Linda,Thomas,linda.thomas708@example.com,18,F,United States,San Francisco,Display,2024-04-12 05:13:56
4641,Kenneth,Wilson,kenneth.wilson994@example.com,39,M,Spain,Bilbao,Facebook,2022-11-29 06:02:48
4642,Margaret,Martinez,margaret.martinez116@example.com,45,F,United States,Miami,Display,2024-11-20 05:25:52
4643,Susan,Smith,susan.smith26@example.com,38,F,United States,Phoenix,Organic,2023-10-10 10:04:12
4644,Patricia,Taylor,patricia.taylor258@example.com,43,F,United States,Chicago,Display,2024-03-02 23:37:49
4645,Rebecca,Jackson,rebecca.jackson43@example.com,41,F,Mexico,Mexico City,Search,2023-09-27 21:39:32
4646,Sarah,Lee,sarah.lee245@example.com,18,F,United States,Los Angeles,Facebook,2022-08-04 13:56:20
4647,Amanda,Miller,amanda.miller691@example.com,38,F,United States,New York,Organic,2024-10-27 08:59:38
4648,Mark,Jones,mark.jones787@example.com,50,M,Poland,Wrocław,Search,2024-03-21 09:59:05
4649,Thomas,Anderson,thomas.anderson630@example.com,37,M,United States,New York,Search,2023-04-05 17:28:53
4650,Michelle,Smith,michelle.smith400@example.com,19,F,Colombia,Barranquilla,Search,2022-10-04 08:59:17
4651,Thomas,Johnson,thomas.johnson155@example.com,30,M,Germany,Hamburg,Search,2024-01-03 05:40:38
4652,Joseph,Moore,joseph.moore534@example.com,41,M,United Kingdom,Leeds,Display,2023-04-18 05:51:45
4653,Rebecca,Lee,rebecca.lee963@example.com,56,F,Japan,Nagoya,Display,2024-06-25 23:26:35
4654,Andrew,Rodriguez,andrew.rodriguez209@example.com,18,M,Spain,Seville,Email,2022-08-27 01:51:04
4655,Susan,Hernandez,susan.hernandez542@example.com,39,F,United States,Los Angeles,Display,2023-07-25 07:01:38
4656,Ashley,Hernandez,ashley.hernandez334@example.com,23,F,Mexico,Puebla,Email,2022-05-05 01:28:02
4657,Thomas,Williams,thomas.williams358@example.com,41,M,Austria,Vienna,Display,2024-02-21 07:24:59
4658,Melissa,Jones,melissa.jones511@example.com,42,F,Belgium,Ghent,Search,2023-03-13 23:23:34
4659,Kenneth,Garcia,kenneth.garcia169@example.com,32,M,France,Toulouse,Search,2022-07-31 04:16:17
4660,Jessica,Moore,jessica.moore194@example.com,42,F,United Kingdom,Manchester,Email,2023-08-31 19:32:20
4661,Emily,Rodriguez,emily.rodriguez41@example.com,48,F,United Kingdom,Leeds,Organic,2023-09-18 14:30:54
4662,David,Thomas,david.thomas689@example.com,33,M,United States,Seattle,Facebook,2022-11-27 19:45:29
4663,Michael,Brown,michael.brown908@example.com,18,M,China,Chengdu,Facebook,2024-10-25 17:50:17
4664,Mark,Lee,mark.lee449@example.com,52,M,France,Nice,Organic,2022-03-24 03:04:43
4665,Charles,Jackson,charles.jackson619@example.com,44,M,Germany,Munich,Search,2022-12-31 04:08:25
4666,William,Martinez,william.martinez982@example.com,41,M,United States,Seattle,Facebook,2022-10-01 08:28:06
4667,Amanda,Jones,amanda.jones758@example.com,26,F,China,Chengdu,Organic,2024-10-10 11:08:04
4668,Mark,Lee,mark.lee247@example.com,46,M,France,Paris,Organic,2022-09-26 23:52:33
4669,Mary,Moore,mary.moore775@example.com,59,F,Brazil,Salvador,Facebook,2022-08-30 05:09:42
4670,Daniel,Hernandez,daniel.hernandez396@example.com,33,M,Austria,Salzburg,Organic,2023-10-09 20:58:05
4671,Jessica,Garcia,jessica.garcia958@example.com,36,F,Spain,Madrid,Organic,2022-10-13 07:51:24
4672,Michael,Wilson,michael.wilson923@example.com,22,M,United States,Miami,Facebook,2022-11-05 22:52:02
4673,Andrew,Davis,andrew.davis42@example.com,26,M,United States,New York,Organic,2022-09-26 06:48:21
4674,Lisa,Anderson,lisa.anderson885@example.com,22,F,Spain,Valencia,Display,2023-08-08 11:37:47
4675,James,Moore,james.moore240@example.com,36,M,Brazil,Curitiba,Organic,2024-03-31 03:26:00
4676,Karen,Martinez,karen.martinez484@example.com,30,F,South Korea,Daejeon,Display,2023-05-31 00:31:31
4677,Joshua,Smith,joshua.smith748@example.com,39,M,United States,Miami,Email,2024-09-01 09:33:50
4678,Michelle,Lopez,michelle.lopez124@example.com,24,F,United States,Miami,Email,2022-10-19 15:52:57
4679,Nancy,Jackson,nancy.jackson16@example.com,32,F,Brazil,Rio de Janeiro,Email,2024-07-14 05:44:20
4680,Mary,Jones,mary.jones408@example.com,23,F,Spain,Bilbao,Facebook,2024-03-22 15:11:14
4681,Matthew,Lee,matthew.lee581@example.com,37,M,Mexico,Monterrey,Organic,2022-03-22 13:45:04
4682,William,Davis,william.davis587@example.com,18,M,Belgium,Charleroi,Facebook,2024-01-02 00:17:50
4683,Andrew,Anderson,andrew.anderson951@example.com,36,M,China,Guangzhou,Search,2024-12-23 00:29:03
4684,David,Thomas,david.thomas254@example.com,31,M,Australia,Sydney,Search,2024-01-15 21:34:24
4685,William,Brown,william.brown711@example.com,37,M,United States,San Francisco,Search,2022-10-10 13:45:36
4686,Ashley,Smith,ashley.smith191@example.com,18,F,United Kingdom,Leeds,Facebook,2023-04-20 18:30:48
4687,Emily,Martin,emily.martin449@example.com,42,F,Poland,Wrocław,Search,2024-08-10 00:25:03
4688,Emily,Thomas,emily.thomas531@example.com,31,F,Brazil,Rio de Janeiro,Facebook,2022-12-13 16:09:07
4689,Andrew,Wilson,andrew.wilson429@example.com,37,M,Austria,Vienna,Search,2023-06-06 00:12:23
4690,Kevin,Miller,kevin.miller176@example.com,18,M,United States,Denver,Search,2023-10-09 20:40:23
4691,Karen,Williams,karen.williams191@example.com,20,F,United States,Denver,Organic,2024-06-25 09:38:44
4692,John,Garcia,john.garcia873@example.com,30,M,United Kingdom,Edinburgh,Email,2024-11-16 04:53:38
4693,Kenneth,Hernandez,kenneth.hernandez949@example.com,51,M,Belgium,Ghent,Organic,2024-02-11 18:38:51
4694,Robert,Anderson,robert.anderson75@example.com,41,M,United States,Denver,Display,2023-04-21 04:28:24
4695,Emily,Miller,emily.miller233@example.com,36,F,Australia,Brisbane,Search,2023-03-26 10:40:17
4696,Jessica,Jones,jessica.jones986@example.com,23,F,United States,Miami,Organic,2023-12-30 11:38:49
4697,Robert,Jones,robert.jones117@example.com,21,M,Japan,Kyoto,Search,2022-03-23 00:26:03
4698,Donna,Lee,donna.lee537@example.com,38,F,United Kingdom,Leeds,Organic,2023-04-30 08:56:57
4699,Joseph,Wilson,joseph.wilson289@example.com,43,M,United States,Los Angeles,Search,2023-01-25 07:45:00
4700,Thomas,Lee,thomas.lee982@example.com,37,M,Spain,Barcelona,Search,2024-10-18 04:46:17
4701,Sarah,Smith,sarah.smith744@example.com,55,F,Spain,Barcelona,Facebook,2024-07-25 15:28:37
4702,Anthony,Martinez,anthony.martinez751@example.com,26,M,United Kingdom,Birmingham,Facebook,2022-10-17 20:45:16
4703,Karen,Martinez,karen.martinez66@example.com,37,F,United States,Denver,Search,2023-12-19 12:15:43
4704,Kenneth,Rodriguez,kenneth.rodriguez153@example.com,18,M,United States,Los Angeles,Display,2023-05-17 22:45:01
4705,Matthew,Davis,matthew.davis794@example.com,37,M,Austria,Linz,Facebook,2024-06-28 08:33:44
4706,Melissa,Johnson,melissa.johnson227@example.com,52,F,Germany,Cologne,Organic,2023-06-25 13:10:54
4707,Joseph,Smith,joseph.smith434@example.com,22,M,Australia,Perth,Organic,2023-12-04 09:43:20
4708,Susan,Taylor,susan.taylor107@example.com,45,F,Spain,Seville,Search,2024-03-08 20:52:08
4709,Anthony,Rodriguez,anthony.rodriguez23@example.com,52,M,South Korea,Seoul,Email,2024-06-20 09:50:28
4710,Nancy,Brown,nancy.brown728@example.com,26,F,United States,Seattle,Organic,2024-02-29 19:59:50
4711,James,Miller,james.miller178@example.com,40,M,China,Beijing,Search,2022-11-21 23:26:07
4712,Paul,Martin,paul.martin169@example.com,53,M,Germany,Munich,Search,2024-03-20 16:31:59
4713,Elizabeth,Martinez,elizabeth.martinez842@example.com,37,F,United States,Denver,Search,2022-12-13 12:11:30
4714,Kevin,Lee,kevin.lee714@example.com,44,M,United States,Seattle,Organic,2024-03-13 13:40:10
4715,Mark,Brown,mark.brown214@example.com,18,M,France,Nice,Facebook,2024-11-05 16:06:09
4716,Emily,Williams,emily.williams858@example.com,42,F,Colombia,Medellín,Display,2023-05-30 09:14:49
4717,Elizabeth,Lopez,elizabeth.lopez969@example.com,41,F,Germany,Munich,Search,2024-09-04 06:19:54
4718,Ashley,Anderson,ashley.anderson411@example.com,19,F,United States,Boston,Organic,2022-06-20 08:14:05
4719,Sarah,Lee,sarah.lee454@example.com,23,F,Mexico,Monterrey,Search,2023-04-11 13:45:56
4720,Donna,Martinez,donna.martinez660@example.com,42,F,United States,Denver,Organic,2024-08-11 03:06:48
4721,Patricia,Jones,patricia.jones147@example.com,31,F,United States,New York,Facebook,2024-03-10 20:31:59
4722,Susan,Hernandez,susan.hernandez894@example.com,48,F,Mexico,Monterrey,Display,2022-12-22 16:36:59
4723,Andrew,Miller,andrew.miller125@example.com,38,M,Japan,Nagoya,Facebook,2023-07-03 11:34:42
4724,Joshua,Brown,joshua.brown752@example.com,35,M,Poland,Wrocław,Search,2022-05-01 19:09:31
4725,Amanda,Johnson,amanda.johnson576@example.com,32,F,Australia,Perth,Email,2024-06-12 15:35:57
4726,Amanda,Thomas,amanda.thomas131@example.com,38,F,Germany,Berlin,Email,2022-05-22 00:23:24
4727,Michael,Wilson,michael.wilson442@example.com,44,M,United States,San Francisco,Search,2023-09-10 17:50:06
4728,William,Brown,william.brown292@example.com,41,M,United States,Los Angeles,Display,2023-06-26 18:15:38
4729,Anthony,Lopez,anthony.lopez936@example.com,29,M,Austria,Salzburg,Facebook,2023-11-08 15:12:11
4730,Rebecca,Jackson,rebecca.jackson535@example.com,49,F,Colombia,Cali,Email,2023-04-12 09:32:40
4731,Lisa,Moore,lisa.moore368@example.com,42,F,Brazil,São Paulo,Organic,2022-04-04 15:17:36
4732,Andrew,Martinez,andrew.martinez264@example.com,39,M,Brazil,Salvador,Search,2023-12-28 13:28:48
4733,Patricia,Johnson,patricia.johnson143@example.com,36,F,United States,Miami,Email,2024-09-06 19:17:54
4734,Rebecca,Wilson,rebecca.wilson505@example.com,41,F,United States,New York,Organic,2023-11-01 23:49:33
4735,Patricia,Hernandez,patricia.hernandez509@example.com,18,F,Colombia,Bogotá,Display,2022-02-17 19:37:00
4736,Joshua,Martin,joshua.martin951@example.com,37,M,United States,Chicago,Search,2022-04-28 14:47:10
4737,Melissa,Lopez,melissa.lopez647@example.com,54,F,China,Shanghai,Organic,2022-10-28 18:34:16
4738,Susan,Thomas,susan.thomas453@example.com,37,F,Austria,Linz,Facebook,2022-11-21 22:33:26
4739,Jessica,Hernandez,jessica.hernandez372@example.com,36,F,United Kingdom,Edinburgh,Facebook,2022-05-15 04:36:30
4740,Thomas,Hernandez,thomas.hernandez262@example.com,27,M,China,Shanghai,Organic,2024-09-08 09:34:33
4741,Donna,Miller,donna.miller646@example.com,40,F,United States,Seattle,Facebook,2024-03-18 08:48:56
4742,Jennifer,Rodriguez,jennifer.rodriguez147@example.com,32,F,United States,Phoenix,Facebook,2024-04-19 12:25:11
4743,David,Garcia,david.garcia7@example.com,50,M,United States,Denver,Facebook,2024-11-20 20:11:52
4744,Kenneth,Martinez,kenneth.martinez900@example.com,24,M,United States,Phoenix,Organic,2024-08-11 05:49:22
4745,Amanda,Lee,amanda.lee34@example.com,29,F,United States,Seattle,Facebook,2022-07-07 07:28:48
4746,Linda,Miller,linda.miller230@example.com,27,F,United States,Boston,Organic,2022-01-25 01:50:04
4747,Matthew,Martinez,matthew.martinez558@example.com,57,M,United States,Los Angeles,Email,2024-03-09 18:41:03
4748,Matthew,Martin,matthew.martin194@example.com,32,M,United States,Houston,Facebook,2024-09-25 17:41:27
4749,Matthew,Brown,matthew.brown669@example.com,28,M,Austria,Graz,Organic,2024-02-07 15:03:58
4750,Elizabeth,Garcia,elizabeth.garcia551@example.com,18,F,United States,Los Angeles,Search,2024-07-31 21:07:49
4751,Emily,Martinez,emily.martinez75@example.com,24,F,Brazil,Salvador,Search,2023-10-29 08:48:56
4752,Kenneth,Rodriguez,kenneth.rodriguez461@example.com,41,M,Colombia,Bogotá,Organic,2023-05-11 05:50:34
4753,John,Miller,john.miller829@example.com,41,M,United States,Houston,Facebook,2022-05-23 10:14:36
4754,Paul,Taylor,paul.taylor385@example.com,27,M,China,Shanghai,Email,2024-01-08 13:53:37
4755,Robert,Martinez,robert.martinez677@example.com,27,M,South Korea,Daegu,Display,2022-11-16 13:16:00
4756,Donna,Davis,donna.davis578@example.com,57,F,United Kingdom,Leeds,Facebook,2022-10-25 19:59:31
4757,Linda,Martinez,linda.martinez460@example.com,67,F,United States,Phoenix,Facebook,2024-08-17 00:56:41
4758,David,Jackson,david.jackson569@example.com,48,M,Spain,Valencia,Facebook,2023-12-23 03:41:53
4759,Daniel,Lee,daniel.lee487@example.com,53,M,Germany,Hamburg,Organic,2023-05-03 04:53:15
4760,Joseph,Jones,joseph.jones69@example.com,56,M,Brazil,São Paulo,Facebook,2024-05-24 15:42:31
4761,Amanda,Smith,amanda.smith436@example.com,61,F,United States,Houston,Organic,2024-03-13 15:27:53
4762,Linda,Smith,linda.smith415@example.com,31,F,United States,Boston,Organic,2023-06-14 11:50:53
4763,Susan,Rodriguez,susan.rodriguez778@example.com,24,F,South Korea,Seoul,Display,2024-12-06 11:59:06
4764,Andrew,Wilson,andrew.wilson720@example.com,57,M,United States,Miami,Facebook,2022-01-31 23:01:39
4765,Elizabeth,Johnson,elizabeth.johnson573@example.com,23,F,United States,Los Angeles,Search,2023-06-24 22:51:49
4766,Matthew,Hernandez,matthew.hernandez381@example.com,22,M,United Kingdom,London,Organic,2023-04-01 21:33:23
4767,Elizabeth,Davis,elizabeth.davis629@example.com,22,F,Poland,Kraków,Display,2022-05-14 22:53:13
4768,Lisa,Martin,lisa.martin996@example.com,33,F,United States,Chicago,Search,2024-03-04 20:28:51
4769,Margaret,Wilson,margaret.wilson836@example.com,18,F,United States,Houston,Display,2022-04-20 23:01:54
4770,Susan,Rodriguez,susan.rodriguez235@example.com,18,F,Brazil,Curitiba,Display,2024-02-10 14:42:39
4771,Joshua,Lopez,joshua.lopez280@example.com,27,M,Germany,Cologne,Facebook,2024-04-05 20:52:21
4772,Linda,Williams,linda.williams496@example.com,20,F,China,Guangzhou,Organic,2023-06-17 12:03:19
4773,Matthew,Martinez,matthew.martinez660@example.com,47,M,Belgium,Brussels,Search,2022-09-25 12:43:42
4774,Robert,Miller,robert.miller673@example.com,35,M,United States,Boston,Search,2024-12-15 08:26:04
4775,Robert,Brown,robert.brown782@example.com,41,M,United States,Denver,Organic,2024-02-12 03:07:49
4776,Robert,Davis,robert.davis547@example.com,40,M,Brazil,São Paulo,Email,2022-05-09 03:57:55
4777,Anthony,Wilson,anthony.wilson823@example.com,32,M,United States,Houston,Display,2024-03-17 13:13:48
4778,Richard,Lopez,richard.lopez39@example.com,46,M,China,Guangzhou,Search,2022-06-23 07:48:48
4779,Rebecca,Lee,rebecca.lee217@example.com,40,F,Australia,Sydney,Organic,2023-11-14 06:50:28
4780,Anthony,Garcia,anthony.garcia513@example.com,31,M,United States,New York,Organic,2022-10-10 20:50:33
4781,Joseph,Anderson,joseph.anderson522@example.com,18,M,Japan,Yokohama,Organic,2023-11-27 01:40:24
4782,Jennifer,Lopez,jennifer.lopez965@example.com,41,F,United States,Houston,Organic,2024-05-29 21:09:38
4783,Rebecca,Jackson,rebecca.jackson659@example.com,19,F,United Kingdom,Birmingham,Display,2024-05-08 06:43:45
4784,Matthew,Martin,matthew.martin406@example.com,39,M,Brazil,Salvador,Organic,2024-04-15 06:51:53
4785,Robert,Thomas,robert.thomas586@example.com,35,M,United Kingdom,Birmingham,Search,2024-02-14 10:02:44
4786,Michelle,Rodriguez,michelle.rodriguez116@example.com,18,F,United States,Miami,Facebook,2024-04-26 04:10:52
4787,Patricia,Hernandez,patricia.hernandez391@example.com,38,F,Austria,Vienna,Search,2024-09-15 00:56:47
4788,Mark,Anderson,mark.anderson22@example.com,37,M,Belgium,Brussels,Display,2024-08-21 04:29:18
4789,Linda,Moore,linda.moore150@example.com,37,F,South Korea,Busan,Display,2024-04-25 14:41:41
4790,James,Jones,james.jones412@example.com,36,M,Belgium,Brussels,Search,2023-04-30 23:41:45
4791,David,Jackson,david.jackson5@example.com,27,M,United States,Houston,Facebook,2022-11-18 02:10:11
4792,Ashley,Moore,ashley.moore185@example.com,42,F,China,Guangzhou,Email,2022-12-15 20:05:51
4793,Melissa,Johnson,melissa.johnson893@example.com,26,F,United States,Los Angeles,Organic,2023-11-03 04:38:33
4794,Melissa,Garcia,melissa.garcia834@example.com,22,F,Belgium,Brussels,Organic,2023-10-20 10:02:30
4795,Joshua,Jones,joshua.jones568@example.com,43,M,United States,Chicago,Display,2023-04-13 18:48:50
4796,Richard,Lopez,richard.lopez951@example.com,46,M,United States,Houston,Search,2023-03-25 19:25:44
4797,Richard,Jones,richard.jones31@example.com,42,M,Germany,Berlin,Organic,2024-03-05 02:11:58
4798,James,Miller,james.miller939@example.com,32,M,United States,Los Angeles,Search,2023-07-28 14:31:52
4799,David,Brown,david.brown496@example.com,18,M,Spain,Valencia,Organic,2022-01-21 14:57:20
4800,Melissa,Johnson,melissa.johnson374@example.com,52,F,United States,Los Angeles,Email,2022-06-03 12:54:40
4801,Nancy,Martinez,nancy.martinez790@example.com,18,F,Germany,Berlin,Facebook,2022-12-29 15:52:06
4802,Rebecca,Miller,rebecca.miller454@example.com,42,F,Colombia,Barranquilla,Facebook,2023-03-11 00:55:56
4803,Daniel,Hernandez,daniel.hernandez601@example.com,60,M,France,Paris,Search,2024-03-13 04:23:53
4804,Robert,Jones,robert.jones315@example.com,36,M,United States,New York,Email,2023-06-02 12:49:21
4805,Amanda,Garcia,amanda.garcia524@example.com,38,F,United States,New York,Search,2023-04-13 05:28:03
4806,Steven,Jackson,steven.jackson129@example.com,39,M,United States,San Francisco,Organic,2022-04-06 17:56:04
4807,Donna,Moore,donna.moore215@example.com,37,F,United States,Seattle,Search,2022-03-08 22:45:15
4808,Matthew,Garcia,matthew.garcia558@example.com,63,M,United Kingdom,Leeds,Organic,2024-12-24 23:20:07
4809,Susan,Brown,susan.brown942@example.com,24,F,United States,Seattle,Facebook,2024-08-01 01:14:03
4810,Amanda,Lee,amanda.lee186@example.com,23,F,United States,New York,Organic,2022-02-11 09:00:50
4811,Sarah,Anderson,sarah.anderson578@example.com,31,F,United States,Houston,Organic,2023-05-12 23:36:26
4812,Elizabeth,Martinez,elizabeth.martinez60@example.com,55,F,Austria,Linz,Organic,2024-10-03 20:52:13
4813,Donna,Anderson,donna.anderson506@example.com,28,F,United States,Seattle,Facebook,2024-02-19 16:42:49
4814,Richard,Jones,richard.jones848@example.com,40,M,United States,Houston,Organic,2022-03-29 19:36:27
4815,Lisa,Rodriguez,lisa.rodriguez339@example.com,47,F,China,Chengdu,Email,2023-04-15 23:47:33
4816,Stephanie,Davis,stephanie.davis797@example.com,44,F,United States,Denver,Search,2024-07-29 22:20:31
4817,Linda,Thomas,linda.thomas393@example.com,47,F,Poland,Wrocław,Search,2022-11-24 19:05:12
4818,Paul,Brown,paul.brown925@example.com,52,M,United States,Miami,Search,2023-08-24 07:47:38
4819,Mark,Martinez,mark.martinez628@example.com,38,M,Germany,Cologne,Search,2022-12-20 13:02:27
4820,Michelle,Moore,michelle.moore327@example.com,29,F,France,Toulouse,Organic,2022-08-03 23:40:49
4821,Lisa,Brown,lisa.brown265@example.com,36,F,Australia,Brisbane,Search,2024-07-30 16:31:56
4822,David,Williams,david.williams869@example.com,30,M,Germany,Munich,Search,2022-09-11 07:18:36
4823,William,Moore,william.moore480@example.com,65,M,Japan,Osaka,Search,2023-10-01 10:27:44
4824,Mark,Jackson,mark.jackson398@example.com,28,M,Brazil,Curitiba,Organic,2023-01-21 00:16:03
4825,Paul,Rodriguez,paul.rodriguez586@example.com,40,M,China,Beijing,Facebook,2023-11-03 11:28:21
4826,Robert,Smith,robert.smith73@example.com,18,M,Spain,Seville,Organic,2024-05-19 10:55:01
4827,Michael,Hernandez,michael.hernandez184@example.com,36,M,United Kingdom,Birmingham,Display,2023-08-29 02:19:47
4828,Charles,Garcia,charles.garcia457@example.com,31,M,United Kingdom,Manchester,Search,2022-06-11 03:00:09
4829,Mary,Lopez,mary.lopez291@example.com,43,F,United States,Phoenix,Organic,2022-11-11 17:39:06
4830,James,Williams,james.williams553@example.com,43,M,United States,New York,Search,2022-09-23 05:50:30
4831,Joshua,Moore,joshua.moore348@example.com,52,M,Brazil,Salvador,Email,2024-01-25 03:34:22
4832,Michael,Anderson,michael.anderson432@example.com,51,M,United States,New York,Search,2024-01-29 11:34:33
4833,David,Wilson,david.wilson778@example.com,34,M,Brazil,São Paulo,Display,2022-06-06 23:00:45
4834,Linda,Hernandez,linda.hernandez784@example.com,23,F,United States,Chicago,Facebook,2023-11-04 07:41:31
4835,Nancy,Jones,nancy.jones292@example.com,25,F,United Kingdom,Birmingham,Facebook,2023-05-24 02:39:21
4836,Joshua,Martin,joshua.martin352@example.com,38,M,Spain,Barcelona,Organic,2023-04-06 19:16:11
4837,James,Garcia,james.garcia639@example.com,36,M,United Kingdom,Edinburgh,Organic,2024-07-28 14:24:31
4838,James,Davis,james.davis920@example.com,38,M,Spain,Bilbao,Search,2022-03-08 06:53:31
4839,Charles,Martin,charles.martin544@example.com,28,M,United States,Houston,Display,2024-03-06 07:50:37
4840,Matthew,Smith,matthew.smith75@example.com,52,M,United States,Boston,Email,2023-09-04 13:20:53
4841,David,Williams,david.williams595@example.com,18,M,Spain,Madrid,Search,2022-10-11 01:23:14
4842,Anthony,Taylor,anthony.taylor719@example.com,27,M,Australia,Sydney,Search,2022-09-08 23:56:05
4843,Sarah,Davis,sarah.davis935@example.com,22,F,Spain,Barcelona,Organic,2022-06-29 04:22:56
4844,Kenneth,Lopez,kenneth.lopez928@example.com,32,M,Germany,Cologne,Email,2023-11-02 05:59:47
4845,Michael,Lopez,michael.lopez690@example.com,49,M,Spain,Valencia,Organic,2023-12-19 09:46:27
4846,Elizabeth,Moore,elizabeth.moore553@example.com,31,F,Spain,Seville,Facebook,2022-10-28 14:16:41
4847,Daniel,Wilson,daniel.wilson168@example.com,36,M,Spain,Seville,Search,2023-02-22 19:13:43
4848,Robert,Rodriguez,robert.rodriguez877@example.com,42,M,Spain,Valencia,Display,2024-12-09 11:05:51
4849,Anthony,Hernandez,anthony.hernandez476@example.com,30,M,United States,Boston,Search,2024-02-12 00:18:49
4850,Robert,Thomas,robert.thomas691@example.com,39,M,United States,Boston,Organic,2023-10-09 16:48:34
4851,Daniel,Davis,daniel.davis734@example.com,38,M,Brazil,Brasília,Display,2022-05-11 20:15:24
4852,Elizabeth,Brown,elizabeth.brown15@example.com,21,F,United Kingdom,Leeds,Facebook,2023-09-18 13:54:35
4853,Ashley,Martinez,ashley.martinez373@example.com,29,F,Japan,Yokohama,Organic,2023-03-07 17:25:36
4854,William,Lee,william.lee670@example.com,39,M,United States,San Francisco,Email,2024-07-05 06:16:23
4855,David,Williams,david.williams473@example.com,50,M,United States,Los Angeles,Search,2022-07-30 10:56:38
4856,Sarah,Brown,sarah.brown656@example.com,50,F,Australia,Melbourne,Search,2024-12-23 12:22:13
4857,Patricia,Lee,patricia.lee562@example.com,60,F,United States,Boston,Search,2024-10-27 19:54:48
4858,Kenneth,Moore,kenneth.moore1@example.com,40,M,South Korea,Busan,Search,2024-05-03 04:38:23
4859,Daniel,Williams,daniel.williams306@example.com,30,M,United States,Seattle,Facebook,2023-07-03 03:27:51
4860,Kenneth,Jones,kenneth.jones409@example.com,34,M,Brazil,Curitiba,Organic,2023-10-13 07:34:25
4861,Jennifer,Anderson,jennifer.anderson384@example.com,33,F,Brazil,Salvador,Organic,2024-09-19 08:02:59
4862,David,Taylor,david.taylor39@example.com,30,M,United States,Chicago,Email,2024-08-03 13:25:53
4863,Matthew,Thomas,matthew.thomas19@example.com,39,M,United States,Denver,Organic,2024-06-04 21:41:16
4864,Steven,Jackson,steven.jackson293@example.com,40,M,United States,New York,Search,2022-07-18 10:10:27
4865,John,Hernandez,john.hernandez850@example.com,20,M,United States,Miami,Organic,2023-03-23 13:39:28
4866,Mark,Jackson,mark.jackson985@example.com,48,M,United States,Chicago,Email,2024-04-16 19:56:52
4867,Nancy,Lopez,nancy.lopez836@example.com,18,F,Australia,Perth,Organic,2022-05-17 04:09:50
4868,Sarah,Martinez,sarah.martinez939@example.com,32,F,United States,Phoenix,Display,2024-01-15 11:44:32
4869,Joshua,Wilson,joshua.wilson925@example.com,48,M,Brazil,Brasília,Email,2023-01-28 08:05:24
4870,David,Rodriguez,david.rodriguez684@example.com,42,M,United States,Houston,Email,2023-09-09 18:14:18
4871,Jessica,Wilson,jessica.wilson123@example.com,30,F,Poland,Łódź,Email,2024-10-02 05:12:04
4872,William,Moore,william.moore367@example.com,58,M,Australia,Adelaide,Facebook,2024-08-07 02:21:06
4873,Daniel,Lee,daniel.lee735@example.com,29,M,Mexico,Puebla,Display,2023-02-07 17:49:52
4874,Joseph,Lopez,joseph.lopez396@example.com,18,M,Poland,Kraków,Facebook,2024-02-17 01:47:22
4875,Lisa,Smith,lisa.smith269@example.com,40,F,United States,Boston,Organic,2022-01-12 23:03:39
4876,Donna,Wilson,donna.wilson39@example.com,18,F,Spain,Bilbao,Search,2024-02-24 19:45:19
4877,Susan,Garcia,susan.garcia338@example.com,25,F,United States,Seattle,Email,2022-05-31 22:59:01
4878,Patricia,Jones,patricia.jones338@example.com,42,F,Belgium,Ghent,Organic,2024-09-23 04:00:20
4879,Paul,Jackson,paul.jackson813@example.com,29,M,Brazil,São Paulo,Email,2022-11-23 07:26:06
4880,David,Rodriguez,david.rodriguez783@example.com,41,M,Brazil,Brasília,Display,2024-02-05 20:32:56
4881,Kenneth,Taylor,kenneth.taylor113@example.com,21,M,Poland,Warsaw,Organic,2023-12-31 17:20:47
4882,Patricia,Davis,patricia.davis519@example.com,45,F,South Korea,Seoul,Organic,2022-10-07 16:32:25
4883,Stephanie,Wilson,stephanie.wilson902@example.com,18,F,Austria,Salzburg,Search,2024-07-06 23:14:48
4884,Michael,Anderson,michael.anderson476@example.com,50,M,United States,Chicago,Organic,2022-07-21 01:40:14
4885,Susan,Jackson,susan.jackson955@example.com,29,F,United States,Seattle,Facebook,2024-09-12 19:48:02
4886,David,Brown,david.brown91@example.com,53,M,United States,Denver,Organic,2023-07-16 22:48:45
4887,Mark,Lopez,mark.lopez322@example.com,24,M,Brazil,Brasília,Organic,2023-05-26 22:04:56
4888,John,Rodriguez,john.rodriguez918@example.com,58,M,China,Guangzhou,Organic,2022-09-15 05:29:29
4889,Jessica,Martinez,jessica.martinez715@example.com,23,F,United States,Miami,Search,2022-01-10 08:05:11
4890,Patricia,Moore,patricia.moore283@example.com,18,F,Australia,Brisbane,Search,2024-02-06 02:25:46
4891,Rebecca,Williams,rebecca.williams890@example.com,35,F,United States,Boston,Search,2024-03-12 22:39:21
4892,Stephanie,Hernandez,stephanie.hernandez383@example.com,49,F,Spain,Bilbao,Email,2024-07-11 18:24:28
4893,Melissa,Davis,melissa.davis791@example.com,44,F,Colombia,Medellín,Search,2024-11-21 20:07:47
4894,Jessica,Jackson,jessica.jackson331@example.com,48,F,France,Nice,Search,2022-11-16 12:55:28
4895,Rebecca,Jones,rebecca.jones339@example.com,44,F,Brazil,São Paulo,Organic,2023-09-14 01:17:33
4896,Joshua,Jones,joshua.jones329@example.com,25,M,United States,Los Angeles,Facebook,2024-09-27 06:06:27
4897,Amanda,Johnson,amanda.johnson365@example.com,44,F,United States,San Francisco,Email,2023-09-13 22:18:16
4898,Jennifer,Rodriguez,jennifer.rodriguez599@example.com,36,F,Japan,Yokohama,Organic,2024-03-28 20:37:38
4899,Jessica,Smith,jessica.smith808@example.com,26,F,China,Shenzhen,Facebook,2024-02-21 07:04:09
4900,Steven,Hernandez,steven.hernandez626@example.com,37,M,United States,Miami,Facebook,2024-12-18 00:20:35
4901,Rebecca,Jones,rebecca.jones26@example.com,34,F,Mexico,Guadalajara,Email,2023-01-08 20:42:40
4902,Susan,Rodriguez,susan.rodriguez598@example.com,51,F,Germany,Cologne,Facebook,2022-08-06 13:56:57
4903,Charles,Wilson,charles.wilson431@example.com,28,M,South Korea,Daejeon,Facebook,2024-09-29 17:18:38
4904,Amanda,Anderson,amanda.anderson69@example.com,28,F,China,Shanghai,Search,2023-05-21 09:27:24
4905,Steven,Johnson,steven.johnson330@example.com,26,M,Austria,Graz,Organic,2022-08-01 10:15:22
4906,Daniel,Williams,daniel.williams968@example.com,57,M,United States,Chicago,Email,2023-12-03 03:17:31
4907,Robert,Miller,robert.miller348@example.com,27,M,United States,Seattle,Search,2024-07-21 11:48:08
4908,Mary,Hernandez,mary.hernandez713@example.com,50,F,Belgium,Antwerp,Organic,2024-04-15 09:28:23
4909,Susan,Jackson,susan.jackson200@example.com,22,F,Belgium,Antwerp,Facebook,2023-01-03 23:26:05
4910,Michael,Williams,michael.williams881@example.com,41,M,China,Beijing,Display,2024-09-25 13:35:27
4911,Mary,Johnson,mary.johnson813@example.com,38,F,United States,Houston,Search,2022-02-14 01:20:36
4912,David,Wilson,david.wilson160@example.com,49,M,United States,Los Angeles,Email,2024-09-02 22:34:35
4913,Anthony,Lee,anthony.lee690@example.com,48,M,Japan,Tokyo,Search,2022-07-20 14:11:43
4914,Mary,Moore,mary.moore931@example.com,35,F,South Korea,Daegu,Email,2022-09-16 13:17:02
4915,Elizabeth,Lopez,elizabeth.lopez903@example.com,28,F,United States,Boston,Email,2022-12-11 03:40:10
4916,Ashley,Smith,ashley.smith721@example.com,54,F,United States,San Francisco,Email,2023-04-08 14:32:27
4917,Margaret,Lopez,margaret.lopez729@example.com,27,F,Germany,Cologne,Display,2022-02-22 09:07:57
4918,Elizabeth,Martinez,elizabeth.martinez500@example.com,18,F,Spain,Madrid,Display,2024-02-26 13:03:08
4919,Steven,Rodriguez,steven.rodriguez149@example.com,18,M,Brazil,Curitiba,Display,2022-05-24 17:09:15
4920,Daniel,Martinez,daniel.martinez24@example.com,18,M,France,Marseille,Organic,2022-05-25 21:13:05
4921,William,Lopez,william.lopez293@example.com,42,M,Mexico,Monterrey,Organic,2022-01-06 07:47:19
4922,Margaret,Thomas,margaret.thomas253@example.com,61,F,United States,New York,Search,2024-11-16 12:07:06
4923,Patricia,Brown,patricia.brown912@example.com,18,F,United Kingdom,Leeds,Search,2022-02-22 18:10:55
4924,Elizabeth,Johnson,elizabeth.johnson838@example.com,25,F,France,Lyon,Facebook,2024-03-28 21:55:07
4925,James,Johnson,james.johnson324@example.com,36,M,United Kingdom,Edinburgh,Search,2023-11-26 01:09:44
4926,Thomas,Rodriguez,thomas.rodriguez379@example.com,53,M,Colombia,Barranquilla,Display,2024-06-26 13:57:52
4927,Michelle,Hernandez,michelle.hernandez742@example.com,25,F,France,Nice,Search,2023-05-09 00:58:43
4928,Nancy,Taylor,nancy.taylor677@example.com,42,F,China,Chengdu,Search,2024-09-20 15:38:18
4929,Steven,Rodriguez,steven.rodriguez885@example.com,31,M,United States,Miami,Search,2023-06-01 10:17:02
4930,William,Hernandez,william.hernandez730@example.com,66,M,Spain,Barcelona,Search,2022-07-14 20:34:30
4931,Daniel,Lee,daniel.lee691@example.com,36,M,United States,Chicago,Search,2024-09-14 23:46:18
4932,Michael,Thomas,michael.thomas775@example.com,39,M,United States,Denver,Facebook,2023-04-08 05:36:08
4933,Charles,Anderson,charles.anderson893@example.com,36,M,China,Guangzhou,Search,2022-01-07 19:14:19
4934,Daniel,Davis,daniel.davis382@example.com,30,M,United Kingdom,Edinburgh,Email,2023-12-15 13:52:54
4935,Patricia,Brown,patricia.brown251@example.com,46,F,Mexico,Puebla,Organic,2022-12-18 04:20:29
4936,Thomas,Martin,thomas.martin909@example.com,21,M,Spain,Seville,Facebook,2024-06-19 14:16:41
4937,Thomas,Lopez,thomas.lopez162@example.com,18,M,South Korea,Seoul,Facebook,2022-06-17 18:31:33
4938,Paul,Johnson,paul.johnson292@example.com,33,M,United States,Boston,Search,2024-03-19 02:45:21
4939,Susan,Martinez,susan.martinez136@example.com,44,F,China,Beijing,Search,2024-06-28 05:26:02
4940,James,Johnson,james.johnson835@example.com,28,M,Mexico,Mexico City,Email,2022-05-14 01:50:14
4941,Steven,Lee,steven.lee916@example.com,37,M,Brazil,São Paulo,Facebook,2023-10-03 11:28:09
4942,Anthony,Hernandez,anthony.hernandez424@example.com,20,M,Australia,Sydney,Search,2023-12-09 00:15:32
4943,Patricia,Taylor,patricia.taylor100@example.com,47,F,United Kingdom,Manchester,Facebook,2024-10-06 13:58:55
4944,Linda,Martinez,linda.martinez234@example.com,42,F,United States,Denver,Organic,2022-11-18 23:43:51
4945,Michael,Smith,michael.smith578@example.com,35,M,France,Nice,Search,2023-06-17 20:59:09
4946,Kevin,Wilson,kevin.wilson343@example.com,37,M,United States,Phoenix,Search,2023-03-22 02:45:44
4947,Kevin,Anderson,kevin.anderson749@example.com,18,M,United States,Houston,Email,2023-02-14 06:01:28
4948,Melissa,Jones,melissa.jones798@example.com,18,F,United States,Houston,Organic,2024-12-24 16:21:39
4949,Linda,Thomas,linda.thomas436@example.com,33,F,United States,Boston,Organic,2023-12-20 02:09:47
4950,William,Jones,william.jones614@example.com,41,M,Brazil,São Paulo,Search,2022-06-21 23:25:36
4951,Kevin,Anderson,kevin.anderson64@example.com,41,M,Belgium,Brussels,Search,2024-08-04 07:32:33
4952,Patricia,Thomas,patricia.thomas137@example.com,30,F,Brazil,São Paulo,Search,2022-04-25 07:07:13
4953,Michelle,Williams,michelle.williams336@example.com,43,F,South Korea,Daejeon,Organic,2024-08-18 01:23:11
4954,Anthony,Garcia,anthony.garcia124@example.com,52,M,United Kingdom,London,Email,2023-03-25 00:18:27
4955,William,Brown,william.brown15@example.com,33,M,United States,Boston,Email,2024-01-11 12:46:10
4956,James,Thomas,james.thomas686@example.com,38,M,United States,Los Angeles,Search,2024-08-04 05:17:06
4957,Nancy,Jones,nancy.jones24@example.com,32,F,Poland,Łódź,Search,2024-08-12 07:45:29
4958,Jessica,Wilson,jessica.wilson240@example.com,33,F,France,Nice,Search,2022-06-27 14:50:00
4959,Rebecca,Rodriguez,rebecca.rodriguez720@example.com,37,F,Poland,Warsaw,Email,2023-03-20 23:38:01
4960,Emily,Johnson,emily.johnson209@example.com,55,F,United States,Chicago,Organic,2022-03-29 13:09:36
4961,Michael,Jackson,michael.jackson228@example.com,45,M,Spain,Seville,Email,2023-12-06 10:08:17
4962,Matthew,Thomas,matthew.thomas749@example.com,44,M,Japan,Nagoya,Organic,2023-04-04 15:20:59
4963,William,Garcia,william.garcia23@example.com,29,M,Mexico,Puebla,Facebook,2024-12-29 07:42:15
4964,Amanda,Jackson,amanda.jackson323@example.com,24,F,United States,New York,Facebook,2023-11-24 08:47:36
4965,Michelle,Thomas,michelle.thomas535@example.com,39,F,Austria,Salzburg,Facebook,2023-04-26 09:21:16
4966,Joshua,Moore,joshua.moore69@example.com,49,M,Brazil,Rio de Janeiro,Organic,2022-06-19 09:19:08
4967,Andrew,Brown,andrew.brown651@example.com,55,M,South Korea,Incheon,Search,2022-11-11 16:28:06
4968,Emily,Smith,emily.smith424@example.com,18,F,United Kingdom,Edinburgh,Organic,2024-05-31 00:35:41
4969,Patricia,Johnson,patricia.johnson310@example.com,64,F,United Kingdom,Edinburgh,Display,2022-06-06 23:25:39
4970,Melissa,Hernandez,melissa.hernandez569@example.com,40,F,Brazil,São Paulo,Search,2024-07-15 06:40:10
4971,Robert,Taylor,robert.taylor39@example.com,45,M,South Korea,Incheon,Facebook,2023-10-22 10:49:41
4972,Emily,Martin,emily.martin601@example.com,18,F,United States,Chicago,Display,2023-07-27 05:49:15
4973,Elizabeth,Lee,elizabeth.lee463@example.com,32,F,China,Guangzhou,Facebook,2023-06-06 22:59:26
4974,Melissa,Lopez,melissa.lopez59@example.com,44,F,United Kingdom,Edinburgh,Organic,2022-02-03 08:35:24
4975,Donna,Wilson,donna.wilson785@example.com,20,F,Japan,Osaka,Search,2022-09-05 13:20:09
4976,Amanda,Garcia,amanda.garcia453@example.com,18,F,China,Shanghai,Email,2023-07-20 03:10:04
4977,Emily,Smith,emily.smith69@example.com,39,F,Germany,Berlin,Display,2023-06-16 08:26:50
4978,Margaret,Brown,margaret.brown359@example.com,34,F,China,Shanghai,Display,2022-08-23 12:42:34
4979,Thomas,Johnson,thomas.johnson744@example.com,52,M,Germany,Munich,Search,2024-05-29 02:30:01
4980,Michael,Anderson,michael.anderson449@example.com,33,M,Germany,Cologne,Display,2023-05-04 11:25:45
4981,Nancy,Hernandez,nancy.hernandez387@example.com,33,F,Spain,Barcelona,Organic,2023-03-01 17:25:03
4982,Susan,Taylor,susan.taylor42@example.com,43,F,South Korea,Incheon,Facebook,2024-04-11 21:53:39
4983,Daniel,Williams,daniel.williams65@example.com,47,M,United Kingdom,Leeds,Search,2022-06-13 01:05:58
4984,Kenneth,Martin,kenneth.martin296@example.com,26,M,United States,Seattle,Search,2022-03-01 14:07:39
4985,Lisa,Thomas,lisa.thomas271@example.com,46,F,Germany,Munich,Facebook,2022-12-20 09:35:52
4986,Patricia,Martin,patricia.martin643@example.com,28,F,United States,Los Angeles,Organic,2022-01-01 03:59:43
4987,Amanda,Wilson,amanda.wilson470@example.com,35,F,United States,Los Angeles,Display,2023-02-11 11:00:19
4988,James,Miller,james.miller126@example.com,43,M,Australia,Melbourne,Search,2022-05-27 03:02:30
4989,Emily,Wilson,emily.wilson651@example.com,45,F,China,Shanghai,Email,2023-12-24 05:36:53
4990,Jessica,Wilson,jessica.wilson958@example.com,38,F,China,Shenzhen,Organic,2022-02-19 16:18:20
4991,Thomas,Brown,thomas.brown857@example.com,22,M,Mexico,Monterrey,Search,2022-08-15 02:31:42
4992,Joseph,Williams,joseph.williams992@example.com,18,M,United States,Seattle,Search,2022-10-13 03:50:22
4993,Susan,Anderson,susan.anderson480@example.com,32,F,United States,Boston,Email,2023-10-16 02:19:00
4994,Joseph,Johnson,joseph.johnson360@example.com,46,M,United States,Chicago,Email,2023-03-19 16:09:52
4995,Rebecca,Williams,rebecca.williams56@example.com,40,F,United States,Seattle,Search,2024-04-21 10:23:52
4996,Rebecca,Johnson,rebecca.johnson680@example.com,37,F,Spain,Bilbao,Organic,2024-05-03 18:44:19
4997,Emily,Wilson,emily.wilson440@example.com,34,F,Japan,Tokyo,Organic,2023-02-26 18:42:56
4998,Michael,Martin,michael.martin635@example.com,38,M,United Kingdom,Leeds,Facebook,2022-02-03 04:59:58
4999,Elizabeth,Martinez,elizabeth.martinez301@example.com,23,F,United States,New York,Facebook,2024-11-17 12:37:14
5000,Mark,Brown,mark.brown167@example.com,44,M,United Kingdom,Birmingham,Email,2023-01-20 08:01:16
